{
  "ticker": "AMD",
  "horizon": 1,
  "model_type": "rf",
  "target_type": "classification",
  "class_threshold": 0.0005,
  "return_proxy_scale": 0.025376872839494677,
  "use_stationary": true,
  "use_news": false,
  "n_features": 14,
  "feature_names": [
    "LogReturn",
    "VolLogDiff",
    "RelRange",
    "RelOpen",
    "RelMACD",
    "RSI_Centered",
    "RelATR",
    "BB_Width",
    "BB_Upper_Dist",
    "BB_Lower_Dist",
    "SMA_Trend",
    "RelVWAP",
    "MACD_Signal_Rel",
    "MACD_Hist_Rel"
  ],
  "train_samples": 1451,
  "val_samples": 310,
  "test_samples": 312,
  "seed": 42,
  "timestamp": "2026-04-18T13:44:26.145875",
  "val_mse": 0.0008876426224704694,
  "val_mae": 0.021775202154979342,
  "val_r2": -0.016127812936915564,
  "test_mse": 0.0014441786271067725,
  "test_mae": 0.025956380730311555,
  "test_r2": -0.0022916263230952083,
  "val_class_accuracy": 0.41935483870967744,
  "test_class_accuracy": 0.46153846153846156
}