{
  "ticker": "AAPL",
  "horizon": 1,
  "model_type": "xgb",
  "target_type": "classification",
  "class_threshold": 0.0005,
  "return_proxy_scale": 0.014349135697366204,
  "use_stationary": true,
  "use_news": false,
  "n_features": 14,
  "feature_names": [
    "LogReturn",
    "VolLogDiff",
    "RelRange",
    "RelOpen",
    "RelMACD",
    "RSI_Centered",
    "RelATR",
    "BB_Width",
    "BB_Upper_Dist",
    "BB_Lower_Dist",
    "SMA_Trend",
    "RelVWAP",
    "MACD_Signal_Rel",
    "MACD_Hist_Rel"
  ],
  "train_samples": 1451,
  "val_samples": 310,
  "test_samples": 312,
  "seed": 42,
  "timestamp": "2026-04-18T13:31:49.206106",
  "val_mse": 0.00018979514411488767,
  "val_mae": 0.010420778019892376,
  "val_r2": -0.032326496659393245,
  "test_mse": 0.00039684801746296786,
  "test_mae": 0.013002180186407685,
  "test_r2": -0.060296169422134005,
  "val_class_accuracy": 0.4258064516129032,
  "test_class_accuracy": 0.4358974358974359
}