{
  "ticker": "NVDA",
  "horizon": 1,
  "model_type": "rf",
  "target_type": "classification",
  "class_threshold": 0.0005,
  "return_proxy_scale": 0.023705767182331094,
  "use_stationary": true,
  "use_news": false,
  "n_features": 14,
  "feature_names": [
    "LogReturn",
    "VolLogDiff",
    "RelRange",
    "RelOpen",
    "RelMACD",
    "RSI_Centered",
    "RelATR",
    "BB_Width",
    "BB_Upper_Dist",
    "BB_Lower_Dist",
    "SMA_Trend",
    "RelVWAP",
    "MACD_Signal_Rel",
    "MACD_Hist_Rel"
  ],
  "train_samples": 1451,
  "val_samples": 310,
  "test_samples": 312,
  "seed": 42,
  "timestamp": "2026-04-18T13:31:51.689734",
  "val_mse": 0.0009611978813289166,
  "val_mae": 0.023279691724932175,
  "val_r2": -0.00629610467056696,
  "test_mse": 0.0008972235027117964,
  "test_mae": 0.020768960706288014,
  "test_r2": -0.009249730506501352,
  "val_class_accuracy": 0.4870967741935484,
  "test_class_accuracy": 0.4967948717948718
}