{
  "ticker": "NVDA",
  "horizon": 1,
  "model_type": "xgb",
  "target_type": "classification",
  "class_threshold": 0.0005,
  "return_proxy_scale": 0.023705767182331094,
  "use_stationary": true,
  "use_news": false,
  "n_features": 14,
  "feature_names": [
    "LogReturn",
    "VolLogDiff",
    "RelRange",
    "RelOpen",
    "RelMACD",
    "RSI_Centered",
    "RelATR",
    "BB_Width",
    "BB_Upper_Dist",
    "BB_Lower_Dist",
    "SMA_Trend",
    "RelVWAP",
    "MACD_Signal_Rel",
    "MACD_Hist_Rel"
  ],
  "train_samples": 1451,
  "val_samples": 310,
  "test_samples": 312,
  "seed": 42,
  "timestamp": "2026-04-18T13:31:54.597642",
  "val_mse": 0.0010072684149307672,
  "val_mae": 0.024164329561669255,
  "val_r2": -0.05452821109129724,
  "test_mse": 0.0009310422925121881,
  "test_mae": 0.021775638521897168,
  "test_r2": -0.04729109298635259,
  "val_class_accuracy": 0.4935483870967742,
  "test_class_accuracy": 0.4326923076923077
}