{
  "ticker": "AAPL",
  "horizon": 1,
  "model_type": "rf",
  "target_type": "classification",
  "class_threshold": 0.0005,
  "return_proxy_scale": 0.014349135697366204,
  "use_stationary": true,
  "use_news": false,
  "n_features": 14,
  "feature_names": [
    "LogReturn",
    "VolLogDiff",
    "RelRange",
    "RelOpen",
    "RelMACD",
    "RSI_Centered",
    "RelATR",
    "BB_Width",
    "BB_Upper_Dist",
    "BB_Lower_Dist",
    "SMA_Trend",
    "RelVWAP",
    "MACD_Signal_Rel",
    "MACD_Hist_Rel"
  ],
  "train_samples": 1451,
  "val_samples": 310,
  "test_samples": 312,
  "seed": 42,
  "timestamp": "2026-04-18T13:31:46.172433",
  "val_mse": 0.00018422346168742976,
  "val_mae": 0.00999436254616704,
  "val_r2": -0.002021214468640009,
  "test_mse": 0.00037543807973540764,
  "test_mae": 0.01254011581384319,
  "test_r2": -0.00309322531969336,
  "val_class_accuracy": 0.4064516129032258,
  "test_class_accuracy": 0.41025641025641024
}