{
  "ticker": "AAPL",
  "horizon": 1,
  "model_type": "linear",
  "use_stationary": true,
  "use_news": false,
  "n_features": 14,
  "feature_names": [
    "LogReturn",
    "VolLogDiff",
    "RelRange",
    "RelOpen",
    "RelMACD",
    "RSI_Centered",
    "RelATR",
    "BB_Width",
    "BB_Upper_Dist",
    "BB_Lower_Dist",
    "SMA_Trend",
    "RelVWAP",
    "MACD_Signal_Rel",
    "MACD_Hist_Rel"
  ],
  "train_samples": 1451,
  "val_samples": 311,
  "test_samples": 311,
  "seed": 42,
  "timestamp": "2026-04-18T13:44:01.808717",
  "val_mse": 0.00018626102321192282,
  "val_mae": 0.009974925616534241,
  "val_r2": -0.01621100506327222,
  "test_mse": 0.00038777725048074976,
  "test_mae": 0.012666630999409527,
  "test_r2": -0.032781878723445734
}