{
  "ticker": "AMD",
  "horizon": 1,
  "model_type": "xgb",
  "target_type": "classification",
  "class_threshold": 0.0005,
  "return_proxy_scale": 0.025376872839494677,
  "use_stationary": true,
  "use_news": false,
  "n_features": 14,
  "feature_names": [
    "LogReturn",
    "VolLogDiff",
    "RelRange",
    "RelOpen",
    "RelMACD",
    "RSI_Centered",
    "RelATR",
    "BB_Width",
    "BB_Upper_Dist",
    "BB_Lower_Dist",
    "SMA_Trend",
    "RelVWAP",
    "MACD_Signal_Rel",
    "MACD_Hist_Rel"
  ],
  "train_samples": 1451,
  "val_samples": 310,
  "test_samples": 312,
  "seed": 42,
  "timestamp": "2026-04-18T13:31:59.731348",
  "val_mse": 0.0009523037994049331,
  "val_mae": 0.02293039347609839,
  "val_r2": -0.0901486166219363,
  "test_mse": 0.0014843633142538565,
  "test_mae": 0.026527863396175695,
  "test_r2": -0.03018068012707298,
  "val_class_accuracy": 0.43870967741935485,
  "test_class_accuracy": 0.4583333333333333
}