{
  "ticker": "NVDA",
  "horizon": 1,
  "model_type": "xgb",
  "target_mode": "raw",
  "use_stationary": true,
  "use_news": false,
  "n_features": 14,
  "feature_names": [
    "LogReturn",
    "VolLogDiff",
    "RelRange",
    "RelOpen",
    "RelMACD",
    "RSI_Centered",
    "RelATR",
    "BB_Width",
    "BB_Upper_Dist",
    "BB_Lower_Dist",
    "SMA_Trend",
    "RelVWAP",
    "MACD_Signal_Rel",
    "MACD_Hist_Rel"
  ],
  "train_ratio": 0.7,
  "val_ratio": 0.15,
  "test_ratio": 0.15000000000000005,
  "train_samples": 1451,
  "val_samples": 311,
  "test_samples": 311,
  "seed": 42,
  "timestamp": "2026-04-19T21:41:14.179747",
  "val_mse": 0.0010343364027446224,
  "val_mae": 0.024715535799926167,
  "val_r2": -0.08054759713135917,
  "test_mse": 0.0010619417221191258,
  "test_mae": 0.02343173136230271,
  "test_r2": -0.19863890408006823
}