{
  "ticker": "AMD",
  "horizon": 2,
  "model_type": "rf",
  "target_mode": "raw",
  "use_stationary": true,
  "use_news": false,
  "n_features": 14,
  "feature_names": [
    "LogReturn",
    "VolLogDiff",
    "RelRange",
    "RelOpen",
    "RelMACD",
    "RSI_Centered",
    "RelATR",
    "BB_Width",
    "BB_Upper_Dist",
    "BB_Lower_Dist",
    "SMA_Trend",
    "RelVWAP",
    "MACD_Signal_Rel",
    "MACD_Hist_Rel"
  ],
  "train_ratio": 0.7,
  "val_ratio": 0.15,
  "test_ratio": 0.15000000000000005,
  "train_samples": 1451,
  "val_samples": 311,
  "test_samples": 310,
  "seed": 42,
  "timestamp": "2026-04-19T21:40:54.147633",
  "val_mse": 0.0019043749462053254,
  "val_mae": 0.033698382723410886,
  "val_r2": -0.09203652908674376,
  "test_mse": 0.0029293832322974923,
  "test_mae": 0.03859940753277679,
  "test_r2": -0.0519767417335244
}