{
  "ticker": "AMD",
  "horizon": 2,
  "model_type": "xgb",
  "target_mode": "raw",
  "use_stationary": true,
  "use_news": false,
  "n_features": 14,
  "feature_names": [
    "LogReturn",
    "VolLogDiff",
    "RelRange",
    "RelOpen",
    "RelMACD",
    "RSI_Centered",
    "RelATR",
    "BB_Width",
    "BB_Upper_Dist",
    "BB_Lower_Dist",
    "SMA_Trend",
    "RelVWAP",
    "MACD_Signal_Rel",
    "MACD_Hist_Rel"
  ],
  "train_ratio": 0.7,
  "val_ratio": 0.15,
  "test_ratio": 0.15000000000000005,
  "train_samples": 1451,
  "val_samples": 311,
  "test_samples": 310,
  "seed": 42,
  "timestamp": "2026-04-19T21:41:02.266109",
  "val_mse": 0.001987044242539318,
  "val_mae": 0.033875083790959444,
  "val_r2": -0.13944205267363263,
  "test_mse": 0.0031634625653607666,
  "test_mae": 0.04027139081630545,
  "test_r2": -0.1360374448153574
}