{
  "ticker": "NVDA",
  "horizon": 3,
  "model_type": "xgb",
  "target_mode": "raw",
  "use_stationary": true,
  "use_news": false,
  "n_features": 14,
  "feature_names": [
    "LogReturn",
    "VolLogDiff",
    "RelRange",
    "RelOpen",
    "RelMACD",
    "RSI_Centered",
    "RelATR",
    "BB_Width",
    "BB_Upper_Dist",
    "BB_Lower_Dist",
    "SMA_Trend",
    "RelVWAP",
    "MACD_Signal_Rel",
    "MACD_Hist_Rel"
  ],
  "train_ratio": 0.7,
  "val_ratio": 0.15,
  "test_ratio": 0.15000000000000005,
  "train_samples": 1451,
  "val_samples": 311,
  "test_samples": 309,
  "seed": 42,
  "timestamp": "2026-04-19T21:41:19.303718",
  "val_mse": 0.003280487020050998,
  "val_mae": 0.044956061360789445,
  "val_r2": -0.20066716965671594,
  "test_mse": 0.0029016409718839523,
  "test_mae": 0.039102364682735445,
  "test_r2": -0.18376041121323983
}