{
  "ticker": "NVDA",
  "horizon": 2,
  "model_type": "xgb",
  "target_mode": "raw",
  "use_stationary": true,
  "use_news": false,
  "n_features": 14,
  "feature_names": [
    "LogReturn",
    "VolLogDiff",
    "RelRange",
    "RelOpen",
    "RelMACD",
    "RSI_Centered",
    "RelATR",
    "BB_Width",
    "BB_Upper_Dist",
    "BB_Lower_Dist",
    "SMA_Trend",
    "RelVWAP",
    "MACD_Signal_Rel",
    "MACD_Hist_Rel"
  ],
  "train_ratio": 0.7,
  "val_ratio": 0.15,
  "test_ratio": 0.15000000000000005,
  "train_samples": 1451,
  "val_samples": 311,
  "test_samples": 310,
  "seed": 42,
  "timestamp": "2026-04-19T21:41:16.706932",
  "val_mse": 0.0023336281486622643,
  "val_mae": 0.03776331079297475,
  "val_r2": -0.2954662771324563,
  "test_mse": 0.0019230247211706006,
  "test_mae": 0.03269354175490789,
  "test_r2": -0.23180496840835962
}