{
  "ticker": "AMD",
  "horizon": 1,
  "model_type": "linear",
  "use_stationary": true,
  "use_news": false,
  "n_features": 14,
  "feature_names": [
    "LogReturn",
    "VolLogDiff",
    "RelRange",
    "RelOpen",
    "RelMACD",
    "RSI_Centered",
    "RelATR",
    "BB_Width",
    "BB_Upper_Dist",
    "BB_Lower_Dist",
    "SMA_Trend",
    "RelVWAP",
    "MACD_Signal_Rel",
    "MACD_Hist_Rel"
  ],
  "train_samples": 1451,
  "val_samples": 311,
  "test_samples": 311,
  "seed": 202,
  "timestamp": "2026-04-18T04:09:56.065360",
  "val_mse": 0.0008787466765958371,
  "val_mae": 0.021561952405334744,
  "val_r2": -0.0038104946869179646,
  "test_mse": 0.0014310807920599616,
  "test_mae": 0.025994451006230566,
  "test_r2": 0.007005046854603347
}