{
  "ticker": "ALAB",
  "horizon": 1,
  "model_type": "rf",
  "target_type": "classification",
  "class_threshold": 0.0005,
  "return_proxy_scale": 0.03926539264060649,
  "use_stationary": true,
  "use_news": false,
  "n_features": 14,
  "feature_names": [
    "LogReturn",
    "VolLogDiff",
    "RelRange",
    "RelOpen",
    "RelMACD",
    "RSI_Centered",
    "RelATR",
    "BB_Width",
    "BB_Upper_Dist",
    "BB_Lower_Dist",
    "SMA_Trend",
    "RelVWAP",
    "MACD_Signal_Rel",
    "MACD_Hist_Rel"
  ],
  "train_samples": 371,
  "val_samples": 79,
  "test_samples": 80,
  "seed": 42,
  "timestamp": "2026-05-02T05:01:31.478650",
  "val_mse": 0.0034232787626726543,
  "val_mae": 0.04415452556036915,
  "val_r2": -0.07297543694462005,
  "test_mse": 0.003909759261127554,
  "test_mae": 0.04531906737412369,
  "test_r2": -0.031163567264606007,
  "val_class_accuracy": 0.4177215189873418,
  "test_class_accuracy": 0.5125
}