{
  "ticker": "TSLA",
  "horizon": 1,
  "model_type": "rf",
  "target_type": "classification",
  "class_threshold": 0.0005,
  "return_proxy_scale": 0.024444471668973202,
  "use_stationary": true,
  "use_news": false,
  "n_features": 14,
  "feature_names": [
    "LogReturn",
    "VolLogDiff",
    "RelRange",
    "RelOpen",
    "RelMACD",
    "RSI_Centered",
    "RelATR",
    "BB_Width",
    "BB_Upper_Dist",
    "BB_Lower_Dist",
    "SMA_Trend",
    "RelVWAP",
    "MACD_Signal_Rel",
    "MACD_Hist_Rel"
  ],
  "train_samples": 1993,
  "val_samples": 427,
  "test_samples": 428,
  "seed": 42,
  "timestamp": "2026-05-02T05:16:24.730641",
  "val_mse": 0.001293927807544423,
  "val_mae": 0.026498315470289677,
  "val_r2": 0.003902254432679775,
  "test_mse": 0.001471388588600091,
  "test_mae": 0.02773804031399056,
  "test_r2": -0.014845679784751153,
  "val_class_accuracy": 0.4707259953161593,
  "test_class_accuracy": 0.4462616822429907
}