{
  "ticker": "META",
  "horizon": 1,
  "model_type": "rf",
  "target_type": "classification",
  "class_threshold": 0.0005,
  "return_proxy_scale": 0.015155561230857107,
  "use_stationary": true,
  "use_news": false,
  "n_features": 14,
  "feature_names": [
    "LogReturn",
    "VolLogDiff",
    "RelRange",
    "RelOpen",
    "RelMACD",
    "RSI_Centered",
    "RelATR",
    "BB_Width",
    "BB_Upper_Dist",
    "BB_Lower_Dist",
    "SMA_Trend",
    "RelVWAP",
    "MACD_Signal_Rel",
    "MACD_Hist_Rel"
  ],
  "train_samples": 1993,
  "val_samples": 427,
  "test_samples": 428,
  "seed": 42,
  "timestamp": "2026-05-02T05:01:26.483870",
  "val_mse": 0.0006377868579478943,
  "val_mae": 0.0166056864904267,
  "val_r2": -0.02731823804715794,
  "test_mse": 0.0005367643366623588,
  "test_mae": 0.015804842159341612,
  "test_r2": -0.03279898000935866,
  "val_class_accuracy": 0.4238875878220141,
  "test_class_accuracy": 0.42289719626168226
}