{
  "ticker": "ALAB",
  "horizon": 1,
  "model_type": "xgb",
  "target_type": "classification",
  "class_threshold": 0.0005,
  "return_proxy_scale": 0.03926539264060649,
  "use_stationary": true,
  "use_news": false,
  "n_features": 14,
  "feature_names": [
    "LogReturn",
    "VolLogDiff",
    "RelRange",
    "RelOpen",
    "RelMACD",
    "RSI_Centered",
    "RelATR",
    "BB_Width",
    "BB_Upper_Dist",
    "BB_Lower_Dist",
    "SMA_Trend",
    "RelVWAP",
    "MACD_Signal_Rel",
    "MACD_Hist_Rel"
  ],
  "train_samples": 371,
  "val_samples": 79,
  "test_samples": 80,
  "seed": 42,
  "timestamp": "2026-05-02T05:06:04.491256",
  "val_mse": 0.0037385991181576933,
  "val_mae": 0.047620610292279375,
  "val_r2": -0.17180787790538687,
  "test_mse": 0.003907561289636199,
  "test_mae": 0.04471844370059682,
  "test_r2": -0.030583872206062068,
  "val_class_accuracy": 0.3670886075949367,
  "test_class_accuracy": 0.5625
}