{
  "ticker": "INTC",
  "horizon": 1,
  "model_type": "rf",
  "target_type": "classification",
  "class_threshold": 0.0005,
  "return_proxy_scale": 0.013685470713288152,
  "use_stationary": true,
  "use_news": false,
  "n_features": 14,
  "feature_names": [
    "LogReturn",
    "VolLogDiff",
    "RelRange",
    "RelOpen",
    "RelMACD",
    "RSI_Centered",
    "RelATR",
    "BB_Width",
    "BB_Upper_Dist",
    "BB_Lower_Dist",
    "SMA_Trend",
    "RelVWAP",
    "MACD_Signal_Rel",
    "MACD_Hist_Rel"
  ],
  "train_samples": 1993,
  "val_samples": 427,
  "test_samples": 428,
  "seed": 42,
  "timestamp": "2026-05-02T05:01:33.893362",
  "val_mse": 0.0008518520175756074,
  "val_mae": 0.01951950743369963,
  "val_r2": -0.022584270117169458,
  "test_mse": 0.001693204305811938,
  "test_mae": 0.028778674894670488,
  "test_r2": -0.021583748550437543,
  "val_class_accuracy": 0.35362997658079626,
  "test_class_accuracy": 0.42289719626168226
}