{
  "ticker": "AAPL",
  "horizon": 3,
  "model_type": "rf",
  "use_stationary": true,
  "use_news": false,
  "n_features": 14,
  "feature_names": [
    "LogReturn",
    "VolLogDiff",
    "RelRange",
    "RelOpen",
    "RelMACD",
    "RSI_Centered",
    "RelATR",
    "BB_Width",
    "BB_Upper_Dist",
    "BB_Lower_Dist",
    "SMA_Trend",
    "RelVWAP",
    "MACD_Signal_Rel",
    "MACD_Hist_Rel"
  ],
  "train_samples": 1451,
  "val_samples": 311,
  "test_samples": 309,
  "seed": 42,
  "timestamp": "2026-04-18T03:18:31.382930",
  "val_mse": 0.0006034683300551561,
  "val_mae": 0.018810524158327447,
  "val_r2": -0.019104410791482396,
  "test_mse": 0.0013011147825400795,
  "test_mae": 0.02493557807069685,
  "test_r2": -0.0023966995182325146
}