{
  "ticker": "AMD",
  "horizon": 1,
  "model_type": "rf",
  "target_type": "classification",
  "class_threshold": 0.0005,
  "return_proxy_scale": 0.026319627231033236,
  "use_stationary": true,
  "use_news": false,
  "n_features": 14,
  "feature_names": [
    "LogReturn",
    "VolLogDiff",
    "RelRange",
    "RelOpen",
    "RelMACD",
    "RSI_Centered",
    "RelATR",
    "BB_Width",
    "BB_Upper_Dist",
    "BB_Lower_Dist",
    "SMA_Trend",
    "RelVWAP",
    "MACD_Signal_Rel",
    "MACD_Hist_Rel"
  ],
  "train_samples": 1993,
  "val_samples": 427,
  "test_samples": 428,
  "seed": 42,
  "timestamp": "2026-05-02T05:06:01.341959",
  "val_mse": 0.0009088931406285353,
  "val_mae": 0.022170440736400947,
  "val_r2": 0.007919203808645414,
  "test_mse": 0.0013178890993688311,
  "test_mae": 0.02521235317071443,
  "test_r2": -0.009406058625108571,
  "val_class_accuracy": 0.4379391100702576,
  "test_class_accuracy": 0.441588785046729
}