{
  "ticker": "AMD",
  "horizon": 1,
  "model_type": "xgb",
  "use_stationary": true,
  "use_news": false,
  "n_features": 14,
  "feature_names": [
    "LogReturn",
    "VolLogDiff",
    "RelRange",
    "RelOpen",
    "RelMACD",
    "RSI_Centered",
    "RelATR",
    "BB_Width",
    "BB_Upper_Dist",
    "BB_Lower_Dist",
    "SMA_Trend",
    "RelVWAP",
    "MACD_Signal_Rel",
    "MACD_Hist_Rel"
  ],
  "train_samples": 1451,
  "val_samples": 311,
  "test_samples": 311,
  "seed": 42,
  "timestamp": "2026-04-18T03:18:52.482021",
  "val_mse": 0.0009503703985917787,
  "val_mae": 0.022616010614508446,
  "val_r2": -0.0856277529741225,
  "test_mse": 0.0014807778327002555,
  "test_mae": 0.02660790171707457,
  "test_r2": -0.027478618090014173
}