{
  "ticker": "NVDA",
  "horizon": 1,
  "model_type": "rf",
  "target_type": "classification",
  "class_threshold": 0.0005,
  "return_proxy_scale": 0.020935609741879902,
  "use_stationary": true,
  "use_news": false,
  "n_features": 14,
  "feature_names": [
    "LogReturn",
    "VolLogDiff",
    "RelRange",
    "RelOpen",
    "RelMACD",
    "RSI_Centered",
    "RelATR",
    "BB_Width",
    "BB_Upper_Dist",
    "BB_Lower_Dist",
    "SMA_Trend",
    "RelVWAP",
    "MACD_Signal_Rel",
    "MACD_Hist_Rel"
  ],
  "train_samples": 1992,
  "val_samples": 427,
  "test_samples": 428,
  "seed": 42,
  "timestamp": "2026-05-02T05:05:59.397953",
  "val_mse": 0.0010431070783851369,
  "val_mae": 0.023444229382356827,
  "val_r2": -0.015430102060100648,
  "test_mse": 0.0008384720717747222,
  "test_mae": 0.020836221329986724,
  "test_r2": 0.004829754210960324,
  "val_class_accuracy": 0.4637002341920375,
  "test_class_accuracy": 0.5046728971962616
}