{
  "ticker": "AAPL",
  "horizon": 1,
  "model_type": "xgb",
  "use_stationary": true,
  "use_news": false,
  "n_features": 14,
  "feature_names": [
    "LogReturn",
    "VolLogDiff",
    "RelRange",
    "RelOpen",
    "RelMACD",
    "RSI_Centered",
    "RelATR",
    "BB_Width",
    "BB_Upper_Dist",
    "BB_Lower_Dist",
    "SMA_Trend",
    "RelVWAP",
    "MACD_Signal_Rel",
    "MACD_Hist_Rel"
  ],
  "train_samples": 1451,
  "val_samples": 311,
  "test_samples": 311,
  "seed": 42,
  "timestamp": "2026-04-18T03:18:27.154513",
  "val_mse": 0.00019610733670934115,
  "val_mae": 0.010254970907875452,
  "val_r2": -0.06993095120570847,
  "test_mse": 0.0004622805637355652,
  "test_mae": 0.013385802012408087,
  "test_r2": -0.23120938250051282
}