{
  "ticker": "MRVL",
  "horizon": 1,
  "model_type": "rf",
  "target_type": "classification",
  "class_threshold": 0.0005,
  "return_proxy_scale": 0.018892013069529496,
  "use_stationary": true,
  "use_news": false,
  "n_features": 14,
  "feature_names": [
    "LogReturn",
    "VolLogDiff",
    "RelRange",
    "RelOpen",
    "RelMACD",
    "RSI_Centered",
    "RelATR",
    "BB_Width",
    "BB_Upper_Dist",
    "BB_Lower_Dist",
    "SMA_Trend",
    "RelVWAP",
    "MACD_Signal_Rel",
    "MACD_Hist_Rel"
  ],
  "train_samples": 1993,
  "val_samples": 427,
  "test_samples": 428,
  "seed": 42,
  "timestamp": "2026-05-02T05:01:29.095883",
  "val_mse": 0.0010847708247417216,
  "val_mae": 0.02374517666088302,
  "val_r2": -0.0004438736691698697,
  "test_mse": 0.0017507955014753529,
  "test_mae": 0.0285780081799158,
  "test_r2": -0.004757706774051629,
  "val_class_accuracy": 0.4309133489461358,
  "test_class_accuracy": 0.4392523364485981
}