{
  "ticker": "MSFT",
  "horizon": 1,
  "model_type": "rf",
  "target_type": "classification",
  "class_threshold": 0.0005,
  "return_proxy_scale": 0.01198722358719096,
  "use_stationary": true,
  "use_news": false,
  "n_features": 14,
  "feature_names": [
    "LogReturn",
    "VolLogDiff",
    "RelRange",
    "RelOpen",
    "RelMACD",
    "RSI_Centered",
    "RelATR",
    "BB_Width",
    "BB_Upper_Dist",
    "BB_Lower_Dist",
    "SMA_Trend",
    "RelVWAP",
    "MACD_Signal_Rel",
    "MACD_Hist_Rel"
  ],
  "train_samples": 1993,
  "val_samples": 427,
  "test_samples": 428,
  "seed": 42,
  "timestamp": "2026-05-02T04:54:38.991776",
  "val_mse": 0.00022096659099859892,
  "val_mae": 0.01136089791028053,
  "val_r2": -0.021583388936858627,
  "test_mse": 0.00026307857143403196,
  "test_mae": 0.01093900505598915,
  "test_r2": -0.023847138237244714,
  "val_class_accuracy": 0.37236533957845436,
  "test_class_accuracy": 0.4182242990654206
}