{
  "ticker": "NVDA",
  "horizon": 3,
  "model_type": "rf",
  "use_stationary": true,
  "use_news": false,
  "n_features": 14,
  "feature_names": [
    "LogReturn",
    "VolLogDiff",
    "RelRange",
    "RelOpen",
    "RelMACD",
    "RSI_Centered",
    "RelATR",
    "BB_Width",
    "BB_Upper_Dist",
    "BB_Lower_Dist",
    "SMA_Trend",
    "RelVWAP",
    "MACD_Signal_Rel",
    "MACD_Hist_Rel"
  ],
  "train_samples": 1451,
  "val_samples": 311,
  "test_samples": 309,
  "seed": 42,
  "timestamp": "2026-04-18T03:18:44.061785",
  "val_mse": 0.0029464150136854416,
  "val_mae": 0.042478060388376905,
  "val_r2": -0.07839590691651543,
  "test_mse": 0.002854919524371776,
  "test_mae": 0.03874320696629049,
  "test_r2": -0.16469981741290396
}