{
  "ticker": "TSM",
  "horizon": 1,
  "model_type": "rf",
  "target_type": "classification",
  "class_threshold": 0.0005,
  "return_proxy_scale": 0.014021913107064563,
  "use_stationary": true,
  "use_news": false,
  "n_features": 14,
  "feature_names": [
    "LogReturn",
    "VolLogDiff",
    "RelRange",
    "RelOpen",
    "RelMACD",
    "RSI_Centered",
    "RelATR",
    "BB_Width",
    "BB_Upper_Dist",
    "BB_Lower_Dist",
    "SMA_Trend",
    "RelVWAP",
    "MACD_Signal_Rel",
    "MACD_Hist_Rel"
  ],
  "train_samples": 1993,
  "val_samples": 427,
  "test_samples": 428,
  "seed": 42,
  "timestamp": "2026-05-02T05:01:24.053993",
  "val_mse": 0.0004762532973527803,
  "val_mae": 0.01589670710934472,
  "val_r2": -0.006915681764974924,
  "test_mse": 0.0006464557299760579,
  "test_mae": 0.018842245255723686,
  "test_r2": 0.009161302893101464,
  "val_class_accuracy": 0.4426229508196721,
  "test_class_accuracy": 0.43457943925233644
}