{
  "ticker": "NVDA",
  "horizon": 3,
  "model_type": "linear",
  "use_stationary": true,
  "use_news": false,
  "n_features": 14,
  "feature_names": [
    "LogReturn",
    "VolLogDiff",
    "RelRange",
    "RelOpen",
    "RelMACD",
    "RSI_Centered",
    "RelATR",
    "BB_Width",
    "BB_Upper_Dist",
    "BB_Lower_Dist",
    "SMA_Trend",
    "RelVWAP",
    "MACD_Signal_Rel",
    "MACD_Hist_Rel"
  ],
  "train_samples": 1451,
  "val_samples": 311,
  "test_samples": 309,
  "seed": 42,
  "timestamp": "2026-04-18T03:18:41.979898",
  "val_mse": 0.0027965915438926455,
  "val_mae": 0.041329436555371094,
  "val_r2": -0.023560109571562515,
  "test_mse": 0.0024893293723997133,
  "test_mae": 0.03613051172104899,
  "test_r2": -0.01555278205346955
}