{
  "ticker": "AMZN",
  "horizon": 1,
  "model_type": "rf",
  "target_type": "classification",
  "class_threshold": 0.0005,
  "return_proxy_scale": 0.014213367492591762,
  "use_stationary": true,
  "use_news": false,
  "n_features": 14,
  "feature_names": [
    "LogReturn",
    "VolLogDiff",
    "RelRange",
    "RelOpen",
    "RelMACD",
    "RSI_Centered",
    "RelATR",
    "BB_Width",
    "BB_Upper_Dist",
    "BB_Lower_Dist",
    "SMA_Trend",
    "RelVWAP",
    "MACD_Signal_Rel",
    "MACD_Hist_Rel"
  ],
  "train_samples": 1993,
  "val_samples": 427,
  "test_samples": 428,
  "seed": 42,
  "timestamp": "2026-05-02T05:01:36.280966",
  "val_mse": 0.00039023647728151945,
  "val_mae": 0.014693743069866642,
  "val_r2": -0.002130835633380901,
  "test_mse": 0.00042669898386399937,
  "test_mae": 0.015093513474332805,
  "test_r2": -0.01990902057091204,
  "val_class_accuracy": 0.4028103044496487,
  "test_class_accuracy": 0.3574766355140187
}