{
  "rows": 3,
  "generated_at_utc": "20260329-200835Z",
  "leaderboard_path": "D:\\code\\agentic-development\\reinforcement-learning-stocks\\data\\experiment_snapshots\\experiment_leaderboard_20260329-200835Z_insights-generalization-15k.csv",
  "reward_leaderboard_path": "D:\\code\\agentic-development\\reinforcement-learning-stocks\\data\\experiment_snapshots\\experiment_reward_leaderboard_20260329-200835Z_insights-generalization-15k.csv",
  "top3": [
    {
      "seed": 21,
      "timesteps": 15000,
      "learning_rate": 0.0003,
      "gamma": 0.992,
      "ent_coef": 0.01,
      "include_news": 1,
      "threshold": 0.002,
      "horizon": 1,
      "transaction_cost_rate": 0.001,
      "trade_penalty": 0.05,
      "reward_return_scale": 1.0,
      "reward_direction_scale": 0.35,
      "reward_hold_penalty_scale": 0.04,
      "reward_drawdown_penalty_scale": 0.1,
      "reward_action_bonus_scale": 0.05,
      "reward_clip": 1.0,
      "reward_ignore_transaction_cost": 1,
      "val_overall_accuracy": 0.45307443365695793,
      "val_actionable_accuracy": 0.5283018867924528,
      "val_trade_win_rate": 0.5307443365695793,
      "val_cumulative_signal_return": 0.2320408516045951,
      "test_overall_accuracy": 0.44193548387096776,
      "test_actionable_accuracy": 0.5131086142322098,
      "test_trade_win_rate": 0.4838709677419355,
      "test_cumulative_signal_return": 0.38582510929959457,
      "ranking_score": 0.46978241468801923,
      "val_reward_total_mean": 0.04697006539030269,
      "val_reward_total_sum": 14.513750205603532,
      "val_reward_portfolio_return_mean": 0.0006314699849164907,
      "val_reward_direction_mean": 0.000264730291109776,
      "val_reward_hold_penalty_mean": 0.0,
      "val_reward_action_bonus_mean": 0.049999999999999996,
      "val_reward_drawdown_penalty_mean": -0.003926134885723574,
      "val_reward_drawdown_mean": 0.039261348857235735,
      "test_reward_total_mean": 0.04129485759781284,
      "test_reward_total_sum": 12.80140585532198,
      "test_reward_portfolio_return_mean": 0.0012564733440231035,
      "test_reward_direction_mean": 0.0004666260842640066,
      "test_reward_hold_penalty_mean": 0.0,
      "test_reward_action_bonus_mean": 0.049999999999999996,
      "test_reward_drawdown_penalty_mean": -0.010428241830474276,
      "test_reward_drawdown_mean": 0.10428241830474273
    },
    {
      "seed": 7,
      "timesteps": 15000,
      "learning_rate": 0.0003,
      "gamma": 0.992,
      "ent_coef": 0.01,
      "include_news": 1,
      "threshold": 0.002,
      "horizon": 1,
      "transaction_cost_rate": 0.001,
      "trade_penalty": 0.05,
      "reward_return_scale": 1.0,
      "reward_direction_scale": 0.35,
      "reward_hold_penalty_scale": 0.04,
      "reward_drawdown_penalty_scale": 0.1,
      "reward_action_bonus_scale": 0.05,
      "reward_clip": 1.0,
      "reward_ignore_transaction_cost": 1,
      "val_overall_accuracy": 0.1423948220064725,
      "val_actionable_accuracy": 0.0,
      "val_trade_win_rate": 0.0,
      "val_cumulative_signal_return": 0.0,
      "test_overall_accuracy": 0.13870967741935483,
      "test_actionable_accuracy": 0.0,
      "test_trade_win_rate": 0.0,
      "test_cumulative_signal_return": 0.0,
      "ranking_score": 0.0,
      "val_reward_total_mean": -0.00043066621047080556,
      "val_reward_total_sum": -0.13307585903547892,
      "val_reward_portfolio_return_mean": 0.0,
      "val_reward_direction_mean": 0.0,
      "val_reward_hold_penalty_mean": -0.00043066621047080556,
      "val_reward_action_bonus_mean": 0.0,
      "val_reward_drawdown_penalty_mean": 0.0,
      "val_reward_drawdown_mean": 0.0,
      "test_reward_total_mean": -0.0004904124360226505,
      "test_reward_total_sum": -0.15202785516702164,
      "test_reward_portfolio_return_mean": 0.0,
      "test_reward_direction_mean": 0.0,
      "test_reward_hold_penalty_mean": -0.0004904124360226505,
      "test_reward_action_bonus_mean": 0.0,
      "test_reward_drawdown_penalty_mean": 0.0,
      "test_reward_drawdown_mean": 0.0
    },
    {
      "seed": 13,
      "timesteps": 15000,
      "learning_rate": 0.0003,
      "gamma": 0.992,
      "ent_coef": 0.01,
      "include_news": 1,
      "threshold": 0.002,
      "horizon": 1,
      "transaction_cost_rate": 0.001,
      "trade_penalty": 0.05,
      "reward_return_scale": 1.0,
      "reward_direction_scale": 0.35,
      "reward_hold_penalty_scale": 0.04,
      "reward_drawdown_penalty_scale": 0.1,
      "reward_action_bonus_scale": 0.05,
      "reward_clip": 1.0,
      "reward_ignore_transaction_cost": 1,
      "val_overall_accuracy": 0.1423948220064725,
      "val_actionable_accuracy": 0.0,
      "val_trade_win_rate": 0.0,
      "val_cumulative_signal_return": 0.0,
      "test_overall_accuracy": 0.13870967741935483,
      "test_actionable_accuracy": 0.0,
      "test_trade_win_rate": 0.0,
      "test_cumulative_signal_return": 0.0,
      "ranking_score": 0.0,
      "val_reward_total_mean": -0.00043066621047080556,
      "val_reward_total_sum": -0.13307585903547892,
      "val_reward_portfolio_return_mean": 0.0,
      "val_reward_direction_mean": 0.0,
      "val_reward_hold_penalty_mean": -0.00043066621047080556,
      "val_reward_action_bonus_mean": 0.0,
      "val_reward_drawdown_penalty_mean": 0.0,
      "val_reward_drawdown_mean": 0.0,
      "test_reward_total_mean": -0.0004904124360226505,
      "test_reward_total_sum": -0.15202785516702164,
      "test_reward_portfolio_return_mean": 0.0,
      "test_reward_direction_mean": 0.0,
      "test_reward_hold_penalty_mean": -0.0004904124360226505,
      "test_reward_action_bonus_mean": 0.0,
      "test_reward_drawdown_penalty_mean": 0.0,
      "test_reward_drawdown_mean": 0.0
    }
  ]
}