{
  "rows": 5,
  "generated_at_utc": "20260329-081553Z",
  "leaderboard_path": "D:\\code\\agentic-development\\reinforcement-learning-stocks\\data\\experiment_snapshots\\experiment_leaderboard_20260329-081553Z_phase2-hold0.1.csv",
  "reward_leaderboard_path": "D:\\code\\agentic-development\\reinforcement-learning-stocks\\data\\experiment_snapshots\\experiment_reward_leaderboard_20260329-081553Z_phase2-hold0.1.csv",
  "top3": [
    {
      "seed": 7,
      "timesteps": 20000,
      "learning_rate": 0.0003,
      "gamma": 0.99,
      "ent_coef": 0.0,
      "include_news": 1,
      "threshold": 0.002,
      "horizon": 1,
      "transaction_cost_rate": 0.001,
      "trade_penalty": 0.05,
      "reward_return_scale": 1.0,
      "reward_direction_scale": 0.35,
      "reward_hold_penalty_scale": 0.1,
      "reward_drawdown_penalty_scale": 0.1,
      "reward_action_bonus_scale": 0.02,
      "reward_clip": 1.0,
      "reward_ignore_transaction_cost": 1,
      "val_overall_accuracy": 0.47896440129449835,
      "val_actionable_accuracy": 0.5584905660377358,
      "val_trade_win_rate": 0.540453074433657,
      "val_cumulative_signal_return": 0.4927995272141812,
      "test_overall_accuracy": 0.4612903225806452,
      "test_actionable_accuracy": 0.5355805243445693,
      "test_trade_win_rate": 0.5193548387096775,
      "test_cumulative_signal_return": 0.5915039118245524,
      "ranking_score": 0.5399411107918012,
      "val_reward_total_mean": -0.0017626855106657891,
      "val_reward_total_sum": -0.5446698227957288,
      "val_reward_portfolio_return_mean": 0.00132461054299393,
      "val_reward_direction_mean": -5.7436577486716884e-05,
      "val_reward_hold_penalty_mean": -0.0010323899626188077,
      "val_reward_action_bonus_mean": 0.0008414239482200647,
      "val_reward_drawdown_penalty_mean": -0.0028388934617742593,
      "val_reward_drawdown_mean": 0.028388934617742587,
      "test_reward_total_mean": 0.0005226141250008438,
      "test_reward_total_sum": 0.16201037875026159,
      "test_reward_portfolio_return_mean": 0.0005938045685386662,
      "test_reward_direction_mean": 0.0003062621680643521,
      "test_reward_hold_penalty_mean": -0.0008062216225031136,
      "test_reward_action_bonus_mean": 0.004580645161290323,
      "test_reward_drawdown_penalty_mean": -0.004151876150389382,
      "test_reward_drawdown_mean": 0.041518761503893824
    },
    {
      "seed": 7,
      "timesteps": 20000,
      "learning_rate": 0.0003,
      "gamma": 0.995,
      "ent_coef": 0.01,
      "include_news": 1,
      "threshold": 0.002,
      "horizon": 1,
      "transaction_cost_rate": 0.001,
      "trade_penalty": 0.05,
      "reward_return_scale": 1.0,
      "reward_direction_scale": 0.35,
      "reward_hold_penalty_scale": 0.1,
      "reward_drawdown_penalty_scale": 0.1,
      "reward_action_bonus_scale": 0.02,
      "reward_clip": 1.0,
      "reward_ignore_transaction_cost": 1,
      "val_overall_accuracy": 0.4692556634304207,
      "val_actionable_accuracy": 0.5471698113207547,
      "val_trade_win_rate": 0.5372168284789643,
      "val_cumulative_signal_return": 0.3445449590578109,
      "test_overall_accuracy": 0.45161290322580644,
      "test_actionable_accuracy": 0.5243445692883895,
      "test_trade_win_rate": 0.5032258064516129,
      "test_cumulative_signal_return": 0.2710919897328956,
      "ranking_score": 0.5036589460156289,
      "val_reward_total_mean": 0.010324851772517464,
      "val_reward_total_sum": 3.1903791977078964,
      "val_reward_portfolio_return_mean": 0.001331825395246049,
      "val_reward_direction_mean": 0.0001770351244786048,
      "val_reward_hold_penalty_mean": -0.0004618321180688031,
      "val_reward_action_bonus_mean": 0.012038834951456311,
      "val_reward_drawdown_penalty_mean": -0.002761011580594698,
      "val_reward_drawdown_mean": 0.027610115805946977,
      "test_reward_total_mean": 0.00573351632511975,
      "test_reward_total_sum": 1.7773900607871225,
      "test_reward_portfolio_return_mean": 0.00030087777030627657,
      "test_reward_direction_mean": 0.0004267716756549029,
      "test_reward_hold_penalty_mean": -0.00047881146516272067,
      "test_reward_action_bonus_mean": 0.010193548387096775,
      "test_reward_drawdown_penalty_mean": -0.0047088700427754815,
      "test_reward_drawdown_mean": 0.04708870042775482
    },
    {
      "seed": 7,
      "timesteps": 20000,
      "learning_rate": 0.0003,
      "gamma": 0.99,
      "ent_coef": 0.01,
      "include_news": 1,
      "threshold": 0.002,
      "horizon": 1,
      "transaction_cost_rate": 0.001,
      "trade_penalty": 0.05,
      "reward_return_scale": 1.0,
      "reward_direction_scale": 0.35,
      "reward_hold_penalty_scale": 0.1,
      "reward_drawdown_penalty_scale": 0.1,
      "reward_action_bonus_scale": 0.02,
      "reward_clip": 1.0,
      "reward_ignore_transaction_cost": 1,
      "val_overall_accuracy": 0.45307443365695793,
      "val_actionable_accuracy": 0.5283018867924528,
      "val_trade_win_rate": 0.5307443365695793,
      "val_cumulative_signal_return": 0.23204085160459487,
      "test_overall_accuracy": 0.45161290322580644,
      "test_actionable_accuracy": 0.5243445692883895,
      "test_trade_win_rate": 0.5032258064516129,
      "test_cumulative_signal_return": 0.26742804911531426,
      "ranking_score": 0.4697824146880192,
      "val_reward_total_mean": 0.019827094142700646,
      "val_reward_total_sum": 6.1265720900945,
      "val_reward_portfolio_return_mean": 0.0012470022231811835,
      "val_reward_direction_mean": 0.0002647302911097757,
      "val_reward_hold_penalty_mean": 0.0,
      "val_reward_action_bonus_mean": 0.02,
      "val_reward_drawdown_penalty_mean": -0.001684638371590313,
      "val_reward_drawdown_mean": 0.01684638371590313,
      "test_reward_total_mean": 0.005956316521404682,
      "test_reward_total_sum": 1.8464581216354514,
      "test_reward_portfolio_return_mean": 0.00029605582069434054,
      "test_reward_direction_mean": 0.00041714363712958843,
      "test_reward_hold_penalty_mean": -0.0004716373703722986,
      "test_reward_action_bonus_mean": 0.010451612903225807,
      "test_reward_drawdown_penalty_mean": -0.004736858469272754,
      "test_reward_drawdown_mean": 0.04736858469272753
    }
  ]
}