{
  "rows": 8,
  "generated_at_utc": "20260329-093052Z",
  "leaderboard_path": "D:\\code\\agentic-development\\reinforcement-learning-stocks\\data\\experiment_snapshots\\experiment_leaderboard_20260329-093052Z_smoke-check.csv",
  "reward_leaderboard_path": "D:\\code\\agentic-development\\reinforcement-learning-stocks\\data\\experiment_snapshots\\experiment_reward_leaderboard_20260329-093052Z_smoke-check.csv",
  "top3": [
    {
      "seed": 7,
      "timesteps": 10000,
      "learning_rate": 0.0001,
      "gamma": 0.995,
      "ent_coef": 0.01,
      "include_news": 1,
      "threshold": 0.002,
      "horizon": 1,
      "transaction_cost_rate": 0.001,
      "trade_penalty": 0.05,
      "reward_return_scale": 1.0,
      "reward_direction_scale": 0.35,
      "reward_hold_penalty_scale": 0.1,
      "reward_drawdown_penalty_scale": 0.1,
      "reward_action_bonus_scale": 0.02,
      "reward_clip": 1.0,
      "reward_ignore_transaction_cost": 1,
      "val_overall_accuracy": 0.48220064724919093,
      "val_actionable_accuracy": 0.5622641509433962,
      "val_trade_win_rate": 0.5436893203883495,
      "val_cumulative_signal_return": 0.5633076771154399,
      "test_overall_accuracy": 0.44516129032258067,
      "test_actionable_accuracy": 0.5168539325842697,
      "test_trade_win_rate": 0.5096774193548387,
      "test_cumulative_signal_return": 0.006477025474912246,
      "ranking_score": 0.556900407011291,
      "val_reward_total_mean": -0.0017891791342561488,
      "val_reward_total_sum": -0.55285635248515,
      "val_reward_portfolio_return_mean": 0.0013907091916498585,
      "val_reward_direction_mean": -2.3657174841995107e-05,
      "val_reward_hold_penalty_mean": -0.0010420412205172996,
      "val_reward_action_bonus_mean": 0.0007119741100323624,
      "val_reward_drawdown_penalty_mean": -0.0028261640405790756,
      "val_reward_drawdown_mean": 0.028261640405790753,
      "test_reward_total_mean": -0.007786804418145701,
      "test_reward_total_sum": -2.4139093696251672,
      "test_reward_portfolio_return_mean": 4.8759569070328504e-05,
      "test_reward_direction_mean": -1.7598326502109464e-05,
      "test_reward_hold_penalty_mean": -0.0012210029967703092,
      "test_reward_action_bonus_mean": 6.451612903225807e-05,
      "test_reward_drawdown_penalty_mean": -0.006661478792975869,
      "test_reward_drawdown_mean": 0.0666147879297587
    },
    {
      "seed": 7,
      "timesteps": 10000,
      "learning_rate": 0.0001,
      "gamma": 0.995,
      "ent_coef": 0.0,
      "include_news": 1,
      "threshold": 0.002,
      "horizon": 1,
      "transaction_cost_rate": 0.001,
      "trade_penalty": 0.05,
      "reward_return_scale": 1.0,
      "reward_direction_scale": 0.35,
      "reward_hold_penalty_scale": 0.1,
      "reward_drawdown_penalty_scale": 0.1,
      "reward_action_bonus_scale": 0.02,
      "reward_clip": 1.0,
      "reward_ignore_transaction_cost": 1,
      "val_overall_accuracy": 0.48220064724919093,
      "val_actionable_accuracy": 0.5622641509433962,
      "val_trade_win_rate": 0.5436893203883495,
      "val_cumulative_signal_return": 0.5633076771154399,
      "test_overall_accuracy": 0.44516129032258067,
      "test_actionable_accuracy": 0.5168539325842697,
      "test_trade_win_rate": 0.5096774193548387,
      "test_cumulative_signal_return": 0.006477025474912246,
      "ranking_score": 0.556900407011291,
      "val_reward_total_mean": -0.0017891791342561488,
      "val_reward_total_sum": -0.55285635248515,
      "val_reward_portfolio_return_mean": 0.0013907091916498585,
      "val_reward_direction_mean": -2.3657174841995107e-05,
      "val_reward_hold_penalty_mean": -0.0010420412205172996,
      "val_reward_action_bonus_mean": 0.0007119741100323624,
      "val_reward_drawdown_penalty_mean": -0.0028261640405790756,
      "val_reward_drawdown_mean": 0.028261640405790753,
      "test_reward_total_mean": -0.007786804418145701,
      "test_reward_total_sum": -2.4139093696251672,
      "test_reward_portfolio_return_mean": 4.8759569070328504e-05,
      "test_reward_direction_mean": -1.7598326502109464e-05,
      "test_reward_hold_penalty_mean": -0.0012210029967703092,
      "test_reward_action_bonus_mean": 6.451612903225807e-05,
      "test_reward_drawdown_penalty_mean": -0.006661478792975869,
      "test_reward_drawdown_mean": 0.0666147879297587
    },
    {
      "seed": 7,
      "timesteps": 10000,
      "learning_rate": 0.0001,
      "gamma": 0.99,
      "ent_coef": 0.01,
      "include_news": 1,
      "threshold": 0.002,
      "horizon": 1,
      "transaction_cost_rate": 0.001,
      "trade_penalty": 0.05,
      "reward_return_scale": 1.0,
      "reward_direction_scale": 0.35,
      "reward_hold_penalty_scale": 0.1,
      "reward_drawdown_penalty_scale": 0.1,
      "reward_action_bonus_scale": 0.02,
      "reward_clip": 1.0,
      "reward_ignore_transaction_cost": 1,
      "val_overall_accuracy": 0.48220064724919093,
      "val_actionable_accuracy": 0.5622641509433962,
      "val_trade_win_rate": 0.5436893203883495,
      "val_cumulative_signal_return": 0.5633076771154399,
      "test_overall_accuracy": 0.4483870967741935,
      "test_actionable_accuracy": 0.5205992509363296,
      "test_trade_win_rate": 0.5032258064516129,
      "test_cumulative_signal_return": -0.09292876128319272,
      "ranking_score": 0.556900407011291,
      "val_reward_total_mean": -0.0017891791342561488,
      "val_reward_total_sum": -0.55285635248515,
      "val_reward_portfolio_return_mean": 0.0013907091916498585,
      "val_reward_direction_mean": -2.3657174841995107e-05,
      "val_reward_hold_penalty_mean": -0.0010420412205172996,
      "val_reward_action_bonus_mean": 0.0007119741100323624,
      "val_reward_drawdown_penalty_mean": -0.0028261640405790756,
      "val_reward_drawdown_mean": 0.028261640405790753,
      "test_reward_total_mean": -0.004278475778011381,
      "test_reward_total_sum": -1.3263274911835283,
      "test_reward_portfolio_return_mean": -4.0770926460224677e-05,
      "test_reward_direction_mean": -8.748774061046474e-05,
      "test_reward_hold_penalty_mean": -0.0008710428504824972,
      "test_reward_action_bonus_mean": 0.004,
      "test_reward_drawdown_penalty_mean": -0.007279174260458195,
      "test_reward_drawdown_mean": 0.07279174260458195
    }
  ]
}