{
  "rows": 16,
  "generated_at_utc": "20260331-002914Z",
  "leaderboard_path": "D:\\code\\agentic-development\\reinforcement-learning-stocks\\data\\experiment_snapshots\\experiment_leaderboard_20260331-002914Z.csv",
  "reward_leaderboard_path": "D:\\code\\agentic-development\\reinforcement-learning-stocks\\data\\experiment_snapshots\\experiment_reward_leaderboard_20260331-002914Z.csv",
  "top3": [
    {
      "seed": 2,
      "timesteps": 50000,
      "learning_rate": 0.0001,
      "gamma": 0.99,
      "ent_coef": 0.0,
      "include_news": 0,
      "threshold": 0.002,
      "horizon": 1,
      "transaction_cost_rate": 0.001,
      "trade_penalty": 0.05,
      "reward_mode": "legacy",
      "rolling_reward_window": 100,
      "reward_epsilon": 1e-06,
      "reward_return_scale": 1.0,
      "reward_direction_scale": 0.35,
      "reward_hold_penalty_scale": 0.1,
      "reward_drawdown_penalty_scale": 0.1,
      "reward_action_bonus_scale": 0.02,
      "reward_clip": 1.0,
      "reward_ignore_transaction_cost": 1,
      "val_overall_accuracy": 0.48220064724919093,
      "val_actionable_accuracy": 0.5775193798449613,
      "val_trade_win_rate": 0.5562913907284768,
      "val_cumulative_signal_return": 0.7103296056627777,
      "test_overall_accuracy": 0.44193548387096776,
      "test_actionable_accuracy": 0.5169811320754717,
      "test_trade_win_rate": 0.5097402597402597,
      "test_cumulative_signal_return": -0.0034336401590580046,
      "val_alpha_vs_qqq": 0.2088497066214805,
      "test_alpha_vs_qqq": -0.10510998028060659,
      "ranking_score": 0.5977130282735792,
      "val_reward_total_mean": 0.0004418253441476379,
      "val_reward_total_sum": 0.1365240313416201,
      "val_reward_portfolio_return_mean": 0.001798611204700351,
      "val_reward_direction_mean": 0.000658795351778229,
      "val_reward_hold_penalty_mean": -2.1342582658771207e-05,
      "val_reward_action_bonus_mean": 0.0009708737864077672,
      "val_reward_drawdown_penalty_mean": -0.0029651124160799376,
      "val_reward_drawdown_mean": 0.029651124160799375,
      "test_reward_total_mean": -0.006113832365357393,
      "test_reward_total_sum": -1.895288033260792,
      "test_reward_portfolio_return_mean": 0.00014085331539868487,
      "test_reward_direction_mean": 8.806014670959585e-05,
      "test_reward_hold_penalty_mean": -7.273027281929482e-06,
      "test_reward_action_bonus_mean": 0.0003225806451612903,
      "test_reward_drawdown_penalty_mean": -0.006658053445345036,
      "test_reward_drawdown_mean": 0.06658053445345036,
      "val_cumulative_return": 0.6809830647477835,
      "val_sharpe_ratio": 2.02882618653612,
      "val_sortino_ratio": 2.7758251307655186,
      "val_max_drawdown": -0.1584011932315308,
      "test_cumulative_return": -0.007073428098853141,
      "test_sharpe_ratio": 0.11704372161137921,
      "test_sortino_ratio": 0.17583753143309816,
      "test_max_drawdown": -0.2764502689919156,
      "val_benchmark_cumulative_return": 0.47213335812630297,
      "val_benchmark_sharpe_ratio": 1.8949137582706443,
      "val_benchmark_sortino_ratio": 2.547592646687637,
      "val_benchmark_max_drawdown": -0.1355773890565939,
      "test_benchmark_cumulative_return": 0.09803655218175344,
      "test_benchmark_sharpe_ratio": 0.4494908843179563,
      "test_benchmark_sortino_ratio": 0.6058593562698764,
      "test_benchmark_max_drawdown": -0.22883306921571078
    },
    {
      "seed": 2,
      "timesteps": 50000,
      "learning_rate": 0.0003,
      "gamma": 0.995,
      "ent_coef": 0.0,
      "include_news": 0,
      "threshold": 0.002,
      "horizon": 1,
      "transaction_cost_rate": 0.001,
      "trade_penalty": 0.05,
      "reward_mode": "legacy",
      "rolling_reward_window": 100,
      "reward_epsilon": 1e-06,
      "reward_return_scale": 1.0,
      "reward_direction_scale": 0.35,
      "reward_hold_penalty_scale": 0.1,
      "reward_drawdown_penalty_scale": 0.1,
      "reward_action_bonus_scale": 0.02,
      "reward_clip": 1.0,
      "reward_ignore_transaction_cost": 1,
      "val_overall_accuracy": 0.49514563106796117,
      "val_actionable_accuracy": 0.5773584905660377,
      "val_trade_win_rate": 0.5566343042071198,
      "val_cumulative_signal_return": 0.7083113478987968,
      "test_overall_accuracy": 0.44516129032258067,
      "test_actionable_accuracy": 0.5168539325842697,
      "test_trade_win_rate": 0.5096774193548387,
      "test_cumulative_signal_return": 0.006477025474912246,
      "val_alpha_vs_qqq": 0.2195037517425822,
      "test_alpha_vs_qqq": -0.09172579250344137,
      "ranking_score": 0.5973318061249142,
      "val_reward_total_mean": -0.0005731435942285414,
      "val_reward_total_sum": -0.1771013706166193,
      "val_reward_portfolio_return_mean": 0.0017991182779851897,
      "val_reward_direction_mean": 0.0006426728956619452,
      "val_reward_hold_penalty_mean": 0.0,
      "val_reward_action_bonus_mean": 6.472491909385113e-05,
      "val_reward_drawdown_penalty_mean": -0.003079659686969527,
      "val_reward_drawdown_mean": 0.030796596869695266,
      "test_reward_total_mean": -0.006303209084137863,
      "test_reward_total_sum": -1.9539948160827376,
      "test_reward_portfolio_return_mean": 0.0001691206562645592,
      "test_reward_direction_mean": 6.260455122284264e-05,
      "test_reward_hold_penalty_mean": 0.0,
      "test_reward_action_bonus_mean": 6.451612903225807e-05,
      "test_reward_drawdown_penalty_mean": -0.006599450420657523,
      "test_reward_drawdown_mean": 0.06599450420657522,
      "val_cumulative_return": 0.6916371098688852,
      "val_sharpe_ratio": 2.0442544829526503,
      "val_sortino_ratio": 2.817792237929114,
      "val_max_drawdown": -0.15725320921735786,
      "test_cumulative_return": 0.006310759678312072,
      "test_sharpe_ratio": 0.15475114328258072,
      "test_sortino_ratio": 0.233902626116637,
      "test_max_drawdown": -0.2728267059669285,
      "val_benchmark_cumulative_return": 0.47213335812630297,
      "val_benchmark_sharpe_ratio": 1.8949137582706443,
      "val_benchmark_sortino_ratio": 2.547592646687637,
      "val_benchmark_max_drawdown": -0.1355773890565939,
      "test_benchmark_cumulative_return": 0.09803655218175344,
      "test_benchmark_sharpe_ratio": 0.4494908843179563,
      "test_benchmark_sortino_ratio": 0.6058593562698764,
      "test_benchmark_max_drawdown": -0.22883306921571078
    },
    {
      "seed": 2,
      "timesteps": 50000,
      "learning_rate": 0.0001,
      "gamma": 0.995,
      "ent_coef": 0.0,
      "include_news": 0,
      "threshold": 0.002,
      "horizon": 1,
      "transaction_cost_rate": 0.001,
      "trade_penalty": 0.05,
      "reward_mode": "legacy",
      "rolling_reward_window": 100,
      "reward_epsilon": 1e-06,
      "reward_return_scale": 1.0,
      "reward_direction_scale": 0.35,
      "reward_hold_penalty_scale": 0.1,
      "reward_drawdown_penalty_scale": 0.1,
      "reward_action_bonus_scale": 0.02,
      "reward_clip": 1.0,
      "reward_ignore_transaction_cost": 1,
      "val_overall_accuracy": 0.49514563106796117,
      "val_actionable_accuracy": 0.5773584905660377,
      "val_trade_win_rate": 0.5566343042071198,
      "val_cumulative_signal_return": 0.7083113478987968,
      "test_overall_accuracy": 0.44516129032258067,
      "test_actionable_accuracy": 0.5168539325842697,
      "test_trade_win_rate": 0.5096774193548387,
      "test_cumulative_signal_return": 0.006477025474912246,
      "val_alpha_vs_qqq": 0.2195037517425822,
      "test_alpha_vs_qqq": -0.09172579250344137,
      "ranking_score": 0.5973318061249142,
      "val_reward_total_mean": -0.0005731435942285414,
      "val_reward_total_sum": -0.1771013706166193,
      "val_reward_portfolio_return_mean": 0.0017991182779851897,
      "val_reward_direction_mean": 0.0006426728956619452,
      "val_reward_hold_penalty_mean": 0.0,
      "val_reward_action_bonus_mean": 6.472491909385113e-05,
      "val_reward_drawdown_penalty_mean": -0.003079659686969527,