{
  "rows": 3,
  "generated_at_utc": "20260329-093450Z",
  "leaderboard_path": "D:\\code\\agentic-development\\reinforcement-learning-stocks\\data\\experiment_snapshots\\experiment_leaderboard_20260329-093450Z_entropy-sensitivity-0.03.csv",
  "reward_leaderboard_path": "D:\\code\\agentic-development\\reinforcement-learning-stocks\\data\\experiment_snapshots\\experiment_reward_leaderboard_20260329-093450Z_entropy-sensitivity-0.03.csv",
  "top3": [
    {
      "seed": 7,
      "timesteps": 20000,
      "learning_rate": 0.0003,
      "gamma": 0.99,
      "ent_coef": 0.03,
      "include_news": 1,
      "threshold": 0.002,
      "horizon": 1,
      "transaction_cost_rate": 0.001,
      "trade_penalty": 0.05,
      "reward_return_scale": 1.0,
      "reward_direction_scale": 0.35,
      "reward_hold_penalty_scale": 0.1,
      "reward_drawdown_penalty_scale": 0.1,
      "reward_action_bonus_scale": 0.02,
      "reward_clip": 1.0,
      "reward_ignore_transaction_cost": 1,
      "val_overall_accuracy": 0.45307443365695793,
      "val_actionable_accuracy": 0.5283018867924528,
      "val_trade_win_rate": 0.5307443365695793,
      "val_cumulative_signal_return": 0.2320408516045951,
      "test_overall_accuracy": 0.45161290322580644,
      "test_actionable_accuracy": 0.5243445692883895,
      "test_trade_win_rate": 0.5032258064516129,
      "test_cumulative_signal_return": 0.2710919897328956,
      "ranking_score": 0.46978241468801923,
      "val_reward_total_mean": 0.019827094142700646,
      "val_reward_total_sum": 6.1265720900945,
      "val_reward_portfolio_return_mean": 0.001247002223181185,
      "val_reward_direction_mean": 0.000264730291109776,
      "val_reward_hold_penalty_mean": 0.0,
      "val_reward_action_bonus_mean": 0.02,
      "val_reward_drawdown_penalty_mean": -0.0016846383715903124,
      "val_reward_drawdown_mean": 0.01684638371590312,
      "test_reward_total_mean": 0.00573351632511975,
      "test_reward_total_sum": 1.7773900607871225,
      "test_reward_portfolio_return_mean": 0.00030087777030627657,
      "test_reward_direction_mean": 0.0004267716756549029,
      "test_reward_hold_penalty_mean": -0.00047881146516272067,
      "test_reward_action_bonus_mean": 0.010193548387096775,
      "test_reward_drawdown_penalty_mean": -0.0047088700427754815,
      "test_reward_drawdown_mean": 0.04708870042775482
    },
    {
      "seed": 21,
      "timesteps": 20000,
      "learning_rate": 0.0003,
      "gamma": 0.99,
      "ent_coef": 0.03,
      "include_news": 1,
      "threshold": 0.002,
      "horizon": 1,
      "transaction_cost_rate": 0.001,
      "trade_penalty": 0.05,
      "reward_return_scale": 1.0,
      "reward_direction_scale": 0.35,
      "reward_hold_penalty_scale": 0.1,
      "reward_drawdown_penalty_scale": 0.1,
      "reward_action_bonus_scale": 0.02,
      "reward_clip": 1.0,
      "reward_ignore_transaction_cost": 1,
      "val_overall_accuracy": 0.45307443365695793,
      "val_actionable_accuracy": 0.5283018867924528,
      "val_trade_win_rate": 0.5307443365695793,
      "val_cumulative_signal_return": 0.2320408516045951,
      "test_overall_accuracy": 0.45161290322580644,
      "test_actionable_accuracy": 0.5243445692883895,
      "test_trade_win_rate": 0.5032258064516129,
      "test_cumulative_signal_return": 0.2710919897328956,
      "ranking_score": 0.46978241468801923,
      "val_reward_total_mean": 0.019827094142700646,
      "val_reward_total_sum": 6.1265720900945,
      "val_reward_portfolio_return_mean": 0.001247002223181185,
      "val_reward_direction_mean": 0.000264730291109776,
      "val_reward_hold_penalty_mean": 0.0,
      "val_reward_action_bonus_mean": 0.02,
      "val_reward_drawdown_penalty_mean": -0.0016846383715903124,
      "val_reward_drawdown_mean": 0.01684638371590312,
      "test_reward_total_mean": 0.00573351632511975,
      "test_reward_total_sum": 1.7773900607871225,
      "test_reward_portfolio_return_mean": 0.00030087777030627657,
      "test_reward_direction_mean": 0.0004267716756549029,
      "test_reward_hold_penalty_mean": -0.00047881146516272067,
      "test_reward_action_bonus_mean": 0.010193548387096775,
      "test_reward_drawdown_penalty_mean": -0.0047088700427754815,
      "test_reward_drawdown_mean": 0.04708870042775482
    },
    {
      "seed": 13,
      "timesteps": 20000,
      "learning_rate": 0.0003,
      "gamma": 0.99,
      "ent_coef": 0.03,
      "include_news": 1,
      "threshold": 0.002,
      "horizon": 1,
      "transaction_cost_rate": 0.001,
      "trade_penalty": 0.05,
      "reward_return_scale": 1.0,
      "reward_direction_scale": 0.35,
      "reward_hold_penalty_scale": 0.1,
      "reward_drawdown_penalty_scale": 0.1,
      "reward_action_bonus_scale": 0.02,
      "reward_clip": 1.0,
      "reward_ignore_transaction_cost": 1,
      "val_overall_accuracy": 0.43042071197411,
      "val_actionable_accuracy": 0.5018867924528302,
      "val_trade_win_rate": 0.4886731391585761,
      "val_cumulative_signal_return": 0.029465983649369143,
      "test_overall_accuracy": 0.45161290322580644,
      "test_actionable_accuracy": 0.5243445692883895,
      "test_trade_win_rate": 0.5032258064516129,
      "test_cumulative_signal_return": 0.2710919897328956,
      "ranking_score": 0.40343853470386176,
      "val_reward_total_mean": 0.014895850079546868,
      "val_reward_total_sum": 4.602817674579982,
      "val_reward_portfolio_return_mean": 0.0010072001441325587,
      "val_reward_direction_mean": 0.00015867698105095232,
      "val_reward_hold_penalty_mean": -0.00015114404985243227,
      "val_reward_action_bonus_mean": 0.017928802588996765,
      "val_reward_drawdown_penalty_mean": -0.004047685584780976,
      "val_reward_drawdown_mean": 0.040476855847809766,
      "test_reward_total_mean": 0.00573351632511975,
      "test_reward_total_sum": 1.7773900607871225,
      "test_reward_portfolio_return_mean": 0.00030087777030627657,
      "test_reward_direction_mean": 0.0004267716756549029,
      "test_reward_hold_penalty_mean": -0.00047881146516272067,
      "test_reward_action_bonus_mean": 0.010193548387096775,
      "test_reward_drawdown_penalty_mean": -0.0047088700427754815,
      "test_reward_drawdown_mean": 0.04708870042775482
    }
  ]
}