{
  "rows": 3,
  "generated_at_utc": "20260329-195556Z",
  "leaderboard_path": "D:\\code\\agentic-development\\reinforcement-learning-stocks\\data\\experiment_snapshots\\experiment_leaderboard_20260329-195556Z_insights-stability-cpu.csv",
  "reward_leaderboard_path": "D:\\code\\agentic-development\\reinforcement-learning-stocks\\data\\experiment_snapshots\\experiment_reward_leaderboard_20260329-195556Z_insights-stability-cpu.csv",
  "top3": [
    {
      "seed": 7,
      "timesteps": 5000,
      "learning_rate": 0.0003,
      "gamma": 0.99,
      "ent_coef": 0.01,
      "include_news": 1,
      "threshold": 0.002,
      "horizon": 1,
      "transaction_cost_rate": 0.001,
      "trade_penalty": 0.05,
      "reward_return_scale": 1.0,
      "reward_direction_scale": 0.35,
      "reward_hold_penalty_scale": 0.03,
      "reward_drawdown_penalty_scale": 0.1,
      "reward_action_bonus_scale": 0.03,
      "reward_clip": 1.0,
      "reward_ignore_transaction_cost": 1,
      "val_overall_accuracy": 0.49514563106796117,
      "val_actionable_accuracy": 0.5773584905660377,
      "val_trade_win_rate": 0.5566343042071198,
      "val_cumulative_signal_return": 0.7083113478987968,
      "test_overall_accuracy": 0.44516129032258067,
      "test_actionable_accuracy": 0.5168539325842697,
      "test_trade_win_rate": 0.5096774193548387,
      "test_cumulative_signal_return": 0.006477025474912246,
      "ranking_score": 0.5973318061249142,
      "val_reward_total_mean": -0.0005763021821103643,
      "val_reward_total_sum": -0.17807737427210257,
      "val_reward_portfolio_return_mean": 0.0017775869793667284,
      "val_reward_direction_mean": 0.0006350259533244536,
      "val_reward_hold_penalty_mean": 0.0,
      "val_reward_action_bonus_mean": 9.708737864077669e-05,
      "val_reward_drawdown_penalty_mean": -0.0030860024934423235,
      "val_reward_drawdown_mean": 0.03086002493442323,
      "test_reward_total_mean": -0.006496613601044127,
      "test_reward_total_sum": -2.0139502163236793,
      "test_reward_portfolio_return_mean": 4.8759569070328504e-05,
      "test_reward_direction_mean": 1.933142931302629e-05,
      "test_reward_hold_penalty_mean": 0.0,
      "test_reward_action_bonus_mean": 9.67741935483871e-05,
      "test_reward_drawdown_penalty_mean": -0.006661478792975869,
      "test_reward_drawdown_mean": 0.0666147879297587
    },
    {
      "seed": 13,
      "timesteps": 5000,
      "learning_rate": 0.0003,
      "gamma": 0.99,
      "ent_coef": 0.01,
      "include_news": 1,
      "threshold": 0.002,
      "horizon": 1,
      "transaction_cost_rate": 0.001,
      "trade_penalty": 0.05,
      "reward_return_scale": 1.0,
      "reward_direction_scale": 0.35,
      "reward_hold_penalty_scale": 0.03,
      "reward_drawdown_penalty_scale": 0.1,
      "reward_action_bonus_scale": 0.03,
      "reward_clip": 1.0,
      "reward_ignore_transaction_cost": 1,
      "val_overall_accuracy": 0.36245954692556637,
      "val_actionable_accuracy": 0.4226415094339623,
      "val_trade_win_rate": 0.4401294498381877,
      "val_cumulative_signal_return": -0.4508162087878642,
      "test_overall_accuracy": 0.4161290322580645,
      "test_actionable_accuracy": 0.48314606741573035,
      "test_trade_win_rate": 0.4870967741935484,
      "test_cumulative_signal_return": -0.10062752837551303,
      "ranking_score": 0.2531963479108646,
      "val_reward_total_mean": -0.0350259392407242,
      "val_reward_total_sum": -10.823015225383779,
      "val_reward_portfolio_return_mean": -0.003177494591985776,
      "val_reward_direction_mean": -0.0006350259533244536,
      "val_reward_hold_penalty_mean": 0.0,
      "val_reward_action_bonus_mean": 9.708737864077669e-05,
      "val_reward_drawdown_penalty_mean": -0.031310506074054764,
      "val_reward_drawdown_mean": 0.3131050607405475,
      "test_reward_total_mean": -0.01949799189091801,
      "test_reward_total_sum": -6.044377486184582,
      "test_reward_portfolio_return_mean": 0.00022741643969457644,
      "test_reward_direction_mean": -1.933142931302629e-05,
      "test_reward_hold_penalty_mean": 0.0,
      "test_reward_action_bonus_mean": 9.67741935483871e-05,
      "test_reward_drawdown_penalty_mean": -0.019802851094847945,
      "test_reward_drawdown_mean": 0.19802851094847942
    },
    {
      "seed": 21,
      "timesteps": 5000,
      "learning_rate": 0.0003,
      "gamma": 0.99,
      "ent_coef": 0.01,
      "include_news": 1,
      "threshold": 0.002,
      "horizon": 1,
      "transaction_cost_rate": 0.001,
      "trade_penalty": 0.05,
      "reward_return_scale": 1.0,
      "reward_direction_scale": 0.35,
      "reward_hold_penalty_scale": 0.03,
      "reward_drawdown_penalty_scale": 0.1,
      "reward_action_bonus_scale": 0.03,
      "reward_clip": 1.0,
      "reward_ignore_transaction_cost": 1,
      "val_overall_accuracy": 0.1423948220064725,
      "val_actionable_accuracy": 0.0,
      "val_trade_win_rate": 0.0,
      "val_cumulative_signal_return": 0.0,
      "test_overall_accuracy": 0.13870967741935483,
      "test_actionable_accuracy": 0.0,
      "test_trade_win_rate": 0.0,
      "test_cumulative_signal_return": 0.0,
      "ranking_score": 0.0,
      "val_reward_total_mean": -0.00032299965785310405,
      "val_reward_total_sum": -0.09980689427660916,
      "val_reward_portfolio_return_mean": 0.0,
      "val_reward_direction_mean": 0.0,
      "val_reward_hold_penalty_mean": -0.00032299965785310405,
      "val_reward_action_bonus_mean": 0.0,
      "val_reward_drawdown_penalty_mean": 0.0,
      "val_reward_drawdown_mean": 0.0,
      "test_reward_total_mean": -0.0003678093270169879,
      "test_reward_total_sum": -0.11402089137526625,
      "test_reward_portfolio_return_mean": 0.0,
      "test_reward_direction_mean": 0.0,
      "test_reward_hold_penalty_mean": -0.0003678093270169879,
      "test_reward_action_bonus_mean": 0.0,
      "test_reward_drawdown_penalty_mean": 0.0,
      "test_reward_drawdown_mean": 0.0
    }
  ]
}