{
  "rows": 3,
  "generated_at_utc": "20260329-093739Z",
  "leaderboard_path": "D:\\code\\agentic-development\\reinforcement-learning-stocks\\data\\experiment_snapshots\\experiment_leaderboard_20260329-093739Z_frontier-hold0.15-entropy0.05.csv",
  "reward_leaderboard_path": "D:\\code\\agentic-development\\reinforcement-learning-stocks\\data\\experiment_snapshots\\experiment_reward_leaderboard_20260329-093739Z_frontier-hold0.15-entropy0.05.csv",
  "top3": [
    {
      "seed": 21,
      "timesteps": 20000,
      "learning_rate": 0.0003,
      "gamma": 0.99,
      "ent_coef": 0.05,
      "include_news": 1,
      "threshold": 0.002,
      "horizon": 1,
      "transaction_cost_rate": 0.001,
      "trade_penalty": 0.05,
      "reward_return_scale": 1.0,
      "reward_direction_scale": 0.35,
      "reward_hold_penalty_scale": 0.15,
      "reward_drawdown_penalty_scale": 0.1,
      "reward_action_bonus_scale": 0.02,
      "reward_clip": 1.0,
      "reward_ignore_transaction_cost": 1,
      "val_overall_accuracy": 0.45307443365695793,
      "val_actionable_accuracy": 0.5283018867924528,
      "val_trade_win_rate": 0.5307443365695793,
      "val_cumulative_signal_return": 0.2320408516045951,
      "test_overall_accuracy": 0.45161290322580644,
      "test_actionable_accuracy": 0.5243445692883895,
      "test_trade_win_rate": 0.5032258064516129,
      "test_cumulative_signal_return": 0.2710919897328956,
      "ranking_score": 0.46978241468801923,
      "val_reward_total_mean": 0.019827094142700646,
      "val_reward_total_sum": 6.1265720900945,
      "val_reward_portfolio_return_mean": 0.001247002223181185,
      "val_reward_direction_mean": 0.000264730291109776,
      "val_reward_hold_penalty_mean": 0.0,
      "val_reward_action_bonus_mean": 0.02,
      "val_reward_drawdown_penalty_mean": -0.0016846383715903124,
      "val_reward_drawdown_mean": 0.01684638371590312,
      "test_reward_total_mean": 0.00549411059253839,
      "test_reward_total_sum": 1.7031742836869008,
      "test_reward_portfolio_return_mean": 0.00030087777030627657,
      "test_reward_direction_mean": 0.0004267716756549029,
      "test_reward_hold_penalty_mean": -0.0007182171977440809,
      "test_reward_action_bonus_mean": 0.010193548387096775,
      "test_reward_drawdown_penalty_mean": -0.0047088700427754815,
      "test_reward_drawdown_mean": 0.04708870042775482
    },
    {
      "seed": 7,
      "timesteps": 20000,
      "learning_rate": 0.0003,
      "gamma": 0.99,
      "ent_coef": 0.05,
      "include_news": 1,
      "threshold": 0.002,
      "horizon": 1,
      "transaction_cost_rate": 0.001,
      "trade_penalty": 0.05,
      "reward_return_scale": 1.0,
      "reward_direction_scale": 0.35,
      "reward_hold_penalty_scale": 0.15,
      "reward_drawdown_penalty_scale": 0.1,
      "reward_action_bonus_scale": 0.02,
      "reward_clip": 1.0,
      "reward_ignore_transaction_cost": 1,
      "val_overall_accuracy": 0.4336569579288026,
      "val_actionable_accuracy": 0.5056603773584906,
      "val_trade_win_rate": 0.4886731391585761,
      "val_cumulative_signal_return": 0.08272535977365458,
      "test_overall_accuracy": 0.45161290322580644,
      "test_actionable_accuracy": 0.5243445692883895,
      "test_trade_win_rate": 0.5032258064516129,
      "test_cumulative_signal_return": 0.2710919897328956,
      "ranking_score": 0.41597720238154906,
      "val_reward_total_mean": 0.018894109721571267,
      "val_reward_total_sum": 5.838279903965522,
      "val_reward_portfolio_return_mean": 0.001077800585662792,
      "val_reward_direction_mean": 0.00013994526813035387,
      "val_reward_hold_penalty_mean": -2.689291978191141e-06,
      "val_reward_action_bonus_mean": 0.01993527508090615,
      "val_reward_drawdown_penalty_mean": -0.0022562219211498353,
      "val_reward_drawdown_mean": 0.02256221921149835,
      "test_reward_total_mean": 0.00549411059253839,
      "test_reward_total_sum": 1.7031742836869008,
      "test_reward_portfolio_return_mean": 0.00030087777030627657,
      "test_reward_direction_mean": 0.0004267716756549029,
      "test_reward_hold_penalty_mean": -0.0007182171977440809,
      "test_reward_action_bonus_mean": 0.010193548387096775,
      "test_reward_drawdown_penalty_mean": -0.0047088700427754815,
      "test_reward_drawdown_mean": 0.04708870042775482
    },
    {
      "seed": 13,
      "timesteps": 20000,
      "learning_rate": 0.0003,
      "gamma": 0.99,
      "ent_coef": 0.05,
      "include_news": 1,
      "threshold": 0.002,
      "horizon": 1,
      "transaction_cost_rate": 0.001,
      "trade_penalty": 0.05,
      "reward_return_scale": 1.0,
      "reward_direction_scale": 0.35,
      "reward_hold_penalty_scale": 0.15,
      "reward_drawdown_penalty_scale": 0.1,
      "reward_action_bonus_scale": 0.02,
      "reward_clip": 1.0,
      "reward_ignore_transaction_cost": 1,
      "val_overall_accuracy": 0.4401294498381877,
      "val_actionable_accuracy": 0.5132075471698113,
      "val_trade_win_rate": 0.5016181229773463,
      "val_cumulative_signal_return": 0.03088223225686937,
      "test_overall_accuracy": 0.4612903225806452,
      "test_actionable_accuracy": 0.5355805243445693,
      "test_trade_win_rate": 0.5193548387096775,
      "test_cumulative_signal_return": 0.5915039118245524,
      "ranking_score": 0.4132656569294834,
      "val_reward_total_mean": -0.0012989787440549907,
      "val_reward_total_sum": -0.4013844319129921,
      "val_reward_portfolio_return_mean": 0.0009892335053944636,
      "val_reward_direction_mean": -0.00027757101180784003,
      "val_reward_hold_penalty_mean": -0.00125094943096883,
      "val_reward_action_bonus_mean": 0.004724919093851133,
      "val_reward_drawdown_penalty_mean": -0.005484610900523918,
      "val_reward_drawdown_mean": 0.054846109005239174,
      "test_reward_total_mean": 0.00011950331374928786,
      "test_reward_total_sum": 0.037046027262279235,
      "test_reward_portfolio_return_mean": 0.0005938045685386662,
      "test_reward_direction_mean": 0.0003062621680643521,
      "test_reward_hold_penalty_mean": -0.0012093324337546704,
      "test_reward_action_bonus_mean": 0.004580645161290323,
      "test_reward_drawdown_penalty_mean": -0.004151876150389382,
      "test_reward_drawdown_mean": 0.041518761503893824
    }
  ]
}