{
  "rows": 3,
  "generated_at_utc": "20260329-093241Z",
  "leaderboard_path": "D:\\code\\agentic-development\\reinforcement-learning-stocks\\data\\experiment_snapshots\\experiment_leaderboard_20260329-093241Z_entropy-sensitivity-0.05.csv",
  "reward_leaderboard_path": "D:\\code\\agentic-development\\reinforcement-learning-stocks\\data\\experiment_snapshots\\experiment_reward_leaderboard_20260329-093241Z_entropy-sensitivity-0.05.csv",
  "top3": [
    {
      "seed": 7,
      "timesteps": 20000,
      "learning_rate": 0.0003,
      "gamma": 0.99,
      "ent_coef": 0.05,
      "include_news": 1,
      "threshold": 0.002,
      "horizon": 1,
      "transaction_cost_rate": 0.001,
      "trade_penalty": 0.05,
      "reward_return_scale": 1.0,
      "reward_direction_scale": 0.35,
      "reward_hold_penalty_scale": 0.1,
      "reward_drawdown_penalty_scale": 0.1,
      "reward_action_bonus_scale": 0.02,
      "reward_clip": 1.0,
      "reward_ignore_transaction_cost": 1,
      "val_overall_accuracy": 0.47249190938511326,
      "val_actionable_accuracy": 0.5509433962264151,
      "val_trade_win_rate": 0.540453074433657,
      "val_cumulative_signal_return": 0.4080507250993821,
      "test_overall_accuracy": 0.47096774193548385,
      "test_actionable_accuracy": 0.5468164794007491,
      "test_trade_win_rate": 0.5290322580645161,
      "test_cumulative_signal_return": 0.765232197051023,
      "ranking_score": 0.519217765463181,
      "val_reward_total_mean": 0.0102978755224784,
      "val_reward_total_sum": 3.1820435364458257,
      "val_reward_portfolio_return_mean": 0.0013975169393168666,
      "val_reward_direction_mean": 0.00021081452712332638,
      "val_reward_hold_penalty_mean": -0.00047148337596729503,
      "val_reward_action_bonus_mean": 0.01190938511326861,
      "val_reward_drawdown_penalty_mean": -0.002748357681263106,
      "val_reward_drawdown_mean": 0.02748357681263106,
      "test_reward_total_mean": 0.0012016353523596022,
      "test_reward_total_sum": 0.3725069592314767,
      "test_reward_portfolio_return_mean": 0.0009083635544486259,
      "test_reward_direction_mean": 0.00035118203409707544,
      "test_reward_hold_penalty_mean": -0.0007750127681054617,
      "test_reward_action_bonus_mean": 0.005225806451612904,
      "test_reward_drawdown_penalty_mean": -0.00450870391969354,
      "test_reward_drawdown_mean": 0.04508703919693541
    },
    {
      "seed": 13,
      "timesteps": 20000,
      "learning_rate": 0.0003,
      "gamma": 0.99,
      "ent_coef": 0.05,
      "include_news": 1,
      "threshold": 0.002,
      "horizon": 1,
      "transaction_cost_rate": 0.001,
      "trade_penalty": 0.05,
      "reward_return_scale": 1.0,
      "reward_direction_scale": 0.35,
      "reward_hold_penalty_scale": 0.1,
      "reward_drawdown_penalty_scale": 0.1,
      "reward_action_bonus_scale": 0.02,
      "reward_clip": 1.0,
      "reward_ignore_transaction_cost": 1,
      "val_overall_accuracy": 0.45307443365695793,
      "val_actionable_accuracy": 0.5283018867924528,
      "val_trade_win_rate": 0.5307443365695793,
      "val_cumulative_signal_return": 0.2320408516045951,
      "test_overall_accuracy": 0.45161290322580644,
      "test_actionable_accuracy": 0.5243445692883895,
      "test_trade_win_rate": 0.5032258064516129,
      "test_cumulative_signal_return": 0.2710919897328956,
      "ranking_score": 0.46978241468801923,
      "val_reward_total_mean": 0.019827094142700646,
      "val_reward_total_sum": 6.1265720900945,
      "val_reward_portfolio_return_mean": 0.001247002223181185,
      "val_reward_direction_mean": 0.000264730291109776,
      "val_reward_hold_penalty_mean": 0.0,
      "val_reward_action_bonus_mean": 0.02,
      "val_reward_drawdown_penalty_mean": -0.0016846383715903124,
      "val_reward_drawdown_mean": 0.01684638371590312,
      "test_reward_total_mean": 0.00573351632511975,
      "test_reward_total_sum": 1.7773900607871225,
      "test_reward_portfolio_return_mean": 0.00030087777030627657,
      "test_reward_direction_mean": 0.0004267716756549029,
      "test_reward_hold_penalty_mean": -0.00047881146516272067,
      "test_reward_action_bonus_mean": 0.010193548387096775,
      "test_reward_drawdown_penalty_mean": -0.0047088700427754815,
      "test_reward_drawdown_mean": 0.04708870042775482
    },
    {
      "seed": 21,
      "timesteps": 20000,
      "learning_rate": 0.0003,
      "gamma": 0.99,
      "ent_coef": 0.05,
      "include_news": 1,
      "threshold": 0.002,
      "horizon": 1,
      "transaction_cost_rate": 0.001,
      "trade_penalty": 0.05,
      "reward_return_scale": 1.0,
      "reward_direction_scale": 0.35,
      "reward_hold_penalty_scale": 0.1,
      "reward_drawdown_penalty_scale": 0.1,
      "reward_action_bonus_scale": 0.02,
      "reward_clip": 1.0,
      "reward_ignore_transaction_cost": 1,
      "val_overall_accuracy": 0.45307443365695793,
      "val_actionable_accuracy": 0.5283018867924528,
      "val_trade_win_rate": 0.5307443365695793,
      "val_cumulative_signal_return": 0.2320408516045951,
      "test_overall_accuracy": 0.44193548387096776,
      "test_actionable_accuracy": 0.5131086142322098,
      "test_trade_win_rate": 0.4838709677419355,
      "test_cumulative_signal_return": 0.38582510929959457,
      "ranking_score": 0.46978241468801923,
      "val_reward_total_mean": 0.019827094142700646,
      "val_reward_total_sum": 6.1265720900945,
      "val_reward_portfolio_return_mean": 0.001247002223181185,
      "val_reward_direction_mean": 0.000264730291109776,
      "val_reward_hold_penalty_mean": 0.0,
      "val_reward_action_bonus_mean": 0.02,
      "val_reward_drawdown_penalty_mean": -0.0016846383715903124,
      "val_reward_drawdown_mean": 0.01684638371590312,
      "test_reward_total_mean": 0.016845115454005445,
      "test_reward_total_sum": 5.221985790741688,
      "test_reward_portfolio_return_mean": 0.0005351541800523136,
      "test_reward_direction_mean": 0.0004666260842640066,
      "test_reward_hold_penalty_mean": 0.0,
      "test_reward_action_bonus_mean": 0.02,
      "test_reward_drawdown_penalty_mean": -0.004156664810310873,
      "test_reward_drawdown_mean": 0.04156664810310872
    }
  ]
}