{
  "rows": 8,
  "generated_at_utc": "20260329-082112Z",
  "leaderboard_path": "D:\\code\\agentic-development\\reinforcement-learning-stocks\\data\\experiment_snapshots\\experiment_leaderboard_20260329-082112Z_phase2-dir0.5.csv",
  "reward_leaderboard_path": "D:\\code\\agentic-development\\reinforcement-learning-stocks\\data\\experiment_snapshots\\experiment_reward_leaderboard_20260329-082112Z_phase2-dir0.5.csv",
  "top3": [
    {
      "seed": 21,
      "timesteps": 20000,
      "learning_rate": 0.0003,
      "gamma": 0.99,
      "ent_coef": 0.01,
      "include_news": 1,
      "threshold": 0.002,
      "horizon": 1,
      "transaction_cost_rate": 0.001,
      "trade_penalty": 0.05,
      "reward_return_scale": 1.0,
      "reward_direction_scale": 0.5,
      "reward_hold_penalty_scale": 0.05,
      "reward_drawdown_penalty_scale": 0.1,
      "reward_action_bonus_scale": 0.02,
      "reward_clip": 1.0,
      "reward_ignore_transaction_cost": 1,
      "val_overall_accuracy": 0.48220064724919093,
      "val_actionable_accuracy": 0.5622641509433962,
      "val_trade_win_rate": 0.5436893203883495,
      "val_cumulative_signal_return": 0.7006173002371374,
      "test_overall_accuracy": 0.45161290322580644,
      "test_actionable_accuracy": 0.5243445692883895,
      "test_trade_win_rate": 0.5032258064516129,
      "test_cumulative_signal_return": 0.2710919897328956,
      "ranking_score": 0.5843623316356304,
      "val_reward_total_mean": 0.021076609819080428,
      "val_reward_total_sum": 6.512672434095852,
      "val_reward_portfolio_return_mean": 0.00173063660550242,
      "val_reward_direction_mean": 0.000830545399616812,
      "val_reward_hold_penalty_mean": -1.0050914527096335e-05,
      "val_reward_action_bonus_mean": 0.019741100323624593,
      "val_reward_drawdown_penalty_mean": -0.0012156215951363023,
      "val_reward_drawdown_mean": 0.012156215951363023,
      "test_reward_total_mean": 0.006155824204410356,
      "test_reward_total_sum": 1.9083055033672103,
      "test_reward_portfolio_return_mean": 0.00030087777030627657,
      "test_reward_direction_mean": 0.0006096738223641471,
      "test_reward_hold_penalty_mean": -0.00023940573258136034,
      "test_reward_action_bonus_mean": 0.010193548387096775,
      "test_reward_drawdown_penalty_mean": -0.0047088700427754815,
      "test_reward_drawdown_mean": 0.04708870042775482
    },
    {
      "seed": 7,
      "timesteps": 20000,
      "learning_rate": 0.0003,
      "gamma": 0.99,
      "ent_coef": 0.01,
      "include_news": 1,
      "threshold": 0.002,
      "horizon": 1,
      "transaction_cost_rate": 0.001,
      "trade_penalty": 0.05,
      "reward_return_scale": 1.0,
      "reward_direction_scale": 0.5,
      "reward_hold_penalty_scale": 0.05,
      "reward_drawdown_penalty_scale": 0.1,
      "reward_action_bonus_scale": 0.02,
      "reward_clip": 1.0,
      "reward_ignore_transaction_cost": 1,
      "val_overall_accuracy": 0.47249190938511326,
      "val_actionable_accuracy": 0.5509433962264151,
      "val_trade_win_rate": 0.540453074433657,
      "val_cumulative_signal_return": 0.40805072509938256,
      "test_overall_accuracy": 0.46774193548387094,
      "test_actionable_accuracy": 0.5430711610486891,
      "test_trade_win_rate": 0.5258064516129032,
      "test_cumulative_signal_return": 0.736508478448141,
      "ranking_score": 0.5192177654631811,
      "val_reward_total_mean": 0.010623966293514902,
      "val_reward_total_sum": 3.2828055846961046,
      "val_reward_portfolio_return_mean": 0.0013975169393168662,
      "val_reward_direction_mean": 0.0003011636101761809,
      "val_reward_hold_penalty_mean": -0.00023574168798364751,
      "val_reward_action_bonus_mean": 0.01190938511326861,
      "val_reward_drawdown_penalty_mean": -0.0027483576812631057,
      "val_reward_drawdown_mean": 0.027483576812631055,
      "test_reward_total_mean": 0.0012865351247809244,
      "test_reward_total_sum": 0.39882588868208657,
      "test_reward_portfolio_return_mean": 0.0008786570519852926,
      "test_reward_direction_mean": 0.00048668274321944665,
      "test_reward_hold_penalty_mean": -0.0003939694532149101,
      "test_reward_action_bonus_mean": 0.004838709677419355,
      "test_reward_drawdown_penalty_mean": -0.00452354489462826,
      "test_reward_drawdown_mean": 0.045235448946282585
    },
    {
      "seed": 34,
      "timesteps": 20000,
      "learning_rate": 0.0003,
      "gamma": 0.99,
      "ent_coef": 0.01,
      "include_news": 1,
      "threshold": 0.002,
      "horizon": 1,
      "transaction_cost_rate": 0.001,
      "trade_penalty": 0.05,
      "reward_return_scale": 1.0,
      "reward_direction_scale": 0.5,
      "reward_hold_penalty_scale": 0.05,
      "reward_drawdown_penalty_scale": 0.1,
      "reward_action_bonus_scale": 0.02,
      "reward_clip": 1.0,
      "reward_ignore_transaction_cost": 1,
      "val_overall_accuracy": 0.47249190938511326,
      "val_actionable_accuracy": 0.5509433962264151,
      "val_trade_win_rate": 0.540453074433657,
      "val_cumulative_signal_return": 0.40805072509938256,
      "test_overall_accuracy": 0.5,
      "test_actionable_accuracy": 0.5805243445692884,
      "test_trade_win_rate": 0.5451612903225806,
      "test_cumulative_signal_return": 1.1346107895216226,
      "ranking_score": 0.5192177654631811,
      "val_reward_total_mean": 0.010623966293514902,
      "val_reward_total_sum": 3.2828055846961046,
      "val_reward_portfolio_return_mean": 0.0013975169393168662,
      "val_reward_direction_mean": 0.0003011636101761809,
      "val_reward_hold_penalty_mean": -0.00023574168798364751,
      "val_reward_action_bonus_mean": 0.01190938511326861,
      "val_reward_drawdown_penalty_mean": -0.0027483576812631057,
      "val_reward_drawdown_mean": 0.027483576812631055,
      "test_reward_total_mean": 0.012344484284222359,
      "test_reward_total_sum": 3.8267901281089314,
      "test_reward_portfolio_return_mean": 0.0011051999401647376,
      "test_reward_direction_mean": 0.0010757274167730309,
      "test_reward_hold_penalty_mean": -0.00014489572382730647,
      "test_reward_action_bonus_mean": 0.014967741935483872,
      "test_reward_drawdown_penalty_mean": -0.004659289284371975,
      "test_reward_drawdown_mean": 0.04659289284371974
    }
  ]
}