{
  "rows": 3,
  "generated_at_utc": "20260330-063406Z",
  "leaderboard_path": "D:\\code\\agentic-development\\reinforcement-learning-stocks\\data\\experiment_snapshots\\experiment_leaderboard_20260330-063406Z_insights-accuracy.csv",
  "reward_leaderboard_path": "D:\\code\\agentic-development\\reinforcement-learning-stocks\\data\\experiment_snapshots\\experiment_reward_leaderboard_20260330-063406Z_insights-accuracy.csv",
  "top3": [
    {
      "seed": 13,
      "timesteps": 30000,
      "learning_rate": 0.0003,
      "gamma": 0.992,
      "ent_coef": 0.02,
      "include_news": 1,
      "threshold": 0.002,
      "horizon": 1,
      "transaction_cost_rate": 0.001,
      "trade_penalty": 0.05,
      "reward_return_scale": 1.1,
      "reward_direction_scale": 0.4,
      "reward_hold_penalty_scale": 0.04,
      "reward_drawdown_penalty_scale": 0.1,
      "reward_action_bonus_scale": 0.05,
      "reward_clip": 1.0,
      "reward_ignore_transaction_cost": 1,
      "val_overall_accuracy": 0.3268608414239482,
      "val_actionable_accuracy": 0.6060606060606061,
      "val_trade_win_rate": 0.5870967741935483,
      "val_cumulative_signal_return": 0.47350379057650605,
      "test_overall_accuracy": 0.36451612903225805,
      "test_actionable_accuracy": 0.5303030303030303,
      "test_trade_win_rate": 0.5107296137339056,
      "test_cumulative_signal_return": 0.17319730494765828,
      "ranking_score": 0.5738600934036687,
      "val_reward_total_mean": 0.04971244103016881,
      "val_reward_total_sum": 15.361144278322161,
      "val_reward_portfolio_return_mean": 0.001393662784221878,
      "val_reward_direction_mean": 0.0002115975212655301,
      "val_reward_hold_penalty_mean": -0.00021017729815762313,
      "val_reward_action_bonus_mean": 0.049999999999999996,
      "val_reward_drawdown_penalty_mean": -0.0016826419771609872,
      "val_reward_drawdown_mean": 0.016826419771609872,
      "test_reward_total_mean": 0.020679261271472595,
      "test_reward_total_sum": 6.4105709941565046,
      "test_reward_portfolio_return_mean": 0.0005294037256024247,
      "test_reward_direction_mean": -0.0002806053414414352,
      "test_reward_hold_penalty_mean": -0.00015917840760618117,
      "test_reward_action_bonus_mean": 0.025,
      "test_reward_drawdown_penalty_mean": -0.004410358705082217,
      "test_reward_drawdown_mean": 0.04410358705082217
    },
    {
      "seed": 21,
      "timesteps": 30000,
      "learning_rate": 0.0003,
      "gamma": 0.992,
      "ent_coef": 0.02,
      "include_news": 1,
      "threshold": 0.002,
      "horizon": 1,
      "transaction_cost_rate": 0.001,
      "trade_penalty": 0.05,
      "reward_return_scale": 1.1,
      "reward_direction_scale": 0.4,
      "reward_hold_penalty_scale": 0.04,
      "reward_drawdown_penalty_scale": 0.1,
      "reward_action_bonus_scale": 0.05,
      "reward_clip": 1.0,
      "reward_ignore_transaction_cost": 1,
      "val_overall_accuracy": 0.3268608414239482,
      "val_actionable_accuracy": 0.6060606060606061,
      "val_trade_win_rate": 0.5870967741935483,
      "val_cumulative_signal_return": 0.47350379057650605,
      "test_overall_accuracy": 0.29354838709677417,
      "test_actionable_accuracy": 0.5032258064516129,
      "test_trade_win_rate": 0.4702702702702703,
      "test_cumulative_signal_return": 0.11015495289307808,
      "ranking_score": 0.5738600934036687,
      "val_reward_total_mean": 0.04971244103016881,
      "val_reward_total_sum": 15.361144278322161,
      "val_reward_portfolio_return_mean": 0.001393662784221878,
      "val_reward_direction_mean": 0.0002115975212655301,
      "val_reward_hold_penalty_mean": -0.00021017729815762313,
      "val_reward_action_bonus_mean": 0.049999999999999996,
      "val_reward_drawdown_penalty_mean": -0.0016826419771609872,
      "val_reward_drawdown_mean": 0.016826419771609872,
      "test_reward_total_mean": 0.043494166392024594,
      "test_reward_total_sum": 13.483191581527624,
      "test_reward_portfolio_return_mean": 0.000311004712220846,
      "test_reward_direction_mean": -0.00020391031058903275,
      "test_reward_hold_penalty_mean": -0.0002133317478747957,
      "test_reward_action_bonus_mean": 0.049999999999999996,
      "test_reward_drawdown_penalty_mean": -0.006399596261732428,
      "test_reward_drawdown_mean": 0.06399596261732426
    },
    {
      "seed": 7,
      "timesteps": 30000,
      "learning_rate": 0.0003,
      "gamma": 0.992,
      "ent_coef": 0.02,
      "include_news": 1,
      "threshold": 0.002,
      "horizon": 1,
      "transaction_cost_rate": 0.001,
      "trade_penalty": 0.05,
      "reward_return_scale": 1.1,
      "reward_direction_scale": 0.4,
      "reward_hold_penalty_scale": 0.04,
      "reward_drawdown_penalty_scale": 0.1,
      "reward_action_bonus_scale": 0.05,
      "reward_clip": 1.0,
      "reward_ignore_transaction_cost": 1,
      "val_overall_accuracy": 0.47572815533980584,
      "val_actionable_accuracy": 0.5547169811320755,
      "val_trade_win_rate": 0.5436893203883495,
      "val_cumulative_signal_return": 0.39356984303670095,
      "test_overall_accuracy": 0.44516129032258067,
      "test_actionable_accuracy": 0.5168539325842697,
      "test_trade_win_rate": 0.5096774193548387,
      "test_cumulative_signal_return": -0.014027496421334273,
      "ranking_score": 0.5191792552898828,
      "val_reward_total_mean": 0.027684958600535232,
      "val_reward_total_sum": 8.554652207565386,
      "val_reward_portfolio_return_mean": 0.0011482665195907593,
      "val_reward_direction_mean": -3.498946066156316e-05,
      "val_reward_hold_penalty_mean": 0.0,
      "val_reward_action_bonus_mean": 0.030582524271844658,
      "val_reward_drawdown_penalty_mean": -0.004010842730238631,
      "val_reward_drawdown_mean": 0.04010842730238631,
      "test_reward_total_mean": -0.00568674704723722,
      "test_reward_total_sum": -1.7628915846435382,
      "test_reward_portfolio_return_mean": 0.00012624434745769626,
      "test_reward_direction_mean": 0.00012973227679582752,
      "test_reward_hold_penalty_mean": 0.0,
      "test_reward_action_bonus_mean": 0.0008064516129032258,
      "test_reward_drawdown_penalty_mean": -0.00674917528439397,
      "test_reward_drawdown_mean": 0.0674917528439397
    }
  ]
}