{
  "rows": 1,
  "generated_at_utc": "20260330-050909Z",
  "leaderboard_path": "/Users/nettenz/Projects/agentic-dev/reinforcement-learning-stocks/data/experiment_snapshots/experiment_leaderboard_20260330-050909Z.csv",
  "reward_leaderboard_path": "/Users/nettenz/Projects/agentic-dev/reinforcement-learning-stocks/data/experiment_snapshots/experiment_reward_leaderboard_20260330-050909Z.csv",
  "top3": [
    {
      "seed": 7,
      "timesteps": 20000,
      "learning_rate": 0.0003,
      "gamma": 0.99,
      "ent_coef": 0.0,
      "include_news": 1,
      "threshold": 0.002,
      "horizon": 1,
      "transaction_cost_rate": 0.001,
      "trade_penalty": 0.05,
      "reward_return_scale": 1.0,
      "reward_direction_scale": 0.35,
      "reward_hold_penalty_scale": 0.1,
      "reward_drawdown_penalty_scale": 0.1,
      "reward_action_bonus_scale": 0.02,
      "reward_clip": 1.0,
      "reward_ignore_transaction_cost": 1,
      "val_overall_accuracy": 0.49514563106796117,
      "val_actionable_accuracy": 0.575187969924812,
      "val_trade_win_rate": 0.5566343042071198,
      "val_cumulative_signal_return": 0.6977890042706454,
      "test_overall_accuracy": 0.44516129032258067,
      "test_actionable_accuracy": 0.5168539325842697,
      "test_trade_win_rate": 0.5096774193548387,
      "test_cumulative_signal_return": -0.016773201981522434,
      "ranking_score": 0.5941420770786711,
      "val_reward_total_mean": -0.0006054472728848877,
      "val_reward_total_sum": -0.1870832073214303,
      "val_reward_portfolio_return_mean": 0.0017786135235414876,
      "val_reward_direction_mean": 0.000635700269254653,
      "val_reward_hold_penalty_mean": 0.0,
      "val_reward_action_bonus_mean": 6.472491909385113e-05,
      "val_reward_drawdown_penalty_mean": -0.00308448598477488,
      "val_reward_drawdown_mean": 0.030844859847748794,
      "test_reward_total_mean": -0.006356697373601146,
      "test_reward_total_sum": -1.9705761858163553,
      "test_reward_portfolio_return_mean": 9.358245953595546e-05,
      "test_reward_direction_mean": 3.692975581513599e-05,
      "test_reward_hold_penalty_mean": 0.0,
      "test_reward_action_bonus_mean": 6.451612903225807e-05,
      "test_reward_drawdown_penalty_mean": -0.006551725717984496,
      "test_reward_drawdown_mean": 0.06551725717984495
    }
  ]
}