{
  "rows": 85,
  "generated_at_utc": "20260331-091309Z",
  "leaderboard_path": "D:\\code\\agentic-development\\reinforcement-learning-stocks\\data\\experiment_snapshots\\experiment_leaderboard_20260331-091309Z_sac-sortino.csv",
  "reward_leaderboard_path": "D:\\code\\agentic-development\\reinforcement-learning-stocks\\data\\experiment_snapshots\\experiment_reward_leaderboard_20260331-091309Z_sac-sortino.csv",
  "top3": [
    {
      "seed": 1,
      "timesteps": 50000,
      "learning_rate": 0.0003,
      "gamma": 0.99,
      "ent_coef": 0.0,
      "include_news": 1,
      "threshold": 0.002,
      "horizon": 1,
      "transaction_cost_rate": 0.001,
      "trade_penalty": 0.05,
      "reward_mode": "sharpe",
      "rolling_reward_window": 100,
      "reward_epsilon": 1e-06,
      "reward_return_scale": 1.0,
      "reward_direction_scale": 0.35,
      "reward_hold_penalty_scale": 0.1,
      "reward_drawdown_penalty_scale": 0.1,
      "reward_action_bonus_scale": 0.02,
      "reward_clip": 1.0,
      "reward_ignore_transaction_cost": 1,
      "val_overall_accuracy": 0.4951456310679611,
      "val_actionable_accuracy": 0.5779467680608364,
      "val_trade_win_rate": 0.5573770491803278,
      "val_cumulative_signal_return": 0.7563841099400754,
      "test_overall_accuracy": 0.4,
      "test_actionable_accuracy": 0.5126050420168067,
      "test_trade_win_rate": 0.5125448028673835,
      "test_cumulative_signal_return": -0.0689736439719442,
      "val_alpha_vs_qqq": 0.0345469098566604,
      "test_alpha_vs_qqq": -0.2482114224178115,
      "ranking_score": 0.6074633207725316,
      "val_reward_total_mean": 0.1364793488390879,
      "val_reward_total_sum": 42.17211879127817,
      "val_reward_portfolio_return_mean": 0.0013591353027382,
      "val_reward_direction_mean": 0.0017248243237673,
      "val_reward_hold_penalty_mean": -2.073020909759075e-05,
      "val_reward_action_bonus_mean": 0.002135922330097,
      "val_reward_drawdown_penalty_mean": -0.0027624247314049,
      "val_reward_drawdown_mean": 0.0276242473140491,
      "test_reward_total_mean": 0.1894732973408849,
      "test_reward_total_sum": 58.73672217567433,
      "test_reward_portfolio_return_mean": -0.0004697838743632,
      "test_reward_direction_mean": 0.0021623064275806,
      "test_reward_hold_penalty_mean": -0.000141042958098,
      "test_reward_action_bonus_mean": 0.0081290322580645,
      "test_reward_drawdown_penalty_mean": -0.0124333235679563,
      "test_reward_drawdown_mean": 0.1243332356795638,
      "val_cumulative_return": 0.491403789061027,
      "val_sharpe_ratio": 1.862810221006448,
      "val_sortino_ratio": 2.576471076297735,
      "val_max_drawdown": -0.1099334063836445,
      "test_cumulative_return": -0.1571153748766545,
      "test_sharpe_ratio": -0.5760091317822847,
      "test_sortino_ratio": -0.6337902143225989,
      "test_max_drawdown": -0.3050260640197094,
      "val_benchmark_cumulative_return": 0.4568568792043666,
      "val_benchmark_sharpe_ratio": 1.8417693046949544,
      "val_benchmark_sortino_ratio": 2.4848237072969352,
      "val_benchmark_max_drawdown": -0.1355773890565937,
      "test_benchmark_cumulative_return": 0.091096047541157,
      "test_benchmark_sharpe_ratio": 0.4261798116220355,
      "test_benchmark_sortino_ratio": 0.5738977888884031,
      "test_benchmark_max_drawdown": -0.2288330692157109
    },
    {
      "seed": 3,
      "timesteps": 50000,
      "learning_rate": 0.0003,
      "gamma": 0.99,
      "ent_coef": 0.01,
      "include_news": 0,
      "threshold": 0.002,
      "horizon": 1,
      "transaction_cost_rate": 0.001,
      "trade_penalty": 0.05,
      "reward_mode": "sortino",
      "rolling_reward_window": 100,
      "reward_epsilon": 1e-06,
      "reward_return_scale": 1.0,
      "reward_direction_scale": 0.35,
      "reward_hold_penalty_scale": 0.1,
      "reward_drawdown_penalty_scale": 0.1,
      "reward_action_bonus_scale": 0.02,
      "reward_clip": 1.0,
      "reward_ignore_transaction_cost": 1,
      "val_overall_accuracy": 0.48220064724919093,
      "val_actionable_accuracy": 0.5752895752895753,
      "val_trade_win_rate": 0.5562913907284768,
      "val_cumulative_signal_return": 0.7532545041430168,
      "test_overall_accuracy": 0.3741935483870968,
      "test_actionable_accuracy": 0.4931506849315068,
      "test_trade_win_rate": 0.4881889763779528,
      "test_cumulative_signal_return": -0.08149520204895444,
      "val_alpha_vs_qqq": -0.041296790319950816,
      "test_alpha_vs_qqq": -0.31854732754335346,
      "ranking_score": 0.605183105691934,
      "val_reward_total_mean": 0.16453781798270015,
      "val_reward_total_sum": 50.842185756654345,
      "val_reward_portfolio_return_mean": 0.0011826280609997697,
      "val_reward_direction_mean": 0.0015331372722429254,
      "val_reward_hold_penalty_mean": -1.7276357251912032e-05,
      "val_reward_action_bonus_mean": 0.006666666666666667,
      "val_reward_drawdown_penalty_mean": -0.0027686720985777235,
      "val_reward_drawdown_mean": 0.027686720985777236,
      "test_reward_total_mean": 0.13279465199638302,
      "test_reward_total_sum": 41.16634211887874,
      "test_reward_portfolio_return_mean": -0.0008002469276773337,
      "test_reward_direction_mean": 0.00022220045703443843,
      "test_reward_hold_penalty_mean": -0.00022521948843672667,
      "test_reward_action_bonus_mean": 0.02,
      "test_reward_drawdown_penalty_mean": -0.01148713629551922,
      "test_reward_drawdown_mean": 0.11487136295519221,
      "val_cumulative_return": 0.41556008888441576,
      "val_sharpe_ratio": 1.7181447551942168,
      "val_sortino_ratio": 2.3204345880779114,
      "val_max_drawdown": -0.13155183391529168,
      "test_cumulative_return": -0.2274512800021964,
      "test_sharpe_ratio": -1.524021556386911,
      "test_sortino_ratio": -2.6780756082471373,
      "test_max_drawdown": -0.24741662346375204,
      "val_benchmark_cumulative_return": 0.4568568792043666,
      "val_benchmark_sharpe_ratio": 1.8417693046949546,
      "val_benchmark_sortino_ratio": 2.4848237072969352,
      "val_benchmark_max_drawdown": -0.13557738905659378,
      "test_benchmark_cumulative_return": 0.09109604754115708,
      "test_benchmark_sharpe_ratio": 0.4261798116220355,
      "test_benchmark_sortino_ratio": 0.5738977888884031,
      "test_benchmark_max_drawdown": -0.2288330692157109
    },
    {
      "seed": 2,
      "timesteps": 50000,
      "learning_rate": 0.0003,
      "gamma": 0.99,
      "ent_coef": 0.0,
      "include_news": 0,
      "threshold": 0.002,
      "horizon": 1,
      "transaction_cost_rate": 0.001,
      "trade_penalty": 0.05,
      "reward_mode": "sharpe",
      "rolling_reward_window": 250,
      "reward_epsilon": 1e-06,
      "reward_return_scale": 1.0,
      "reward_direction_scale": 0.35,
      "reward_hold_penalty_scale": 0.1,
      "reward_drawdown_penalty_scale": 0.1,
      "reward_action_bonus_scale": 0.02,
      "reward_clip": 1.0,
      "reward_ignore_transaction_cost": 1,
      "val_overall_accuracy": 0.4951456310679611,
      "val_actionable_accuracy": 0.5773584905660377,
      "val_trade_win_rate": 0.5566343042071198,
      "val_cumulative_signal_return": 0.7083113478987968,
      "test_overall_accuracy": 0.4451612903225806,
      "test_actionable_accuracy": 0.5168539325842697,
      "test_trade_win_rate": 0.5096774193548387,
      "test_cumulative_signal_return": 0.0064770254749122,
      "val_alpha_vs_qqq": 0.2195037517425822,
      "test_alpha_vs_qqq": -0.0917257925034413,
      "ranking_score": 0.5973318061249142,
      "val_reward_total_mean": 0.1167669787087818,
      "val_reward_total_sum": 36.0809964210136,
      "val_reward_portfolio_return_mean": 0.0017991182779851,
      "val_reward_direction_mean": 0.0006426728956619,
      "val_reward_hold_penalty_mean": 0.0,
      "val_reward_action_bonus_mean": 6.472491909385113e-05,
      "val_reward_drawdown_penalty_mean": -0.0030796596869695,
      "val_reward_drawdown_mean": 0.0307965968696952,