{
  "rows": 12,
  "generated_at_utc": "20260401-005022Z",
  "leaderboard_path": "D:\\code\\agentic-development\\reinforcement-learning-stocks\\data\\experiment_snapshots\\experiment_leaderboard_20260401-005022Z_sweep-legacy.csv",
  "reward_leaderboard_path": "D:\\code\\agentic-development\\reinforcement-learning-stocks\\data\\experiment_snapshots\\experiment_reward_leaderboard_20260401-005022Z_sweep-legacy.csv",
  "top3": [
    {
      "seed": 7,
      "timesteps": 20000,
      "learning_rate": 0.0003,
      "gamma": 0.99,
      "ent_coef": 0.0,
      "include_news": 0,
      "threshold": 0.002,
      "horizon": 1,
      "transaction_cost_rate": 0.001,
      "trade_penalty": 0.05,
      "reward_mode": "legacy",
      "rolling_reward_window": 100,
      "reward_epsilon": 1e-06,
      "reward_return_scale": 1.0,
      "reward_direction_scale": 0.35,
      "reward_hold_penalty_scale": 0.1,
      "reward_drawdown_penalty_scale": 0.1,
      "reward_action_bonus_scale": 0.02,
      "reward_clip": 1.0,
      "reward_ignore_transaction_cost": 1,
      "val_overall_accuracy": 0.4919093851132686,
      "val_actionable_accuracy": 0.5714285714285714,
      "val_trade_win_rate": 0.5533980582524272,
      "val_cumulative_signal_return": 0.6315304546304883,
      "test_overall_accuracy": 0.4437299035369775,
      "test_actionable_accuracy": 0.5168539325842697,
      "test_trade_win_rate": 0.5112540192926045,
      "test_cumulative_signal_return": -0.030568222698335923,
      "val_alpha_vs_qqq": -0.042424105652889565,
      "test_alpha_vs_qqq": -0.15848324888399312,
      "ranking_score": 0.5780397941161115,
      "val_reward_total_mean": 0.014429250771637075,
      "val_reward_total_sum": 4.458638488435856,
      "val_reward_portfolio_return_mean": 0.001078735465524798,
      "val_reward_direction_mean": 0.0014079959986368644,
      "val_reward_hold_penalty_mean": 0.0,
      "val_reward_action_bonus_mean": 0.01540453074433657,
      "val_reward_drawdown_penalty_mean": -0.0025468140377471952,
      "val_reward_drawdown_mean": 0.02546814037747195,
      "test_reward_total_mean": -0.002666651149112996,
      "test_reward_total_sum": -0.8293285073741419,
      "test_reward_portfolio_return_mean": -3.682501271867845e-05,
      "test_reward_direction_mean": 4.0266609977849396e-05,
      "test_reward_hold_penalty_mean": 0.0,
      "test_reward_action_bonus_mean": 0.0021864951768488746,
      "test_reward_drawdown_penalty_mean": -0.0048304146267354395,
      "test_reward_drawdown_mean": 0.0483041462673544,
      "val_cumulative_return": 0.3713679647977781,
      "val_sharpe_ratio": 1.5750584464030757,
      "val_sortino_ratio": 2.1433825007356972,
      "val_max_drawdown": -0.12895036146824246,
      "test_cumulative_return": -0.02948068590414321,
      "test_sharpe_ratio": -0.047578910631429244,
      "test_sortino_ratio": -0.06994914233823647,
      "test_max_drawdown": -0.19292297789607016,
      "val_benchmark_cumulative_return": 0.4137920704506677,
      "val_benchmark_sharpe_ratio": 1.7024106961553558,
      "val_benchmark_sortino_ratio": 2.302448782787176,
      "val_benchmark_max_drawdown": -0.1355773890565939,
      "test_benchmark_cumulative_return": 0.1290025629798499,
      "test_benchmark_sharpe_ratio": 0.5459450874590821,
      "test_benchmark_sortino_ratio": 0.7404124446942003,
      "test_benchmark_max_drawdown": -0.2288330692157109
    },
    {
      "seed": 21,
      "timesteps": 5000,
      "learning_rate": 0.0003,
      "gamma": 0.99,
      "ent_coef": 0.01,
      "include_news": 0,
      "threshold": 0.002,
      "horizon": 1,
      "transaction_cost_rate": 0.001,
      "trade_penalty": 0.05,
      "reward_mode": "legacy",
      "rolling_reward_window": 100,
      "reward_epsilon": 1e-06,
      "reward_return_scale": 1.0,
      "reward_direction_scale": 0.35,
      "reward_hold_penalty_scale": 0.1,
      "reward_drawdown_penalty_scale": 0.1,
      "reward_action_bonus_scale": 0.02,
      "reward_clip": 1.0,
      "reward_ignore_transaction_cost": 1,
      "val_overall_accuracy": 0.4919093851132686,
      "val_actionable_accuracy": 0.5714285714285714,
      "val_trade_win_rate": 0.5533980582524272,
      "val_cumulative_signal_return": 0.6315304546304883,
      "test_overall_accuracy": 0.4437299035369775,
      "test_actionable_accuracy": 0.5168539325842697,
      "test_trade_win_rate": 0.5112540192926045,
      "test_cumulative_signal_return": -0.030568222698335923,
      "val_alpha_vs_qqq": 0.09424498132796333,
      "test_alpha_vs_qqq": -0.13075696632397316,
      "ranking_score": 0.5780397941161115,
      "val_reward_total_mean": 1.1044038429377412e-05,
      "val_reward_total_sum": 0.00341260787467762,
      "val_reward_portfolio_return_mean": 0.001395638257469588,
      "val_reward_direction_mean": 0.00167471349480027,
      "val_reward_hold_penalty_mean": 0.0,
      "val_reward_action_bonus_mean": 0.0005825242718446602,
      "val_reward_drawdown_penalty_mean": -0.0025532682140649654,
      "val_reward_drawdown_mean": 0.025532682140649653,
      "test_reward_total_mean": -0.004403174325336861,
      "test_reward_total_sum": -1.3693872151797637,
      "test_reward_portfolio_return_mean": 0.00011744582554710572,
      "test_reward_direction_mean": 5.0428893994640556e-05,
      "test_reward_hold_penalty_mean": 0.0,
      "test_reward_action_bonus_mean": 0.0007073954983922829,
      "test_reward_drawdown_penalty_mean": -0.005245665762174374,
      "test_reward_drawdown_mean": 0.05245665762174374,
      "val_cumulative_return": 0.508037051778631,
      "val_sharpe_ratio": 1.9210760495874197,
      "val_sortino_ratio": 2.640411168599215,
      "val_max_drawdown": -0.1377850364168024,
      "test_cumulative_return": -0.0017544033441232454,
      "test_sharpe_ratio": 0.1186730839702336,
      "test_sortino_ratio": 0.17509757785579022,
      "test_max_drawdown": -0.22995050074868806,
      "val_benchmark_cumulative_return": 0.4137920704506677,
      "val_benchmark_sharpe_ratio": 1.7024106961553558,
      "val_benchmark_sortino_ratio": 2.302448782787176,
      "val_benchmark_max_drawdown": -0.1355773890565939,
      "test_benchmark_cumulative_return": 0.1290025629798499,
      "test_benchmark_sharpe_ratio": 0.5459450874590821,
      "test_benchmark_sortino_ratio": 0.7404124446942003,
      "test_benchmark_max_drawdown": -0.2288330692157109
    },
    {
      "seed": 13,
      "timesteps": 20000,
      "learning_rate": 0.0003,
      "gamma": 0.99,
      "ent_coef": 0.01,
      "include_news": 0,
      "threshold": 0.002,
      "horizon": 1,
      "transaction_cost_rate": 0.001,
      "trade_penalty": 0.05,
      "reward_mode": "legacy",
      "rolling_reward_window": 100,
      "reward_epsilon": 1e-06,
      "reward_return_scale": 1.0,
      "reward_direction_scale": 0.35,
      "reward_hold_penalty_scale": 0.1,
      "reward_drawdown_penalty_scale": 0.1,
      "reward_action_bonus_scale": 0.02,
      "reward_clip": 1.0,
      "reward_ignore_transaction_cost": 1,
      "val_overall_accuracy": 0.4919093851132686,
      "val_actionable_accuracy": 0.5714285714285714,
      "val_trade_win_rate": 0.5533980582524272,
      "val_cumulative_signal_return": 0.6315304546304883,
      "test_overall_accuracy": 0.4437299035369775,
      "test_actionable_accuracy": 0.5168539325842697,
      "test_trade_win_rate": 0.5112540192926045,
      "test_cumulative_signal_return": -0.030568222698335923,
      "val_alpha_vs_qqq": 0.08586905435718384,
      "test_alpha_vs_qqq": -0.14432973378635827,
      "ranking_score": 0.5780397941161115,
      "val_reward_total_mean": 0.0007558860942807957,
      "val_reward_total_sum": 0.23356880313276587,
      "val_reward_portfolio_return_mean": 0.0013828604609921636,
      "val_reward_direction_mean": 0.0016874719722957282,
      "val_reward_hold_penalty_mean": 0.0,
      "val_reward_action_bonus_mean": 0.001553398058252427,
      "val_reward_drawdown_penalty_mean": -0.0027709876152673006,