{
  "rows": 1,
  "generated_at_utc": "20260329-194504Z",
  "leaderboard_path": "D:\\code\\agentic-development\\reinforcement-learning-stocks\\data\\experiment_snapshots\\experiment_leaderboard_20260329-194504Z_cuda-blackwell-smoke-restore.csv",
  "reward_leaderboard_path": "D:\\code\\agentic-development\\reinforcement-learning-stocks\\data\\experiment_snapshots\\experiment_reward_leaderboard_20260329-194504Z_cuda-blackwell-smoke-restore.csv",
  "top3": [
    {
      "seed": 7,
      "timesteps": 5000,
      "learning_rate": 0.0003,
      "gamma": 0.99,
      "ent_coef": 0.0,
      "include_news": 1,
      "threshold": 0.002,
      "horizon": 1,
      "transaction_cost_rate": 0.001,
      "trade_penalty": 0.05,
      "reward_return_scale": 1.0,
      "reward_direction_scale": 0.35,
      "reward_hold_penalty_scale": 0.1,
      "reward_drawdown_penalty_scale": 0.1,
      "reward_action_bonus_scale": 0.02,
      "reward_clip": 1.0,
      "reward_ignore_transaction_cost": 1,
      "val_overall_accuracy": 0.49514563106796117,
      "val_actionable_accuracy": 0.5773584905660377,
      "val_trade_win_rate": 0.5566343042071198,
      "val_cumulative_signal_return": 0.7083113478987968,
      "test_overall_accuracy": 0.44516129032258067,
      "test_actionable_accuracy": 0.5168539325842697,
      "test_trade_win_rate": 0.5096774193548387,
      "test_cumulative_signal_return": 0.006477025474912246,
      "ranking_score": 0.5973318061249142,
      "val_reward_total_mean": -0.0006086646416572899,
      "val_reward_total_sum": -0.18807737427210258,
      "val_reward_portfolio_return_mean": 0.0017775869793667284,
      "val_reward_direction_mean": 0.0006350259533244536,
      "val_reward_hold_penalty_mean": 0.0,
      "val_reward_action_bonus_mean": 6.472491909385113e-05,
      "val_reward_drawdown_penalty_mean": -0.0030860024934423235,
      "val_reward_drawdown_mean": 0.03086002493442323,
      "test_reward_total_mean": -0.006528871665560255,
      "test_reward_total_sum": -2.023950216323679,
      "test_reward_portfolio_return_mean": 4.8759569070328504e-05,
      "test_reward_direction_mean": 1.933142931302629e-05,
      "test_reward_hold_penalty_mean": 0.0,
      "test_reward_action_bonus_mean": 6.451612903225807e-05,
      "test_reward_drawdown_penalty_mean": -0.006661478792975869,
      "test_reward_drawdown_mean": 0.0666147879297587
    }
  ]
}