{
  "rows": 2,
  "generated_at_utc": "20260329-085321Z",
  "leaderboard_path": "D:\\code\\agentic-development\\reinforcement-learning-stocks\\data\\experiment_snapshots\\experiment_leaderboard_20260329-085321Z_final-validation-new-defaults.csv",
  "reward_leaderboard_path": "D:\\code\\agentic-development\\reinforcement-learning-stocks\\data\\experiment_snapshots\\experiment_reward_leaderboard_20260329-085321Z_final-validation-new-defaults.csv",
  "top3": [
    {
      "seed": 13,
      "timesteps": 5000,
      "learning_rate": 0.0003,
      "gamma": 0.99,
      "ent_coef": 0.01,
      "include_news": 1,
      "threshold": 0.002,
      "horizon": 1,
      "transaction_cost_rate": 0.001,
      "trade_penalty": 0.05,
      "reward_return_scale": 1.0,
      "reward_direction_scale": 0.35,
      "reward_hold_penalty_scale": 0.1,
      "reward_drawdown_penalty_scale": 0.1,
      "reward_action_bonus_scale": 0.02,
      "reward_clip": 1.0,
      "reward_ignore_transaction_cost": 1,
      "val_overall_accuracy": 0.47249190938511326,
      "val_actionable_accuracy": 0.5509433962264151,
      "val_trade_win_rate": 0.540453074433657,
      "val_cumulative_signal_return": 0.40805072509938256,
      "test_overall_accuracy": 0.47096774193548385,
      "test_actionable_accuracy": 0.5468164794007491,
      "test_trade_win_rate": 0.5290322580645161,
      "test_cumulative_signal_return": 0.8536264953651318,
      "ranking_score": 0.5192177654631811,
      "val_reward_total_mean": 0.010297875522478402,
      "val_reward_total_sum": 3.182043536445826,
      "val_reward_portfolio_return_mean": 0.0013975169393168662,
      "val_reward_direction_mean": 0.00021081452712332657,
      "val_reward_hold_penalty_mean": -0.00047148337596729503,
      "val_reward_action_bonus_mean": 0.01190938511326861,
      "val_reward_drawdown_penalty_mean": -0.0027483576812631057,
      "val_reward_drawdown_mean": 0.027483576812631055,
      "test_reward_total_mean": 0.0011407738191652683,
      "test_reward_total_sum": 0.35363988394123314,
      "test_reward_portfolio_return_mean": 0.0009548817213154481,
      "test_reward_direction_mean": 0.0004125386767108321,
      "test_reward_hold_penalty_mean": -0.0007674072617277574,
      "test_reward_action_bonus_mean": 0.004967741935483871,
      "test_reward_drawdown_penalty_mean": -0.004426981252617125,
      "test_reward_drawdown_mean": 0.04426981252617126
    },
    {
      "seed": 7,
      "timesteps": 5000,
      "learning_rate": 0.0003,
      "gamma": 0.99,
      "ent_coef": 0.01,
      "include_news": 1,
      "threshold": 0.002,
      "horizon": 1,
      "transaction_cost_rate": 0.001,
      "trade_penalty": 0.05,
      "reward_return_scale": 1.0,
      "reward_direction_scale": 0.35,
      "reward_hold_penalty_scale": 0.1,
      "reward_drawdown_penalty_scale": 0.1,
      "reward_action_bonus_scale": 0.02,
      "reward_clip": 1.0,
      "reward_ignore_transaction_cost": 1,
      "val_overall_accuracy": 0.36245954692556637,
      "val_actionable_accuracy": 0.4226415094339623,
      "val_trade_win_rate": 0.4401294498381877,
      "val_cumulative_signal_return": -0.4508162087878643,
      "test_overall_accuracy": 0.4161290322580645,
      "test_actionable_accuracy": 0.48314606741573035,
      "test_trade_win_rate": 0.4870967741935484,
      "test_cumulative_signal_return": -0.10062752837551303,
      "ranking_score": 0.25319634791086454,
      "val_reward_total_mean": -0.0010766655261770142,
      "val_reward_total_sum": -0.33268964758869735,
      "val_reward_portfolio_return_mean": 0.0,
      "val_reward_direction_mean": 0.0,
      "val_reward_hold_penalty_mean": -0.0010766655261770142,
      "val_reward_action_bonus_mean": 0.0,
      "val_reward_drawdown_penalty_mean": 0.0,
      "val_reward_drawdown_mean": 0.0,
      "test_reward_total_mean": -0.001226031090056626,
      "test_reward_total_sum": -0.3800696379175541,
      "test_reward_portfolio_return_mean": 0.0,
      "test_reward_direction_mean": 0.0,
      "test_reward_hold_penalty_mean": -0.001226031090056626,
      "test_reward_action_bonus_mean": 0.0,
      "test_reward_drawdown_penalty_mean": 0.0,
      "test_reward_drawdown_mean": 0.0
    }
  ]
}