{
  "rows": 107,
  "generated_at_utc": "20260402-112125Z",
  "leaderboard_path": "D:\\code\\agentic-development\\reinforcement-learning-stocks\\data\\experiment_snapshots\\experiment_leaderboard_20260402-112125Z_hybrid-stage-b.csv",
  "reward_leaderboard_path": "D:\\code\\agentic-development\\reinforcement-learning-stocks\\data\\experiment_snapshots\\experiment_reward_leaderboard_20260402-112125Z_hybrid-stage-b.csv",
  "top3": [
    {
      "seed": 7,
      "timesteps": 40000,
      "learning_rate": 0.0003,
      "gamma": 0.995,
      "ent_coef": 0.03,
      "include_news": 1,
      "threshold": 0.002,
      "horizon": 1,
      "transaction_cost_rate": 0.001,
      "trade_penalty": 0.05,
      "reward_mode": "sharpe",
      "rolling_reward_window": 100,
      "reward_epsilon": 1e-06,
      "reward_return_scale": 1.0,
      "reward_direction_scale": 0.35,
      "reward_hold_penalty_scale": 0.1,
      "reward_drawdown_penalty_scale": 0.15,
      "reward_action_bonus_scale": 0.04,
      "reward_clip": 1.0,
      "reward_ignore_transaction_cost": 1,
      "val_overall_accuracy": 0.4368932038834951,
      "val_actionable_accuracy": 0.6,
      "val_trade_win_rate": 0.5805084745762712,
      "val_cumulative_signal_return": 0.7417879336052227,
      "test_overall_accuracy": 0.1639871382636656,
      "test_actionable_accuracy": 0.5217391304347826,
      "test_trade_win_rate": 0.4814814814814814,
      "test_cumulative_signal_return": 0.0689978949713328,
      "val_alpha_vs_qqq": -0.3629266083051417,
      "test_alpha_vs_qqq": -0.085409572628828,
      "ranking_score": 0.6225101290939259,
      "run_duration_seconds": 115.8504683971405,
      "val_reward_total_mean": 0.090949543570301,
      "val_reward_total_sum": 28.103408963223032,
      "val_reward_portfolio_return_mean": 0.0002936751858617,
      "val_reward_direction_mean": 0.0001579149845778,
      "val_reward_hold_penalty_mean": -0.0002452264832039,
      "val_reward_action_bonus_mean": 0.0176051779935275,
      "val_reward_drawdown_penalty_mean": -0.0008456618498027,
      "val_reward_drawdown_mean": 0.0056377456653514,
      "test_reward_total_mean": -0.0464853459736203,
      "test_reward_total_sum": -14.456942597795935,
      "test_reward_portfolio_return_mean": -4.238004504066926e-06,
      "test_reward_direction_mean": -0.0001811940991206,
      "test_reward_hold_penalty_mean": -0.0010470957072127,
      "test_reward_action_bonus_mean": 0.0068167202572347,
      "test_reward_drawdown_penalty_mean": -0.0012278826890336,
      "test_reward_drawdown_mean": 0.0081858845935573,
      "val_cumulative_return": 0.0939302708992249,
      "val_sharpe_ratio": 1.6766712219116648,
      "val_sortino_ratio": 2.413271759341618,
      "val_max_drawdown": -0.035918471303063,
      "test_cumulative_return": -0.0026531381966702,
      "test_sharpe_ratio": -0.0228387325421055,
      "test_sortino_ratio": -0.0150413268631001,
      "test_max_drawdown": -0.0523439117100283,
      "val_benchmark_cumulative_return": 0.4568568792043666,
      "val_benchmark_sharpe_ratio": 1.8417693046949544,
      "val_benchmark_sortino_ratio": 2.4848237072969352,
      "val_benchmark_max_drawdown": -0.1355773890565937,
      "test_benchmark_cumulative_return": 0.0827564344321578,
      "test_benchmark_sharpe_ratio": 0.3976988806903395,
      "test_benchmark_sortino_ratio": 0.5367961186734007,
      "test_benchmark_max_drawdown": -0.2288330692157109,
      "model_path": "D:\\code\\agentic-development\\reinforcement-learning-stocks\\data\\experiment_snapshots\\model_20260402-093259Z_hybrid-stage-b_seed7.zip",
      "test_return_mean_by_config": 0.0689978949713328,
      "test_return_std_by_config": 0.0,
      "config_seed_count": 1,
      "test_return_cv_by_config": 0.0,
      "high_return_cv_risk": 0,
      "use_stationary_features": 1.0,
      "val_actionable_support": 205.0,
      "val_trade_count": 236.0,
      "val_trade_rate": 0.7637540453074434,
      "test_actionable_support": 23.0,
      "test_trade_count": 27.0,
      "test_trade_rate": 0.0868167202572347,
      "robustness_score": 0.6100561283527822,
      "execution_mode": NaN,
      "spread_bps": NaN,
      "slippage_bps": NaN
    },
    {
      "seed": 7,
      "timesteps": 40000,
      "learning_rate": 0.0003,
      "gamma": 0.995,
      "ent_coef": 0.03,
      "include_news": 1,
      "threshold": 0.002,
      "horizon": 1,
      "transaction_cost_rate": 0.001,
      "trade_penalty": 0.05,
      "reward_mode": "sharpe",
      "rolling_reward_window": 100,
      "reward_epsilon": 1e-06,
      "reward_return_scale": 1.0,
      "reward_direction_scale": 0.35,
      "reward_hold_penalty_scale": 0.1,
      "reward_drawdown_penalty_scale": 0.15,
      "reward_action_bonus_scale": 0.04,
      "reward_clip": 1.0,
      "reward_ignore_transaction_cost": 1,
      "val_overall_accuracy": 0.4368932038834951,
      "val_actionable_accuracy": 0.6,
      "val_trade_win_rate": 0.5805084745762712,
      "val_cumulative_signal_return": 0.7417879336052227,
      "test_overall_accuracy": 0.1639871382636656,
      "test_actionable_accuracy": 0.5217391304347826,
      "test_trade_win_rate": 0.48148148148148145,
      "test_cumulative_signal_return": 0.0689978949713328,
      "val_alpha_vs_qqq": -0.3629266083051417,
      "test_alpha_vs_qqq": -0.08540957262882809,
      "ranking_score": 0.6225101290939259,
      "run_duration_seconds": 124.00693488121033,
      "val_reward_total_mean": 0.09094954357030108,
      "val_reward_total_sum": 28.103408963223032,
      "val_reward_portfolio_return_mean": 0.00029367518586178773,
      "val_reward_direction_mean": 0.00015791498457789422,
      "val_reward_hold_penalty_mean": -0.0002452264832039975,
      "val_reward_action_bonus_mean": 0.017605177993527506,
      "val_reward_drawdown_penalty_mean": -0.0008456618498027137,
      "val_reward_drawdown_mean": 0.005637745665351425,
      "test_reward_total_mean": -0.04648534597362037,
      "test_reward_total_sum": -14.456942597795935,
      "test_reward_portfolio_return_mean": -4.238004504066926e-06,
      "test_reward_direction_mean": -0.00018119409912065605,
      "test_reward_hold_penalty_mean": -0.0010470957072127242,
      "test_reward_action_bonus_mean": 0.006816720257234727,
      "test_reward_drawdown_penalty_mean": -0.0012278826890336038,
      "test_reward_drawdown_mean": 0.008185884593557359,
      "val_cumulative_return": 0.0939302708992249,
      "val_sharpe_ratio": 1.6766712219116648,
      "val_sortino_ratio": 2.413271759341618,
      "val_max_drawdown": -0.035918471303063026,
      "test_cumulative_return": -0.002653138196670235,
      "test_sharpe_ratio": -0.0228387325421055,
      "test_sortino_ratio": -0.01504132686310017,
      "test_max_drawdown": -0.05234391171002839,
      "val_benchmark_cumulative_return": 0.4568568792043666,
      "val_benchmark_sharpe_ratio": 1.8417693046949546,
      "val_benchmark_sortino_ratio": 2.4848237072969352,
      "val_benchmark_max_drawdown": -0.13557738905659378,
      "test_benchmark_cumulative_return": 0.08275643443215785,
      "test_benchmark_sharpe_ratio": 0.3976988806903395,
      "test_benchmark_sortino_ratio": 0.5367961186734007,
      "test_benchmark_max_drawdown": -0.2288330692157109,
      "model_path": "D:\\code\\agentic-development\\reinforcement-learning-stocks\\data\\experiment_snapshots\\model_20260402-111026Z_hybrid-stage-b_seed7.zip",
      "test_return_mean_by_config": 0.0689978949713328,
      "test_return_std_by_config": 0.0,
      "config_seed_count": 1,
      "test_return_cv_by_config": 0.0,
      "high_return_cv_risk": 0,
      "use_stationary_features": 1.0,
      "val_actionable_support": 205.0,
      "val_trade_count": 236.0,
      "val_trade_rate": 0.7637540453074434,
      "test_actionable_support": 23.0,
      "test_trade_count": 27.0,
      "test_trade_rate": 0.08681672025723473,
      "robustness_score": 0.6100561283527822,
      "execution_mode": "same_bar",
      "spread_bps": 0.0,