{
  "rows": 8,
  "generated_at_utc": "20260329-203754Z",
  "leaderboard_path": "D:\\code\\agentic-development\\reinforcement-learning-stocks\\data\\experiment_snapshots\\experiment_leaderboard_20260329-203754Z_insights-expanded-20k-8seeds-ent002-retest.csv",
  "reward_leaderboard_path": "D:\\code\\agentic-development\\reinforcement-learning-stocks\\data\\experiment_snapshots\\experiment_reward_leaderboard_20260329-203754Z_insights-expanded-20k-8seeds-ent002-retest.csv",
  "top3": [
    {
      "seed": 34,
      "timesteps": 20000,
      "learning_rate": 0.0003,
      "gamma": 0.992,
      "ent_coef": 0.02,
      "include_news": 1,
      "threshold": 0.002,
      "horizon": 1,
      "transaction_cost_rate": 0.001,
      "trade_penalty": 0.05,
      "reward_return_scale": 1.0,
      "reward_direction_scale": 0.35,
      "reward_hold_penalty_scale": 0.04,
      "reward_drawdown_penalty_scale": 0.1,
      "reward_action_bonus_scale": 0.05,
      "reward_clip": 1.0,
      "reward_ignore_transaction_cost": 1,
      "val_overall_accuracy": 0.42071197411003236,
      "val_actionable_accuracy": 0.6069651741293532,
      "val_trade_win_rate": 0.5864978902953587,
      "val_cumulative_signal_return": 0.6839985218632996,
      "test_overall_accuracy": 0.42258064516129035,
      "test_actionable_accuracy": 0.538135593220339,
      "test_trade_win_rate": 0.5236363636363637,
      "test_cumulative_signal_return": 0.39037398968459125,
      "ranking_score": 0.6162316585259442,
      "val_reward_total_mean": 0.029333377902834506,
      "val_reward_total_sum": 9.064013771975862,
      "val_reward_portfolio_return_mean": 0.0015493279738454857,
      "val_reward_direction_mean": 0.0006115027900533698,
      "val_reward_hold_penalty_mean": -9.839760531634681e-05,
      "val_reward_action_bonus_mean": 0.029611650485436895,
      "val_reward_drawdown_penalty_mean": -0.002340705741184901,
      "val_reward_drawdown_mean": 0.023407057411849008,
      "test_reward_total_mean": 0.00896775747553608,
      "test_reward_total_sum": 2.780004817416185,
      "test_reward_portfolio_return_mean": 0.0009616712454981535,
      "test_reward_direction_mean": 0.00037625599737731326,
      "test_reward_hold_penalty_mean": -6.710003623359267e-05,
      "test_reward_action_bonus_mean": 0.012096774193548385,
      "test_reward_drawdown_penalty_mean": -0.004399843924654181,
      "test_reward_drawdown_mean": 0.0439984392465418
    },
    {
      "seed": 7,
      "timesteps": 20000,
      "learning_rate": 0.0003,
      "gamma": 0.992,
      "ent_coef": 0.02,
      "include_news": 1,
      "threshold": 0.002,
      "horizon": 1,
      "transaction_cost_rate": 0.001,
      "trade_penalty": 0.05,
      "reward_return_scale": 1.0,
      "reward_direction_scale": 0.35,
      "reward_hold_penalty_scale": 0.04,
      "reward_drawdown_penalty_scale": 0.1,
      "reward_action_bonus_scale": 0.05,
      "reward_clip": 1.0,
      "reward_ignore_transaction_cost": 1,
      "val_overall_accuracy": 0.3948220064724919,
      "val_actionable_accuracy": 0.5876288659793815,
      "val_trade_win_rate": 0.5695652173913044,
      "val_cumulative_signal_return": 0.6111453034456387,
      "test_overall_accuracy": 0.41935483870967744,
      "test_actionable_accuracy": 0.5384615384615384,
      "test_trade_win_rate": 0.5238095238095238,
      "test_cumulative_signal_return": 0.40914372417852385,
      "ranking_score": 0.5869130588962098,
      "val_reward_total_mean": 0.02744334601766833,
      "val_reward_total_sum": 8.479993919459513,
      "val_reward_portfolio_return_mean": 0.0013550262373479545,
      "val_reward_direction_mean": 0.0005613467545002227,
      "val_reward_hold_penalty_mean": -0.00010339453592581674,
      "val_reward_action_bonus_mean": 0.027993527508090615,
      "val_reward_drawdown_penalty_mean": -0.0023631599463446507,
      "val_reward_drawdown_mean": 0.02363159946344651,
      "test_reward_total_mean": 0.009391841356548263,
      "test_reward_total_sum": 2.9114708205299618,
      "test_reward_portfolio_return_mean": 0.0010078914538608499,
      "test_reward_direction_mean": 0.0003902551400694829,
      "test_reward_hold_penalty_mean": -7.391876041541692e-05,
      "test_reward_action_bonus_mean": 0.012419354838709677,
      "test_reward_drawdown_penalty_mean": -0.004351741315676329,
      "test_reward_drawdown_mean": 0.04351741315676329
    },
    {
      "seed": 89,
      "timesteps": 20000,
      "learning_rate": 0.0003,
      "gamma": 0.992,
      "ent_coef": 0.02,
      "include_news": 1,
      "threshold": 0.002,
      "horizon": 1,
      "transaction_cost_rate": 0.001,
      "trade_penalty": 0.05,
      "reward_return_scale": 1.0,
      "reward_direction_scale": 0.35,
      "reward_hold_penalty_scale": 0.04,
      "reward_drawdown_penalty_scale": 0.1,
      "reward_action_bonus_scale": 0.05,
      "reward_clip": 1.0,
      "reward_ignore_transaction_cost": 1,
      "val_overall_accuracy": 0.4886731391585761,
      "val_actionable_accuracy": 0.5741444866920152,
      "val_trade_win_rate": 0.5537459283387622,
      "val_cumulative_signal_return": 0.6668651451103329,
      "test_overall_accuracy": 0.4161290322580645,
      "test_actionable_accuracy": 0.5296610169491526,
      "test_trade_win_rate": 0.5163636363636364,
      "test_cumulative_signal_return": 0.27427287050140325,
      "ranking_score": 0.5865690508697029,
      "val_reward_total_mean": 3.835050036191247e-06,
      "val_reward_total_sum": 0.0011850304611830953,
      "val_reward_portfolio_return_mean": 0.00173377102849859,
      "val_reward_direction_mean": 0.000606971416272211,
      "val_reward_hold_penalty_mean": -3.2062328059705666e-06,
      "val_reward_action_bonus_mean": 0.0008090614886731392,
      "val_reward_drawdown_penalty_mean": -0.003142762650601778,
      "val_reward_drawdown_mean": 0.03142762650601778,
      "test_reward_total_mean": 0.008104292024073024,
      "test_reward_total_sum": 2.5123305274626375,
      "test_reward_portfolio_return_mean": 0.0005938045685386662,
      "test_reward_direction_mean": 0.0002778507389315255,
      "test_reward_hold_penalty_mean": -6.710003623359267e-05,
      "test_reward_action_bonus_mean": 0.011451612903225807,
      "test_reward_drawdown_penalty_mean": -0.004151876150389382,
      "test_reward_drawdown_mean": 0.041518761503893824
    }
  ]
}