{
  "rows": 2,
  "generated_at_utc": "20260401-062429Z",
  "leaderboard_path": "D:\\code\\agentic-development\\reinforcement-learning-stocks\\data\\experiment_snapshots\\experiment_leaderboard_20260401-062429Z_indicators-v1.csv",
  "reward_leaderboard_path": "D:\\code\\agentic-development\\reinforcement-learning-stocks\\data\\experiment_snapshots\\experiment_reward_leaderboard_20260401-062429Z_indicators-v1.csv",
  "top3": [
    {
      "seed": 42,
      "timesteps": 30000,
      "learning_rate": 0.0003,
      "gamma": 0.99,
      "ent_coef": 0.01,
      "include_news": 1,
      "threshold": 0.002,
      "horizon": 1,
      "transaction_cost_rate": 0.001,
      "trade_penalty": 0.05,
      "reward_mode": "sortino",
      "rolling_reward_window": 100,
      "reward_epsilon": 1e-06,
      "reward_return_scale": 1.0,
      "reward_direction_scale": 0.35,
      "reward_hold_penalty_scale": 0.1,
      "reward_drawdown_penalty_scale": 0.1,
      "reward_action_bonus_scale": 0.02,
      "reward_clip": 1.0,
      "reward_ignore_transaction_cost": 1,
      "val_overall_accuracy": 0.49514563106796117,
      "val_actionable_accuracy": 0.5817490494296578,
      "val_trade_win_rate": 0.5620915032679739,
      "val_cumulative_signal_return": 0.8172772279641052,
      "test_overall_accuracy": 0.4437299035369775,
      "test_actionable_accuracy": 0.5150375939849624,
      "test_trade_win_rate": 0.5064935064935064,
      "test_cumulative_signal_return": -0.03580702710356076,
      "val_alpha_vs_qqq": -0.18401471731328023,
      "test_alpha_vs_qqq": -0.10713087982466196,
      "ranking_score": 0.622957421288042,
      "val_reward_total_mean": 0.10790292498888313,
      "val_reward_total_sum": 33.34200382156489,
      "val_reward_portfolio_return_mean": 0.0008086427601428667,
      "val_reward_direction_mean": 0.0008827097640999367,
      "val_reward_hold_penalty_mean": -1.7286843584712007e-05,
      "val_reward_action_bonus_mean": 0.003754045307443366,
      "val_reward_drawdown_penalty_mean": -0.0018115374372542964,
      "val_reward_drawdown_mean": 0.018115374372542962,
      "test_reward_total_mean": 0.053340664555251126,
      "test_reward_total_sum": 16.5889466766831,
      "test_reward_portfolio_return_mean": -2.3627152658093726e-05,
      "test_reward_direction_mean": -1.0155081193067801e-05,
      "test_reward_hold_penalty_mean": -9.508497412042654e-06,
      "test_reward_action_bonus_mean": 0.0034726688102893893,
      "test_reward_drawdown_penalty_mean": -0.003916603135506832,
      "test_reward_drawdown_mean": 0.03916603135506831,
      "val_cumulative_return": 0.27284216189108634,
      "val_sharpe_ratio": 1.6581054823191614,
      "val_sortino_ratio": 2.0318589143549466,
      "val_max_drawdown": -0.09415940026060865,
      "test_cumulative_return": -0.024374445392504107,
      "test_sharpe_ratio": -0.02942600706167979,
      "test_sortino_ratio": -0.04118189884026193,
      "test_max_drawdown": -0.20099023428060614,
      "val_benchmark_cumulative_return": 0.4568568792043666,
      "val_benchmark_sharpe_ratio": 1.8417693046949546,
      "val_benchmark_sortino_ratio": 2.4848237072969352,
      "val_benchmark_max_drawdown": -0.13557738905659378,
      "test_benchmark_cumulative_return": 0.08275643443215785,
      "test_benchmark_sharpe_ratio": 0.3976988806903395,
      "test_benchmark_sortino_ratio": 0.5367961186734007,
      "test_benchmark_max_drawdown": -0.2288330692157109
    },
    {
      "seed": 84,
      "timesteps": 30000,
      "learning_rate": 0.0003,
      "gamma": 0.99,
      "ent_coef": 0.01,
      "include_news": 1,
      "threshold": 0.002,
      "horizon": 1,
      "transaction_cost_rate": 0.001,
      "trade_penalty": 0.05,
      "reward_mode": "sortino",
      "rolling_reward_window": 100,
      "reward_epsilon": 1e-06,
      "reward_return_scale": 1.0,
      "reward_direction_scale": 0.35,
      "reward_hold_penalty_scale": 0.1,
      "reward_drawdown_penalty_scale": 0.1,
      "reward_action_bonus_scale": 0.02,
      "reward_clip": 1.0,
      "reward_ignore_transaction_cost": 1,
      "val_overall_accuracy": 0.49514563106796117,
      "val_actionable_accuracy": 0.575187969924812,
      "val_trade_win_rate": 0.5566343042071198,
      "val_cumulative_signal_return": 0.6977890042706454,
      "test_overall_accuracy": 0.4437299035369775,
      "test_actionable_accuracy": 0.5149253731343284,
      "test_trade_win_rate": 0.5080385852090032,
      "test_cumulative_signal_return": -0.04535026705320622,
      "val_alpha_vs_qqq": 0.21085414455752383,
      "test_alpha_vs_qqq": -0.1126742531710182,
      "ranking_score": 0.5941420770786711,
      "val_reward_total_mean": 0.17981986357986787,
      "val_reward_total_sum": 55.56433784617917,
      "val_reward_portfolio_return_mean": 0.001746766461387453,
      "val_reward_direction_mean": 0.0018176110514520737,
      "val_reward_hold_penalty_mean": 0.0,
      "val_reward_action_bonus_mean": 0.0031715210355987063,
      "val_reward_drawdown_penalty_mean": -0.0030564905585318703,
      "val_reward_drawdown_mean": 0.0305649055853187,
      "test_reward_total_mean": 0.05361762836697684,
      "test_reward_total_sum": 16.675082422129798,
      "test_reward_portfolio_return_mean": 4.178095626029658e-05,
      "test_reward_direction_mean": 1.171910386487586e-05,
      "test_reward_hold_penalty_mean": 0.0,
      "test_reward_action_bonus_mean": 0.00019292604501607716,
      "test_reward_drawdown_penalty_mean": -0.006342558640758972,
      "test_reward_drawdown_mean": 0.0634255864075897,
      "val_cumulative_return": 0.6677110237618904,
      "val_sharpe_ratio": 2.032531281202849,
      "val_sortino_ratio": 2.821745793692336,
      "val_max_drawdown": -0.15633169214173126,
      "test_cumulative_return": -0.029917818738860347,
      "test_sharpe_ratio": 0.042040333704853765,
      "test_sortino_ratio": 0.06382336845634319,
      "test_max_drawdown": -0.2688244879430296,
      "val_benchmark_cumulative_return": 0.4568568792043666,
      "val_benchmark_sharpe_ratio": 1.8417693046949546,
      "val_benchmark_sortino_ratio": 2.4848237072969352,
      "val_benchmark_max_drawdown": -0.13557738905659378,
      "test_benchmark_cumulative_return": 0.08275643443215785,
      "test_benchmark_sharpe_ratio": 0.3976988806903395,
      "test_benchmark_sortino_ratio": 0.5367961186734007,
      "test_benchmark_max_drawdown": -0.2288330692157109
    }
  ]
}