{
  "rows": 16,
  "generated_at_utc": "20260331-001546Z",
  "leaderboard_path": "D:\\code\\agentic-development\\reinforcement-learning-stocks\\data\\experiment_snapshots\\experiment_leaderboard_20260331-001546Z.csv",
  "reward_leaderboard_path": "D:\\code\\agentic-development\\reinforcement-learning-stocks\\data\\experiment_snapshots\\experiment_reward_leaderboard_20260331-001546Z.csv",
  "top3": [
    {
      "seed": 1,
      "timesteps": 50000,
      "learning_rate": 0.0003,
      "gamma": 0.99,
      "ent_coef": 0.0,
      "include_news": 0,
      "threshold": 0.002,
      "horizon": 1,
      "transaction_cost_rate": 0.001,
      "trade_penalty": 0.05,
      "reward_mode": "sortino",
      "rolling_reward_window": 250,
      "reward_epsilon": 1e-06,
      "reward_return_scale": 1.0,
      "reward_direction_scale": 0.35,
      "reward_hold_penalty_scale": 0.1,
      "reward_drawdown_penalty_scale": 0.1,
      "reward_action_bonus_scale": 0.02,
      "reward_clip": 1.0,
      "reward_ignore_transaction_cost": 1,
      "val_overall_accuracy": 0.49514563106796117,
      "val_actionable_accuracy": 0.5773584905660377,
      "val_trade_win_rate": 0.5566343042071198,
      "val_cumulative_signal_return": 0.7083113478987968,
      "test_overall_accuracy": 0.44516129032258067,
      "test_actionable_accuracy": 0.5168539325842697,
      "test_trade_win_rate": 0.5096774193548387,
      "test_cumulative_signal_return": 0.006477025474912246,
      "val_alpha_vs_qqq": 0.2195037517425822,
      "test_alpha_vs_qqq": -0.09172579250344137,
      "ranking_score": 0.5973318061249142,
      "val_reward_total_mean": 0.1852944527226328,
      "val_reward_total_sum": 57.25598589129354,
      "val_reward_portfolio_return_mean": 0.0017991182779851897,
      "val_reward_direction_mean": 0.0006426728956619452,
      "val_reward_hold_penalty_mean": 0.0,
      "val_reward_action_bonus_mean": 6.472491909385113e-05,
      "val_reward_drawdown_penalty_mean": -0.003079659686969527,
      "val_reward_drawdown_mean": 0.030796596869695266,
      "test_reward_total_mean": -0.020669814614244005,
      "test_reward_total_sum": -6.407642530415641,
      "test_reward_portfolio_return_mean": 0.0001691206562645592,
      "test_reward_direction_mean": 6.260455122284264e-05,
      "test_reward_hold_penalty_mean": 0.0,
      "test_reward_action_bonus_mean": 6.451612903225807e-05,
      "test_reward_drawdown_penalty_mean": -0.006599450420657523,
      "test_reward_drawdown_mean": 0.06599450420657522,
      "val_cumulative_return": 0.6916371098688852,
      "val_sharpe_ratio": 2.0442544829526503,
      "val_sortino_ratio": 2.817792237929114,
      "val_max_drawdown": -0.15725320921735786,
      "test_cumulative_return": 0.006310759678312072,
      "test_sharpe_ratio": 0.15475114328258072,
      "test_sortino_ratio": 0.233902626116637,
      "test_max_drawdown": -0.2728267059669285,
      "val_benchmark_cumulative_return": 0.47213335812630297,
      "val_benchmark_sharpe_ratio": 1.8949137582706443,
      "val_benchmark_sortino_ratio": 2.547592646687637,
      "val_benchmark_max_drawdown": -0.1355773890565939,
      "test_benchmark_cumulative_return": 0.09803655218175344,
      "test_benchmark_sharpe_ratio": 0.4494908843179563,
      "test_benchmark_sortino_ratio": 0.6058593562698764,
      "test_benchmark_max_drawdown": -0.22883306921571078
    },
    {
      "seed": 1,
      "timesteps": 50000,
      "learning_rate": 0.0003,
      "gamma": 0.99,
      "ent_coef": 0.01,
      "include_news": 0,
      "threshold": 0.002,
      "horizon": 1,
      "transaction_cost_rate": 0.001,
      "trade_penalty": 0.05,
      "reward_mode": "sortino",
      "rolling_reward_window": 250,
      "reward_epsilon": 1e-06,
      "reward_return_scale": 1.0,
      "reward_direction_scale": 0.35,
      "reward_hold_penalty_scale": 0.1,
      "reward_drawdown_penalty_scale": 0.1,
      "reward_action_bonus_scale": 0.02,
      "reward_clip": 1.0,
      "reward_ignore_transaction_cost": 1,
      "val_overall_accuracy": 0.49514563106796117,
      "val_actionable_accuracy": 0.5773584905660377,
      "val_trade_win_rate": 0.5566343042071198,
      "val_cumulative_signal_return": 0.7083113478987968,
      "test_overall_accuracy": 0.44516129032258067,
      "test_actionable_accuracy": 0.5168539325842697,
      "test_trade_win_rate": 0.5096774193548387,
      "test_cumulative_signal_return": 0.006477025474912246,
      "val_alpha_vs_qqq": 0.2195037517425822,
      "test_alpha_vs_qqq": -0.09172579250344137,
      "ranking_score": 0.5973318061249142,
      "val_reward_total_mean": 0.1852944527226328,
      "val_reward_total_sum": 57.25598589129354,
      "val_reward_portfolio_return_mean": 0.0017991182779851897,
      "val_reward_direction_mean": 0.0006426728956619452,
      "val_reward_hold_penalty_mean": 0.0,
      "val_reward_action_bonus_mean": 6.472491909385113e-05,
      "val_reward_drawdown_penalty_mean": -0.003079659686969527,
      "val_reward_drawdown_mean": 0.030796596869695266,
      "test_reward_total_mean": -0.020669814614244005,
      "test_reward_total_sum": -6.407642530415641,
      "test_reward_portfolio_return_mean": 0.0001691206562645592,
      "test_reward_direction_mean": 6.260455122284264e-05,
      "test_reward_hold_penalty_mean": 0.0,
      "test_reward_action_bonus_mean": 6.451612903225807e-05,
      "test_reward_drawdown_penalty_mean": -0.006599450420657523,
      "test_reward_drawdown_mean": 0.06599450420657522,
      "val_cumulative_return": 0.6916371098688852,
      "val_sharpe_ratio": 2.0442544829526503,
      "val_sortino_ratio": 2.817792237929114,
      "val_max_drawdown": -0.15725320921735786,
      "test_cumulative_return": 0.006310759678312072,
      "test_sharpe_ratio": 0.15475114328258072,
      "test_sortino_ratio": 0.233902626116637,
      "test_max_drawdown": -0.2728267059669285,
      "val_benchmark_cumulative_return": 0.47213335812630297,
      "val_benchmark_sharpe_ratio": 1.8949137582706443,
      "val_benchmark_sortino_ratio": 2.547592646687637,
      "val_benchmark_max_drawdown": -0.1355773890565939,
      "test_benchmark_cumulative_return": 0.09803655218175344,
      "test_benchmark_sharpe_ratio": 0.4494908843179563,
      "test_benchmark_sortino_ratio": 0.6058593562698764,
      "test_benchmark_max_drawdown": -0.22883306921571078
    },
    {
      "seed": 1,
      "timesteps": 50000,
      "learning_rate": 0.0003,
      "gamma": 0.995,
      "ent_coef": 0.0,
      "include_news": 0,
      "threshold": 0.002,
      "horizon": 1,
      "transaction_cost_rate": 0.001,
      "trade_penalty": 0.05,
      "reward_mode": "sortino",
      "rolling_reward_window": 250,
      "reward_epsilon": 1e-06,
      "reward_return_scale": 1.0,
      "reward_direction_scale": 0.35,
      "reward_hold_penalty_scale": 0.1,
      "reward_drawdown_penalty_scale": 0.1,
      "reward_action_bonus_scale": 0.02,
      "reward_clip": 1.0,
      "reward_ignore_transaction_cost": 1,
      "val_overall_accuracy": 0.49514563106796117,
      "val_actionable_accuracy": 0.5773584905660377,
      "val_trade_win_rate": 0.5566343042071198,
      "val_cumulative_signal_return": 0.7083113478987968,
      "test_overall_accuracy": 0.44516129032258067,
      "test_actionable_accuracy": 0.5168539325842697,
      "test_trade_win_rate": 0.5096774193548387,
      "test_cumulative_signal_return": 0.006477025474912246,
      "val_alpha_vs_qqq": 0.2195037517425822,
      "test_alpha_vs_qqq": -0.09172579250344137,
      "ranking_score": 0.5973318061249142,
      "val_reward_total_mean": 0.1852944527226328,
      "val_reward_total_sum": 57.25598589129354,
      "val_reward_portfolio_return_mean": 0.0017991182779851897,
      "val_reward_direction_mean": 0.0006426728956619452,
      "val_reward_hold_penalty_mean": 0.0,
      "val_reward_action_bonus_mean": 6.472491909385113e-05,
      "val_reward_drawdown_penalty_mean": -0.003079659686969527,
      "val_reward_drawdown_mean": 0.030796596869695266,