{
  "rows": 8,
  "generated_at_utc": "20260329-091631Z",
  "leaderboard_path": "D:\\code\\agentic-development\\reinforcement-learning-stocks\\data\\experiment_snapshots\\experiment_leaderboard_20260329-091631Z_cuda-fix-smoke-test.csv",
  "reward_leaderboard_path": "D:\\code\\agentic-development\\reinforcement-learning-stocks\\data\\experiment_snapshots\\experiment_reward_leaderboard_20260329-091631Z_cuda-fix-smoke-test.csv",
  "top3": [
    {
      "seed": 7,
      "timesteps": 5000,
      "learning_rate": 0.0001,
      "gamma": 0.995,
      "ent_coef": 0.0,
      "include_news": 0,
      "threshold": 0.002,
      "horizon": 1,
      "transaction_cost_rate": 0.001,
      "trade_penalty": 0.05,
      "reward_return_scale": 1.0,
      "reward_direction_scale": 0.35,
      "reward_hold_penalty_scale": 0.1,
      "reward_drawdown_penalty_scale": 0.1,
      "reward_action_bonus_scale": 0.02,
      "reward_clip": 1.0,
      "reward_ignore_transaction_cost": 1,
      "val_overall_accuracy": 0.49514563106796117,
      "val_actionable_accuracy": 0.5773584905660377,
      "val_trade_win_rate": 0.5566343042071198,
      "val_cumulative_signal_return": 0.7083113478987972,
      "test_overall_accuracy": 0.44516129032258067,
      "test_actionable_accuracy": 0.5168539325842697,
      "test_trade_win_rate": 0.5096774193548387,
      "test_cumulative_signal_return": 0.006477025474912246,
      "ranking_score": 0.5973318061249142,
      "val_reward_total_mean": -0.0023208377753946136,
      "val_reward_total_sum": -0.7171388725969355,
      "val_reward_portfolio_return_mean": 0.0017775869793667284,
      "val_reward_direction_mean": -6.743159301990505e-07,
      "val_reward_hold_penalty_mean": -0.0010764728644826714,
      "val_reward_action_bonus_mean": 6.472491909385113e-05,
      "val_reward_drawdown_penalty_mean": -0.003086002493442323,
      "val_reward_drawdown_mean": 0.03086002493442323,
      "test_reward_total_mean": -0.007786804418145701,
      "test_reward_total_sum": -2.4139093696251672,
      "test_reward_portfolio_return_mean": 4.8759569070328504e-05,
      "test_reward_direction_mean": -1.7598326502109464e-05,
      "test_reward_hold_penalty_mean": -0.0012210029967703092,
      "test_reward_action_bonus_mean": 6.451612903225807e-05,
      "test_reward_drawdown_penalty_mean": -0.006661478792975869,
      "test_reward_drawdown_mean": 0.0666147879297587
    },
    {
      "seed": 7,
      "timesteps": 5000,
      "learning_rate": 0.0001,
      "gamma": 0.995,
      "ent_coef": 0.01,
      "include_news": 0,
      "threshold": 0.002,
      "horizon": 1,
      "transaction_cost_rate": 0.001,
      "trade_penalty": 0.05,
      "reward_return_scale": 1.0,
      "reward_direction_scale": 0.35,
      "reward_hold_penalty_scale": 0.1,
      "reward_drawdown_penalty_scale": 0.1,
      "reward_action_bonus_scale": 0.02,
      "reward_clip": 1.0,
      "reward_ignore_transaction_cost": 1,
      "val_overall_accuracy": 0.49514563106796117,
      "val_actionable_accuracy": 0.5773584905660377,
      "val_trade_win_rate": 0.5566343042071198,
      "val_cumulative_signal_return": 0.7083113478987972,
      "test_overall_accuracy": 0.44516129032258067,
      "test_actionable_accuracy": 0.5168539325842697,
      "test_trade_win_rate": 0.5096774193548387,
      "test_cumulative_signal_return": 0.006477025474912246,
      "ranking_score": 0.5973318061249142,
      "val_reward_total_mean": -0.0023208377753946136,
      "val_reward_total_sum": -0.7171388725969355,
      "val_reward_portfolio_return_mean": 0.0017775869793667284,
      "val_reward_direction_mean": -6.743159301990505e-07,
      "val_reward_hold_penalty_mean": -0.0010764728644826714,
      "val_reward_action_bonus_mean": 6.472491909385113e-05,
      "val_reward_drawdown_penalty_mean": -0.003086002493442323,
      "val_reward_drawdown_mean": 0.03086002493442323,
      "test_reward_total_mean": -0.007786804418145701,
      "test_reward_total_sum": -2.4139093696251672,
      "test_reward_portfolio_return_mean": 4.8759569070328504e-05,
      "test_reward_direction_mean": -1.7598326502109464e-05,
      "test_reward_hold_penalty_mean": -0.0012210029967703092,
      "test_reward_action_bonus_mean": 6.451612903225807e-05,
      "test_reward_drawdown_penalty_mean": -0.006661478792975869,
      "test_reward_drawdown_mean": 0.0666147879297587
    },
    {
      "seed": 7,
      "timesteps": 5000,
      "learning_rate": 0.0001,
      "gamma": 0.99,
      "ent_coef": 0.0,
      "include_news": 0,
      "threshold": 0.002,
      "horizon": 1,
      "transaction_cost_rate": 0.001,
      "trade_penalty": 0.05,
      "reward_return_scale": 1.0,
      "reward_direction_scale": 0.35,
      "reward_hold_penalty_scale": 0.1,
      "reward_drawdown_penalty_scale": 0.1,
      "reward_action_bonus_scale": 0.02,
      "reward_clip": 1.0,
      "reward_ignore_transaction_cost": 1,
      "val_overall_accuracy": 0.48220064724919093,
      "val_actionable_accuracy": 0.5622641509433962,
      "val_trade_win_rate": 0.5436893203883495,
      "val_cumulative_signal_return": 0.5633076771154417,
      "test_overall_accuracy": 0.45161290322580644,
      "test_actionable_accuracy": 0.5243445692883895,
      "test_trade_win_rate": 0.5129032258064516,
      "test_cumulative_signal_return": 0.05707307734970479,
      "ranking_score": 0.5569004070112913,
      "val_reward_total_mean": -0.001789179134256149,
      "val_reward_total_sum": -0.5528563524851501,
      "val_reward_portfolio_return_mean": 0.0013907091916498585,
      "val_reward_direction_mean": -2.3657174841995107e-05,
      "val_reward_hold_penalty_mean": -0.0010420412205172998,
      "val_reward_action_bonus_mean": 0.0007119741100323624,
      "val_reward_drawdown_penalty_mean": -0.0028261640405790756,
      "val_reward_drawdown_mean": 0.028261640405790753,
      "test_reward_total_mean": -0.006758492752056484,
      "test_reward_total_sum": -2.09513275313751,
      "test_reward_portfolio_return_mean": 0.00012601681374085582,
      "test_reward_direction_mean": -2.907613454385732e-06,
      "test_reward_hold_penalty_mean": -0.0011971919437760948,
      "test_reward_action_bonus_mean": 0.0007096774193548388,
      "test_reward_drawdown_penalty_mean": -0.006394087427921699,
      "test_reward_drawdown_mean": 0.06394087427921698
    }
  ]
}