{
  "rows": 5,
  "generated_at_utc": "20260329-081441Z",
  "leaderboard_path": "D:\\code\\agentic-development\\reinforcement-learning-stocks\\data\\experiment_snapshots\\experiment_leaderboard_20260329-081441Z_phase2-dir0.5.csv",
  "reward_leaderboard_path": "D:\\code\\agentic-development\\reinforcement-learning-stocks\\data\\experiment_snapshots\\experiment_reward_leaderboard_20260329-081441Z_phase2-dir0.5.csv",
  "top3": [
    {
      "seed": 7,
      "timesteps": 20000,
      "learning_rate": 0.0001,
      "gamma": 0.99,
      "ent_coef": 0.0,
      "include_news": 1,
      "threshold": 0.002,
      "horizon": 1,
      "transaction_cost_rate": 0.001,
      "trade_penalty": 0.05,
      "reward_return_scale": 1.0,
      "reward_direction_scale": 0.5,
      "reward_hold_penalty_scale": 0.05,
      "reward_drawdown_penalty_scale": 0.1,
      "reward_action_bonus_scale": 0.02,
      "reward_clip": 1.0,
      "reward_ignore_transaction_cost": 1,
      "val_overall_accuracy": 0.48220064724919093,
      "val_actionable_accuracy": 0.5622641509433962,
      "val_trade_win_rate": 0.5339805825242718,
      "val_cumulative_signal_return": 0.6976765936282459,
      "test_overall_accuracy": 0.4612903225806452,
      "test_actionable_accuracy": 0.5355805243445693,
      "test_trade_win_rate": 0.5193548387096775,
      "test_cumulative_signal_return": 0.5869163793149657,
      "ranking_score": 0.5808615689546288,
      "val_reward_total_mean": 0.003545431041686845,
      "val_reward_total_sum": 1.095538191881235,
      "val_reward_portfolio_return_mean": 0.0014526081711072898,
      "val_reward_direction_mean": 0.00011662621106732734,
      "val_reward_hold_penalty_mean": -0.0004088758089050465,
      "val_reward_action_bonus_mean": 0.004207119741100324,
      "val_reward_drawdown_penalty_mean": -0.00182204727268305,
      "val_reward_drawdown_mean": 0.018220472726830497,
      "test_reward_total_mean": 0.0012744653483985758,
      "test_reward_total_sum": 0.3950842580035585,
      "test_reward_portfolio_return_mean": 0.0005893932898421296,
      "test_reward_direction_mean": 0.0004237630421986252,
      "test_reward_hold_penalty_mean": -0.00039952376385634573,
      "test_reward_action_bonus_mean": 0.004838709677419355,
      "test_reward_drawdown_penalty_mean": -0.004177876897205188,
      "test_reward_drawdown_mean": 0.04177876897205188
    },
    {
      "seed": 7,
      "timesteps": 20000,
      "learning_rate": 0.0003,
      "gamma": 0.995,
      "ent_coef": 0.01,
      "include_news": 1,
      "threshold": 0.002,
      "horizon": 1,
      "transaction_cost_rate": 0.001,
      "trade_penalty": 0.05,
      "reward_return_scale": 1.0,
      "reward_direction_scale": 0.5,
      "reward_hold_penalty_scale": 0.05,
      "reward_drawdown_penalty_scale": 0.1,
      "reward_action_bonus_scale": 0.02,
      "reward_clip": 1.0,
      "reward_ignore_transaction_cost": 1,
      "val_overall_accuracy": 0.48220064724919093,
      "val_actionable_accuracy": 0.5622641509433962,
      "val_trade_win_rate": 0.5436893203883495,
      "val_cumulative_signal_return": 0.5633076771154417,
      "test_overall_accuracy": 0.45806451612903226,
      "test_actionable_accuracy": 0.5318352059925093,
      "test_trade_win_rate": 0.5129032258064516,
      "test_cumulative_signal_return": 0.30887749072539705,
      "ranking_score": 0.5569004070112913,
      "val_reward_total_mean": -0.0012782973132154972,
      "val_reward_total_sum": -0.39499386978358864,
      "val_reward_portfolio_return_mean": 0.0013907091916498585,
      "val_reward_direction_mean": -3.3795964059993e-05,
      "val_reward_hold_penalty_mean": -0.0005210206102586499,
      "val_reward_action_bonus_mean": 0.0007119741100323624,
      "val_reward_drawdown_penalty_mean": -0.0028261640405790756,
      "val_reward_drawdown_mean": 0.028261640405790753,
      "test_reward_total_mean": -0.0018119182632127873,
      "test_reward_total_sum": -0.561694661595964,
      "test_reward_portfolio_return_mean": 0.00039745547648977126,
      "test_reward_direction_mean": 0.0002484830255274707,
      "test_reward_hold_penalty_mean": -0.0005273830786019683,
      "test_reward_action_bonus_mean": 0.002774193548387097,
      "test_reward_drawdown_penalty_mean": -0.0047046672350151576,
      "test_reward_drawdown_mean": 0.04704667235015157
    },
    {
      "seed": 7,
      "timesteps": 20000,
      "learning_rate": 0.0003,
      "gamma": 0.995,
      "ent_coef": 0.0,
      "include_news": 1,
      "threshold": 0.002,
      "horizon": 1,
      "transaction_cost_rate": 0.001,
      "trade_penalty": 0.05,
      "reward_return_scale": 1.0,
      "reward_direction_scale": 0.5,
      "reward_hold_penalty_scale": 0.05,
      "reward_drawdown_penalty_scale": 0.1,
      "reward_action_bonus_scale": 0.02,
      "reward_clip": 1.0,
      "reward_ignore_transaction_cost": 1,
      "val_overall_accuracy": 0.48220064724919093,
      "val_actionable_accuracy": 0.5622641509433962,
      "val_trade_win_rate": 0.5436893203883495,
      "val_cumulative_signal_return": 0.5633076771154417,
      "test_overall_accuracy": 0.4612903225806452,
      "test_actionable_accuracy": 0.5355805243445693,
      "test_trade_win_rate": 0.5193548387096775,
      "test_cumulative_signal_return": 0.5915039118245524,
      "ranking_score": 0.5569004070112913,
      "val_reward_total_mean": -0.0012782973132154972,
      "val_reward_total_sum": -0.39499386978358864,
      "val_reward_portfolio_return_mean": 0.0013907091916498585,
      "val_reward_direction_mean": -3.3795964059993e-05,
      "val_reward_hold_penalty_mean": -0.0005210206102586499,
      "val_reward_action_bonus_mean": 0.0007119741100323624,
      "val_reward_drawdown_penalty_mean": -0.0028261640405790756,
      "val_reward_drawdown_mean": 0.028261640405790753,
      "test_reward_total_mean": 0.0010569801511371244,
      "test_reward_total_sum": 0.3276638468525086,
      "test_reward_portfolio_return_mean": 0.0005938045685386662,
      "test_reward_direction_mean": 0.0004375173829490744,
      "test_reward_hold_penalty_mean": -0.0004031108112515568,
      "test_reward_action_bonus_mean": 0.004580645161290323,
      "test_reward_drawdown_penalty_mean": -0.004151876150389382,
      "test_reward_drawdown_mean": 0.041518761503893824
    }
  ]
}