{
  "rows": 8,
  "generated_at_utc": "20260329-082813Z",
  "leaderboard_path": "D:\\code\\agentic-development\\reinforcement-learning-stocks\\data\\experiment_snapshots\\experiment_leaderboard_20260329-082813Z_phase2-30k.csv",
  "reward_leaderboard_path": "D:\\code\\agentic-development\\reinforcement-learning-stocks\\data\\experiment_snapshots\\experiment_reward_leaderboard_20260329-082813Z_phase2-30k.csv",
  "top3": [
    {
      "seed": 13,
      "timesteps": 30000,
      "learning_rate": 0.0003,
      "gamma": 0.99,
      "ent_coef": 0.01,
      "include_news": 1,
      "threshold": 0.002,
      "horizon": 1,
      "transaction_cost_rate": 0.001,
      "trade_penalty": 0.05,
      "reward_return_scale": 1.0,
      "reward_direction_scale": 0.35,
      "reward_hold_penalty_scale": 0.05,
      "reward_drawdown_penalty_scale": 0.1,
      "reward_action_bonus_scale": 0.02,
      "reward_clip": 1.0,
      "reward_ignore_transaction_cost": 1,
      "val_overall_accuracy": 0.47249190938511326,
      "val_actionable_accuracy": 0.5509433962264151,
      "val_trade_win_rate": 0.540453074433657,
      "val_cumulative_signal_return": 0.40805072509938256,
      "test_overall_accuracy": 0.47096774193548385,
      "test_actionable_accuracy": 0.5468164794007491,
      "test_trade_win_rate": 0.5290322580645161,
      "test_cumulative_signal_return": 0.8195309400926267,
      "ranking_score": 0.5192177654631811,
      "val_reward_total_mean": 0.01053361721046205,
      "val_reward_total_sum": 3.2548877180327733,
      "val_reward_portfolio_return_mean": 0.0013975169393168662,
      "val_reward_direction_mean": 0.00021081452712332657,
      "val_reward_hold_penalty_mean": -0.00023574168798364751,
      "val_reward_action_bonus_mean": 0.01190938511326861,
      "val_reward_drawdown_penalty_mean": -0.0027483576812631057,
      "val_reward_drawdown_mean": 0.027483576812631055,
      "test_reward_total_mean": 0.0028543104180868105,
      "test_reward_total_sum": 0.8848362296069112,
      "test_reward_portfolio_return_mean": 0.000974136387431204,
      "test_reward_direction_mean": 0.0003121195987598362,
      "test_reward_hold_penalty_mean": -0.00036470437695713704,
      "test_reward_action_bonus_mean": 0.006258064516129032,
      "test_reward_drawdown_penalty_mean": -0.004325305707276124,
      "test_reward_drawdown_mean": 0.04325305707276125
    },
    {
      "seed": 21,
      "timesteps": 30000,
      "learning_rate": 0.0003,
      "gamma": 0.99,
      "ent_coef": 0.01,
      "include_news": 1,
      "threshold": 0.002,
      "horizon": 1,
      "transaction_cost_rate": 0.001,
      "trade_penalty": 0.05,
      "reward_return_scale": 1.0,
      "reward_direction_scale": 0.35,
      "reward_hold_penalty_scale": 0.05,
      "reward_drawdown_penalty_scale": 0.1,
      "reward_action_bonus_scale": 0.02,
      "reward_clip": 1.0,
      "reward_ignore_transaction_cost": 1,
      "val_overall_accuracy": 0.47249190938511326,
      "val_actionable_accuracy": 0.5509433962264151,
      "val_trade_win_rate": 0.540453074433657,
      "val_cumulative_signal_return": 0.40805072509938256,
      "test_overall_accuracy": 0.46774193548387094,
      "test_actionable_accuracy": 0.5430711610486891,
      "test_trade_win_rate": 0.5258064516129032,
      "test_cumulative_signal_return": 0.736508478448141,
      "ranking_score": 0.5192177654631811,
      "val_reward_total_mean": 0.01053361721046205,
      "val_reward_total_sum": 3.2548877180327733,
      "val_reward_portfolio_return_mean": 0.0013975169393168662,
      "val_reward_direction_mean": 0.00021081452712332657,
      "val_reward_hold_penalty_mean": -0.00023574168798364751,
      "val_reward_action_bonus_mean": 0.01190938511326861,
      "val_reward_drawdown_penalty_mean": -0.0027483576812631057,
      "val_reward_drawdown_mean": 0.027483576812631055,
      "test_reward_total_mean": 0.0011405303018150903,
      "test_reward_total_sum": 0.353564393562678,
      "test_reward_portfolio_return_mean": 0.0008786570519852926,
      "test_reward_direction_mean": 0.00034067792025361263,
      "test_reward_hold_penalty_mean": -0.0003939694532149101,
      "test_reward_action_bonus_mean": 0.004838709677419355,
      "test_reward_drawdown_penalty_mean": -0.00452354489462826,
      "test_reward_drawdown_mean": 0.045235448946282585
    },
    {
      "seed": 144,
      "timesteps": 30000,
      "learning_rate": 0.0003,
      "gamma": 0.99,
      "ent_coef": 0.01,
      "include_news": 1,
      "threshold": 0.002,
      "horizon": 1,
      "transaction_cost_rate": 0.001,
      "trade_penalty": 0.05,
      "reward_return_scale": 1.0,
      "reward_direction_scale": 0.35,
      "reward_hold_penalty_scale": 0.05,
      "reward_drawdown_penalty_scale": 0.1,
      "reward_action_bonus_scale": 0.02,
      "reward_clip": 1.0,
      "reward_ignore_transaction_cost": 1,
      "val_overall_accuracy": 0.47249190938511326,
      "val_actionable_accuracy": 0.5509433962264151,
      "val_trade_win_rate": 0.540453074433657,
      "val_cumulative_signal_return": 0.40805072509938256,
      "test_overall_accuracy": 0.45161290322580644,
      "test_actionable_accuracy": 0.5243445692883895,
      "test_trade_win_rate": 0.5032258064516129,
      "test_cumulative_signal_return": 0.2710919897328956,
      "ranking_score": 0.5192177654631811,
      "val_reward_total_mean": 0.01053361721046205,
      "val_reward_total_sum": 3.2548877180327733,
      "val_reward_portfolio_return_mean": 0.0013975169393168662,
      "val_reward_direction_mean": 0.00021081452712332657,
      "val_reward_hold_penalty_mean": -0.00023574168798364751,
      "val_reward_action_bonus_mean": 0.01190938511326861,
      "val_reward_drawdown_penalty_mean": -0.0027483576812631057,
      "val_reward_drawdown_mean": 0.027483576812631055,
      "test_reward_total_mean": 0.00597292205770111,
      "test_reward_total_sum": 1.8516058378873441,
      "test_reward_portfolio_return_mean": 0.00030087777030627657,
      "test_reward_direction_mean": 0.0004267716756549029,
      "test_reward_hold_penalty_mean": -0.00023940573258136034,
      "test_reward_action_bonus_mean": 0.010193548387096775,
      "test_reward_drawdown_penalty_mean": -0.0047088700427754815,
      "test_reward_drawdown_mean": 0.04708870042775482
    }
  ]
}