{
  "rows": 20,
  "generated_at_utc": "20260401-092444Z",
  "leaderboard_path": "D:\\code\\agentic-development\\reinforcement-learning-stocks\\data\\experiment_snapshots\\experiment_leaderboard_20260401-092444Z.csv",
  "reward_leaderboard_path": "D:\\code\\agentic-development\\reinforcement-learning-stocks\\data\\experiment_snapshots\\experiment_reward_leaderboard_20260401-092444Z.csv",
  "top3": [
    {
      "seed": 7,
      "timesteps": 20000,
      "learning_rate": 0.0003,
      "gamma": 0.99,
      "ent_coef": 0.02,
      "include_news": 1,
      "threshold": 0.002,
      "horizon": 1,
      "transaction_cost_rate": 0.001,
      "trade_penalty": 0.05,
      "reward_mode": "sharpe",
      "rolling_reward_window": 100,
      "reward_epsilon": 1e-06,
      "reward_return_scale": 1.0,
      "reward_direction_scale": 0.35,
      "reward_hold_penalty_scale": 0.1,
      "reward_drawdown_penalty_scale": 0.1,
      "reward_action_bonus_scale": 0.02,
      "reward_clip": 1.0,
      "reward_ignore_transaction_cost": 1,
      "val_overall_accuracy": 0.49514563106796117,
      "val_actionable_accuracy": 0.575187969924812,
      "val_trade_win_rate": 0.5566343042071198,
      "val_cumulative_signal_return": 0.6977890042706454,
      "test_overall_accuracy": 0.4437299035369775,
      "test_actionable_accuracy": 0.5149253731343284,
      "test_trade_win_rate": 0.5080385852090032,
      "test_cumulative_signal_return": -0.04535026705320622,
      "val_alpha_vs_qqq": -0.03799851687525524,
      "test_alpha_vs_qqq": -0.1117449853336756,
      "ranking_score": 0.5941420770786711,
      "run_duration_seconds": 51.97350192070007,
      "val_reward_total_mean": 0.11969336641937683,
      "val_reward_total_sum": 36.98525022358744,
      "val_reward_portfolio_return_mean": 0.0011739971172640847,
      "val_reward_direction_mean": 0.001396318107818596,
      "val_reward_hold_penalty_mean": 0.0,
      "val_reward_action_bonus_mean": 0.0005825242718446602,
      "val_reward_drawdown_penalty_mean": -0.0020673860167587195,
      "val_reward_drawdown_mean": 0.020673860167587193,
      "test_reward_total_mean": 0.022820070546011605,
      "test_reward_total_sum": 7.097041939809609,
      "test_reward_portfolio_return_mean": -3.4665048734795226e-05,
      "test_reward_direction_mean": 4.0795128010103634e-05,
      "test_reward_hold_penalty_mean": 0.0,
      "test_reward_action_bonus_mean": 6.430868167202572e-05,
      "test_reward_drawdown_penalty_mean": -0.004550229450028015,
      "test_reward_drawdown_mean": 0.04550229450028014,
      "val_cumulative_return": 0.41885836232911133,
      "val_sharpe_ratio": 2.009878797250767,
      "val_sortino_ratio": 2.746348835515695,
      "val_max_drawdown": -0.1072538342393351,
      "test_cumulative_return": -0.02898855090151775,
      "test_sharpe_ratio": -0.046071489350685224,
      "test_sortino_ratio": -0.06870407159050856,
      "test_max_drawdown": -0.1812769062135715,
      "val_benchmark_cumulative_return": 0.4568568792043666,
      "val_benchmark_sharpe_ratio": 1.8417693046949546,
      "val_benchmark_sortino_ratio": 2.4848237072969352,
      "val_benchmark_max_drawdown": -0.13557738905659378,
      "test_benchmark_cumulative_return": 0.08275643443215785,
      "test_benchmark_sharpe_ratio": 0.3976988806903395,
      "test_benchmark_sortino_ratio": 0.5367961186734007,
      "test_benchmark_max_drawdown": -0.2288330692157109,
      "model_path": "D:\\code\\agentic-development\\reinforcement-learning-stocks\\data\\experiment_snapshots\\model_20260401-090447Z_run_seed7.zip",
      "test_return_mean_by_config": -0.04944998721815739,
      "test_return_std_by_config": 0.007632183876483883,
      "config_seed_count": 5,
      "test_return_cv_by_config": 0.15434147319013755,
      "high_return_cv_risk": 0
    },
    {
      "seed": 7,
      "timesteps": 20000,
      "learning_rate": 0.0003,
      "gamma": 0.99,
      "ent_coef": 0.05,
      "include_news": 1,
      "threshold": 0.002,
      "horizon": 1,
      "transaction_cost_rate": 0.001,
      "trade_penalty": 0.05,
      "reward_mode": "sharpe",
      "rolling_reward_window": 100,
      "reward_epsilon": 1e-06,
      "reward_return_scale": 1.0,
      "reward_direction_scale": 0.35,
      "reward_hold_penalty_scale": 0.1,
      "reward_drawdown_penalty_scale": 0.1,
      "reward_action_bonus_scale": 0.02,
      "reward_clip": 1.0,
      "reward_ignore_transaction_cost": 1,
      "val_overall_accuracy": 0.49514563106796117,
      "val_actionable_accuracy": 0.575187969924812,
      "val_trade_win_rate": 0.5566343042071198,
      "val_cumulative_signal_return": 0.6977890042706454,
      "test_overall_accuracy": 0.4437299035369775,
      "test_actionable_accuracy": 0.5168539325842697,
      "test_trade_win_rate": 0.5096774193548387,
      "test_cumulative_signal_return": -0.02848145348934006,
      "val_alpha_vs_qqq": -0.17969459909893515,
      "test_alpha_vs_qqq": -0.15046480379018445,
      "ranking_score": 0.5941420770786711,
      "run_duration_seconds": 49.52100443840027,
      "val_reward_total_mean": 0.126565827510786,
      "val_reward_total_sum": 39.10884070083287,
      "val_reward_portfolio_return_mean": 0.000827293568693175,
      "val_reward_direction_mean": 0.0012639256228043178,
      "val_reward_hold_penalty_mean": 0.0,
      "val_reward_action_bonus_mean": 0.008802588996763753,
      "val_reward_drawdown_penalty_mean": -0.0028842055014147066,
      "val_reward_drawdown_mean": 0.028842055014147067,
      "test_reward_total_mean": 0.03381717900109802,
      "test_reward_total_sum": 10.517142669341485,
      "test_reward_portfolio_return_mean": -0.00016926017192712807,
      "test_reward_direction_mean": 1.9730216700867194e-05,
      "test_reward_hold_penalty_mean": -2.1389534393356033e-06,
      "test_reward_action_bonus_mean": 0.007138263665594856,
      "test_reward_drawdown_penalty_mean": -0.004461338588440973,
      "test_reward_drawdown_mean": 0.04461338588440973,
      "val_cumulative_return": 0.2771622801054314,
      "val_sharpe_ratio": 1.501635799670254,
      "val_sortino_ratio": 2.061215571649862,
      "val_max_drawdown": -0.11481815155622532,
      "test_cumulative_return": -0.0677083693580266,
      "test_sharpe_ratio": -0.24107846369570007,
      "test_sortino_ratio": -0.34622610638913465,
      "test_max_drawdown": -0.18192832483705978,
      "val_benchmark_cumulative_return": 0.4568568792043666,
      "val_benchmark_sharpe_ratio": 1.8417693046949546,
      "val_benchmark_sortino_ratio": 2.4848237072969352,
      "val_benchmark_max_drawdown": -0.13557738905659378,
      "test_benchmark_cumulative_return": 0.08275643443215785,
      "test_benchmark_sharpe_ratio": 0.3976988806903395,
      "test_benchmark_sortino_ratio": 0.5367961186734007,
      "test_benchmark_max_drawdown": -0.2288330692157109,
      "model_path": "D:\\code\\agentic-development\\reinforcement-learning-stocks\\data\\experiment_snapshots\\model_20260401-090536Z_run_seed7.zip",
      "test_return_mean_by_config": 0.01562704402853088,
      "test_return_std_by_config": 0.10293889143729117,
      "config_seed_count": 5,
      "test_return_cv_by_config": 6.587227325228737,
      "high_return_cv_risk": 1
    },
    {
      "seed": 7,
      "timesteps": 40000,
      "learning_rate": 0.0003,
      "gamma": 0.99,
      "ent_coef": 0.02,
      "include_news": 1,
      "threshold": 0.002,
      "horizon": 1,
      "transaction_cost_rate": 0.001,
      "trade_penalty": 0.05,
      "reward_mode": "sharpe",
      "rolling_reward_window": 100,
      "reward_epsilon": 1e-06,
      "reward_return_scale": 1.0,
      "reward_direction_scale": 0.35,
      "reward_hold_penalty_scale": 0.1,
      "reward_drawdown_penalty_scale": 0.1,
      "reward_action_bonus_scale": 0.02,
      "reward_clip": 1.0,
      "reward_ignore_transaction_cost": 1,
      "val_overall_accuracy": 0.49514563106796117,
      "val_actionable_accuracy": 0.575187969924812,
      "val_trade_win_rate": 0.5566343042071198,