seed,timesteps,learning_rate,gamma,ent_coef,include_news,threshold,horizon,transaction_cost_rate,trade_penalty,reward_return_scale,reward_direction_scale,reward_hold_penalty_scale,reward_drawdown_penalty_scale,reward_action_bonus_scale,reward_clip,reward_ignore_transaction_cost,val_overall_accuracy,val_actionable_accuracy,val_trade_win_rate,val_cumulative_signal_return,test_overall_accuracy,test_actionable_accuracy,test_trade_win_rate,test_cumulative_signal_return,ranking_score,val_reward_total_mean,val_reward_total_sum,val_reward_portfolio_return_mean,val_reward_direction_mean,val_reward_hold_penalty_mean,val_reward_action_bonus_mean,val_reward_drawdown_penalty_mean,val_reward_drawdown_mean,test_reward_total_mean,test_reward_total_sum,test_reward_portfolio_return_mean,test_reward_direction_mean,test_reward_hold_penalty_mean,test_reward_action_bonus_mean,test_reward_drawdown_penalty_mean,test_reward_drawdown_mean
13,5000,0.0003,0.99,0.01,1,0.002,1,0.001,0.05,1.0,0.35,0.1,0.1,0.02,1.0,1,0.47249190938511326,0.5509433962264151,0.540453074433657,0.40805072509938256,0.47096774193548385,0.5468164794007491,0.5290322580645161,0.8536264953651318,0.5192177654631811,0.010297875522478402,3.182043536445826,0.0013975169393168662,0.00021081452712332657,-0.00047148337596729503,0.01190938511326861,-0.0027483576812631057,0.027483576812631055,0.0011407738191652683,0.35363988394123314,0.0009548817213154481,0.0004125386767108321,-0.0007674072617277574,0.004967741935483871,-0.004426981252617125,0.04426981252617126
7,5000,0.0003,0.99,0.01,1,0.002,1,0.001,0.05,1.0,0.35,0.1,0.1,0.02,1.0,1,0.36245954692556637,0.4226415094339623,0.4401294498381877,-0.4508162087878643,0.4161290322580645,0.48314606741573035,0.4870967741935484,-0.10062752837551303,0.25319634791086454,-0.0010766655261770142,-0.33268964758869735,0.0,0.0,-0.0010766655261770142,0.0,0.0,0.0,-0.001226031090056626,-0.3800696379175541,0.0,0.0,-0.001226031090056626,0.0,0.0,0.0
