{
  "rows": 12,
  "generated_at_utc": "20260402-025115Z",
  "leaderboard_path": "D:\\code\\agentic-development\\reinforcement-learning-stocks\\data\\experiment_snapshots\\experiment_leaderboard_20260402-025115Z.csv",
  "reward_leaderboard_path": "D:\\code\\agentic-development\\reinforcement-learning-stocks\\data\\experiment_snapshots\\experiment_reward_leaderboard_20260402-025115Z.csv",
  "top3": [
    {
      "seed": 7,
      "timesteps": 20000,
      "learning_rate": 0.0003,
      "gamma": 0.99,
      "ent_coef": 0.05,
      "include_news": 0,
      "threshold": 0.002,
      "horizon": 1,
      "transaction_cost_rate": 0.001,
      "trade_penalty": 0.05,
      "reward_mode": "sharpe",
      "rolling_reward_window": 100,
      "reward_epsilon": 1e-06,
      "reward_return_scale": 1.0,
      "reward_direction_scale": 0.35,
      "reward_hold_penalty_scale": 0.1,
      "reward_drawdown_penalty_scale": 0.1,
      "reward_action_bonus_scale": 0.02,
      "reward_clip": 1.0,
      "reward_ignore_transaction_cost": 1,
      "val_overall_accuracy": 0.4919093851132686,
      "val_actionable_accuracy": 0.5714285714285714,
      "val_trade_win_rate": 0.5533980582524272,
      "val_cumulative_signal_return": 0.6315304546304883,
      "test_overall_accuracy": 0.4437299035369775,
      "test_actionable_accuracy": 0.5168539325842697,
      "test_trade_win_rate": 0.5112540192926045,
      "test_cumulative_signal_return": -0.030568222698335923,
      "val_alpha_vs_qqq": -0.036790634747995155,
      "test_alpha_vs_qqq": -0.1482670886957419,
      "ranking_score": 0.5780397941161115,
      "run_duration_seconds": 51.18688464164734,
      "val_reward_total_mean": 0.09868516114438229,
      "val_reward_total_sum": 30.493714793614128,
      "val_reward_portfolio_return_mean": 0.001076525200218092,
      "val_reward_direction_mean": 0.0013402667763123012,
      "val_reward_hold_penalty_mean": 0.0,
      "val_reward_action_bonus_mean": 0.00038834951456310677,
      "val_reward_drawdown_penalty_mean": -0.002119098494792082,
      "val_reward_drawdown_mean": 0.02119098494792082,
      "test_reward_total_mean": 0.03780261738135198,
      "test_reward_total_sum": 11.756614005600467,
      "test_reward_portfolio_return_mean": -3.872982364879309e-06,
      "test_reward_direction_mean": 5.000022415354637e-05,
      "test_reward_hold_penalty_mean": 0.0,
      "test_reward_action_bonus_mean": 6.430868167202572e-05,
      "test_reward_drawdown_penalty_mean": -0.004554268923688283,
      "test_reward_drawdown_mean": 0.04554268923688284,
      "val_cumulative_return": 0.3770014357026725,
      "val_sharpe_ratio": 1.8397609273024087,
      "val_sortino_ratio": 2.509390281096711,
      "val_max_drawdown": -0.11242263046153667,
      "test_cumulative_return": -0.01926452571589199,
      "test_sharpe_ratio": -0.0024204368892979506,
      "test_sortino_ratio": -0.003593868487527261,
      "test_max_drawdown": -0.17969717146323994,
      "val_benchmark_cumulative_return": 0.4137920704506677,
      "val_benchmark_sharpe_ratio": 1.7024106961553558,
      "val_benchmark_sortino_ratio": 2.302448782787176,
      "val_benchmark_max_drawdown": -0.1355773890565939,
      "test_benchmark_cumulative_return": 0.1290025629798499,
      "test_benchmark_sharpe_ratio": 0.5459450874590821,
      "test_benchmark_sortino_ratio": 0.7404124446942003,
      "test_benchmark_max_drawdown": -0.2288330692157109,
      "model_path": "D:\\code\\agentic-development\\reinforcement-learning-stocks\\data\\experiment_snapshots\\model_20260402-023932Z_run_seed7.zip",
      "test_return_mean_by_config": -0.031067120569670093,
      "test_return_std_by_config": 0.0008641164609387423,
      "config_seed_count": 3,
      "test_return_cv_by_config": 0.0278145011540707,
      "high_return_cv_risk": 0
    },
    {
      "seed": 7,
      "timesteps": 40000,
      "learning_rate": 0.0003,
      "gamma": 0.99,
      "ent_coef": 0.02,
      "include_news": 0,
      "threshold": 0.002,
      "horizon": 1,
      "transaction_cost_rate": 0.001,
      "trade_penalty": 0.05,
      "reward_mode": "sharpe",
      "rolling_reward_window": 100,
      "reward_epsilon": 1e-06,
      "reward_return_scale": 1.0,
      "reward_direction_scale": 0.35,
      "reward_hold_penalty_scale": 0.1,
      "reward_drawdown_penalty_scale": 0.1,
      "reward_action_bonus_scale": 0.02,
      "reward_clip": 1.0,
      "reward_ignore_transaction_cost": 1,
      "val_overall_accuracy": 0.4919093851132686,
      "val_actionable_accuracy": 0.5714285714285714,
      "val_trade_win_rate": 0.5533980582524272,
      "val_cumulative_signal_return": 0.6315304546304883,
      "test_overall_accuracy": 0.4437299035369775,
      "test_actionable_accuracy": 0.5168539325842697,
      "test_trade_win_rate": 0.5112540192926045,
      "test_cumulative_signal_return": -0.030568222698335923,
      "val_alpha_vs_qqq": 0.0827319207699515,
      "test_alpha_vs_qqq": -0.20160184347585086,
      "ranking_score": 0.5780397941161115,
      "run_duration_seconds": 79.27820110321045,
      "val_reward_total_mean": 0.09981653909481317,
      "val_reward_total_sum": 30.84331058029727,
      "val_reward_portfolio_return_mean": 0.0013722856002603718,
      "val_reward_direction_mean": 0.0015166407328445852,
      "val_reward_hold_penalty_mean": 0.0,
      "val_reward_action_bonus_mean": 0.002071197411003236,
      "val_reward_drawdown_penalty_mean": -0.002658307320608547,
      "val_reward_drawdown_mean": 0.02658307320608547,
      "test_reward_total_mean": 0.034707378751998995,
      "test_reward_total_sum": 10.793994791871688,
      "test_reward_portfolio_return_mean": -0.00016629777719197775,
      "test_reward_direction_mean": 8.76785654210865e-05,
      "test_reward_hold_penalty_mean": 0.0,
      "test_reward_action_bonus_mean": 0.0045016077170418,
      "test_reward_drawdown_penalty_mean": -0.006900589102511342,
      "test_reward_drawdown_mean": 0.06900589102511341,
      "val_cumulative_return": 0.4965239912206192,
      "val_sharpe_ratio": 1.8452714850677905,
      "val_sortino_ratio": 2.526454156416825,
      "val_max_drawdown": -0.1365253169235061,
      "test_cumulative_return": -0.07259928049600095,
      "test_sharpe_ratio": -0.20535869643911508,
      "test_sortino_ratio": -0.2857365314157171,
      "test_max_drawdown": -0.24752535142010224,
      "val_benchmark_cumulative_return": 0.4137920704506677,
      "val_benchmark_sharpe_ratio": 1.7024106961553558,
      "val_benchmark_sortino_ratio": 2.302448782787176,
      "val_benchmark_max_drawdown": -0.1355773890565939,
      "test_benchmark_cumulative_return": 0.1290025629798499,
      "test_benchmark_sharpe_ratio": 0.5459450874590821,
      "test_benchmark_sortino_ratio": 0.7404124446942003,
      "test_benchmark_max_drawdown": -0.2288330692157109,
      "model_path": "D:\\code\\agentic-development\\reinforcement-learning-stocks\\data\\experiment_snapshots\\model_20260402-024051Z_run_seed7.zip",
      "test_return_mean_by_config": -0.012016813213308533,
      "test_return_std_by_config": 0.040827034688784694,
      "config_seed_count": 3,
      "test_return_cv_by_config": 3.397492659998164,
      "high_return_cv_risk": 1
    },
    {
      "seed": 7,
      "timesteps": 40000,
      "learning_rate": 0.0003,
      "gamma": 0.99,
      "ent_coef": 0.05,
      "include_news": 0,
      "threshold": 0.002,
      "horizon": 1,
      "transaction_cost_rate": 0.001,
      "trade_penalty": 0.05,
      "reward_mode": "sharpe",
      "rolling_reward_window": 100,
      "reward_epsilon": 1e-06,
      "reward_return_scale": 1.0,
      "reward_direction_scale": 0.35,
      "reward_hold_penalty_scale": 0.1,
      "reward_drawdown_penalty_scale": 0.1,
      "reward_action_bonus_scale": 0.02,
      "reward_clip": 1.0,
      "reward_ignore_transaction_cost": 1,
      "val_overall_accuracy": 0.4919093851132686,
      "val_actionable_accuracy": 0.5714285714285714,
      "val_trade_win_rate": 0.5533980582524272,