{
  "rows": 8,
  "generated_at_utc": "20260329-080827Z",
  "leaderboard_path": "D:\\code\\agentic-development\\reinforcement-learning-stocks\\data\\experiment_snapshots\\experiment_leaderboard_20260329-080827Z_phase1-b02-repro.csv",
  "reward_leaderboard_path": "D:\\code\\agentic-development\\reinforcement-learning-stocks\\data\\experiment_snapshots\\experiment_reward_leaderboard_20260329-080827Z_phase1-b02-repro.csv",
  "top3": [
    {
      "seed": 144,
      "timesteps": 20000,
      "learning_rate": 0.0003,
      "gamma": 0.99,
      "ent_coef": 0.01,
      "include_news": 1,
      "threshold": 0.002,
      "horizon": 1,
      "transaction_cost_rate": 0.001,
      "trade_penalty": 0.05,
      "reward_return_scale": 1.0,
      "reward_direction_scale": 0.35,
      "reward_hold_penalty_scale": 0.05,
      "reward_drawdown_penalty_scale": 0.1,
      "reward_action_bonus_scale": 0.02,
      "reward_clip": 1.0,
      "reward_ignore_transaction_cost": 1,
      "val_overall_accuracy": 0.48220064724919093,
      "val_actionable_accuracy": 0.5622641509433962,
      "val_trade_win_rate": 0.5436893203883495,
      "val_cumulative_signal_return": 0.5633076771154417,
      "test_overall_accuracy": 0.4645161290322581,
      "test_actionable_accuracy": 0.5393258426966292,
      "test_trade_win_rate": 0.5258064516129032,
      "test_cumulative_signal_return": 0.17712138741924832,
      "ranking_score": 0.5569004070112913,
      "val_reward_total_mean": -0.0012681585239974994,
      "val_reward_total_sum": -0.3918609839152273,
      "val_reward_portfolio_return_mean": 0.0013907091916498585,
      "val_reward_direction_mean": -2.3657174841995107e-05,
      "val_reward_hold_penalty_mean": -0.0005210206102586499,
      "val_reward_action_bonus_mean": 0.0007119741100323624,
      "val_reward_drawdown_penalty_mean": -0.0028261640405790756,
      "val_reward_drawdown_mean": 0.028261640405790753,
      "test_reward_total_mean": -0.004622993694238001,
      "test_reward_total_sum": -1.4331280452137802,
      "test_reward_portfolio_return_mean": 0.00027012839383200066,
      "test_reward_direction_mean": 0.0001952947773093104,
      "test_reward_hold_penalty_mean": -0.0005654824620597676,
      "test_reward_action_bonus_mean": 0.0014838709677419354,
      "test_reward_drawdown_penalty_mean": -0.00600680537106148,
      "test_reward_drawdown_mean": 0.060068053710614806
    },
    {
      "seed": 233,
      "timesteps": 20000,
      "learning_rate": 0.0003,
      "gamma": 0.99,
      "ent_coef": 0.01,
      "include_news": 1,
      "threshold": 0.002,
      "horizon": 1,
      "transaction_cost_rate": 0.001,
      "trade_penalty": 0.05,
      "reward_return_scale": 1.0,
      "reward_direction_scale": 0.35,
      "reward_hold_penalty_scale": 0.05,
      "reward_drawdown_penalty_scale": 0.1,
      "reward_action_bonus_scale": 0.02,
      "reward_clip": 1.0,
      "reward_ignore_transaction_cost": 1,
      "val_overall_accuracy": 0.47249190938511326,
      "val_actionable_accuracy": 0.5509433962264151,
      "val_trade_win_rate": 0.540453074433657,
      "val_cumulative_signal_return": 0.40805072509938256,
      "test_overall_accuracy": 0.46774193548387094,
      "test_actionable_accuracy": 0.5430711610486891,
      "test_trade_win_rate": 0.5258064516129032,
      "test_cumulative_signal_return": 0.736508478448141,
      "ranking_score": 0.5192177654631811,
      "val_reward_total_mean": 0.01053361721046205,
      "val_reward_total_sum": 3.2548877180327733,
      "val_reward_portfolio_return_mean": 0.0013975169393168662,
      "val_reward_direction_mean": 0.00021081452712332657,
      "val_reward_hold_penalty_mean": -0.00023574168798364751,
      "val_reward_action_bonus_mean": 0.01190938511326861,
      "val_reward_drawdown_penalty_mean": -0.0027483576812631057,
      "val_reward_drawdown_mean": 0.027483576812631055,
      "test_reward_total_mean": 0.0011405303018150903,
      "test_reward_total_sum": 0.353564393562678,
      "test_reward_portfolio_return_mean": 0.0008786570519852926,
      "test_reward_direction_mean": 0.00034067792025361263,
      "test_reward_hold_penalty_mean": -0.0003939694532149101,
      "test_reward_action_bonus_mean": 0.004838709677419355,
      "test_reward_drawdown_penalty_mean": -0.00452354489462826,
      "test_reward_drawdown_mean": 0.045235448946282585
    },
    {
      "seed": 34,
      "timesteps": 20000,
      "learning_rate": 0.0003,
      "gamma": 0.99,
      "ent_coef": 0.01,
      "include_news": 1,
      "threshold": 0.002,
      "horizon": 1,
      "transaction_cost_rate": 0.001,
      "trade_penalty": 0.05,
      "reward_return_scale": 1.0,
      "reward_direction_scale": 0.35,
      "reward_hold_penalty_scale": 0.05,
      "reward_drawdown_penalty_scale": 0.1,
      "reward_action_bonus_scale": 0.02,
      "reward_clip": 1.0,
      "reward_ignore_transaction_cost": 1,
      "val_overall_accuracy": 0.4692556634304207,
      "val_actionable_accuracy": 0.5471698113207547,
      "val_trade_win_rate": 0.5372168284789643,
      "val_cumulative_signal_return": 0.3445449590578109,
      "test_overall_accuracy": 0.45161290322580644,
      "test_actionable_accuracy": 0.5243445692883895,
      "test_trade_win_rate": 0.5032258064516129,
      "test_cumulative_signal_return": 0.2710919897328956,
      "ranking_score": 0.5036589460156289,
      "val_reward_total_mean": 0.010555767831551866,
      "val_reward_total_sum": 3.2617322599495266,
      "val_reward_portfolio_return_mean": 0.001331825395246049,
      "val_reward_direction_mean": 0.0001770351244786048,
      "val_reward_hold_penalty_mean": -0.00023091605903440156,
      "val_reward_action_bonus_mean": 0.012038834951456311,
      "val_reward_drawdown_penalty_mean": -0.002761011580594698,
      "val_reward_drawdown_mean": 0.027610115805946977,
      "test_reward_total_mean": 0.00597292205770111,
      "test_reward_total_sum": 1.8516058378873441,
      "test_reward_portfolio_return_mean": 0.00030087777030627657,
      "test_reward_direction_mean": 0.0004267716756549029,
      "test_reward_hold_penalty_mean": -0.00023940573258136034,
      "test_reward_action_bonus_mean": 0.010193548387096775,
      "test_reward_drawdown_penalty_mean": -0.0047088700427754815,
      "test_reward_drawdown_mean": 0.04708870042775482
    }
  ]
}