{
  "rows": 8,
  "generated_at_utc": "20260329-092242Z",
  "leaderboard_path": "D:\\code\\agentic-development\\reinforcement-learning-stocks\\data\\experiment_snapshots\\experiment_leaderboard_20260329-092242Z_prod-50k-val.csv",
  "reward_leaderboard_path": "D:\\code\\agentic-development\\reinforcement-learning-stocks\\data\\experiment_snapshots\\experiment_reward_leaderboard_20260329-092242Z_prod-50k-val.csv",
  "top3": [
    {
      "seed": 233,
      "timesteps": 50000,
      "learning_rate": 0.0003,
      "gamma": 0.99,
      "ent_coef": 0.01,
      "include_news": 1,
      "threshold": 0.002,
      "horizon": 1,
      "transaction_cost_rate": 0.001,
      "trade_penalty": 0.05,
      "reward_return_scale": 1.0,
      "reward_direction_scale": 0.35,
      "reward_hold_penalty_scale": 0.1,
      "reward_drawdown_penalty_scale": 0.1,
      "reward_action_bonus_scale": 0.02,
      "reward_clip": 1.0,
      "reward_ignore_transaction_cost": 1,
      "val_overall_accuracy": 0.47249190938511326,
      "val_actionable_accuracy": 0.5509433962264151,
      "val_trade_win_rate": 0.540453074433657,
      "val_cumulative_signal_return": 0.40805072509938256,
      "test_overall_accuracy": 0.4612903225806452,
      "test_actionable_accuracy": 0.5355805243445693,
      "test_trade_win_rate": 0.5096774193548387,
      "test_cumulative_signal_return": 0.387300765776049,
      "ranking_score": 0.5192177654631811,
      "val_reward_total_mean": 0.010297875522478402,
      "val_reward_total_sum": 3.182043536445826,
      "val_reward_portfolio_return_mean": 0.0013975169393168662,
      "val_reward_direction_mean": 0.00021081452712332657,
      "val_reward_hold_penalty_mean": -0.00047148337596729503,
      "val_reward_action_bonus_mean": 0.01190938511326861,
      "val_reward_drawdown_penalty_mean": -0.0027483576812631057,
      "val_reward_drawdown_mean": 0.027483576812631055,
      "test_reward_total_mean": 0.008911675184233126,
      "test_reward_total_sum": 2.762619307112269,
      "test_reward_portfolio_return_mean": 0.00042373498886905255,
      "test_reward_direction_mean": 0.0004640091683078228,
      "test_reward_hold_penalty_mean": -0.00038722011645872273,
      "test_reward_action_bonus_mean": 0.012838709677419355,
      "test_reward_drawdown_penalty_mean": -0.004427558533904382,
      "test_reward_drawdown_mean": 0.04427558533904383
    },
    {
      "seed": 34,
      "timesteps": 50000,
      "learning_rate": 0.0003,
      "gamma": 0.99,
      "ent_coef": 0.01,
      "include_news": 1,
      "threshold": 0.002,
      "horizon": 1,
      "transaction_cost_rate": 0.001,
      "trade_penalty": 0.05,
      "reward_return_scale": 1.0,
      "reward_direction_scale": 0.35,
      "reward_hold_penalty_scale": 0.1,
      "reward_drawdown_penalty_scale": 0.1,
      "reward_action_bonus_scale": 0.02,
      "reward_clip": 1.0,
      "reward_ignore_transaction_cost": 1,
      "val_overall_accuracy": 0.45307443365695793,
      "val_actionable_accuracy": 0.5283018867924528,
      "val_trade_win_rate": 0.5307443365695793,
      "val_cumulative_signal_return": 0.23204085160459487,
      "test_overall_accuracy": 0.44193548387096776,
      "test_actionable_accuracy": 0.5131086142322098,
      "test_trade_win_rate": 0.4838709677419355,
      "test_cumulative_signal_return": 0.38582510929959457,
      "ranking_score": 0.4697824146880192,
      "val_reward_total_mean": 0.019827094142700646,
      "val_reward_total_sum": 6.1265720900945,
      "val_reward_portfolio_return_mean": 0.0012470022231811835,
      "val_reward_direction_mean": 0.0002647302911097757,
      "val_reward_hold_penalty_mean": 0.0,
      "val_reward_action_bonus_mean": 0.02,
      "val_reward_drawdown_penalty_mean": -0.001684638371590313,
      "val_reward_drawdown_mean": 0.01684638371590313,
      "test_reward_total_mean": 0.016845115454005445,
      "test_reward_total_sum": 5.221985790741688,
      "test_reward_portfolio_return_mean": 0.0005351541800523136,
      "test_reward_direction_mean": 0.0004666260842640066,
      "test_reward_hold_penalty_mean": 0.0,
      "test_reward_action_bonus_mean": 0.02,
      "test_reward_drawdown_penalty_mean": -0.004156664810310873,
      "test_reward_drawdown_mean": 0.04156664810310872
    },
    {
      "seed": 55,
      "timesteps": 50000,
      "learning_rate": 0.0003,
      "gamma": 0.99,
      "ent_coef": 0.01,
      "include_news": 1,
      "threshold": 0.002,
      "horizon": 1,
      "transaction_cost_rate": 0.001,
      "trade_penalty": 0.05,
      "reward_return_scale": 1.0,
      "reward_direction_scale": 0.35,
      "reward_hold_penalty_scale": 0.1,
      "reward_drawdown_penalty_scale": 0.1,
      "reward_action_bonus_scale": 0.02,
      "reward_clip": 1.0,
      "reward_ignore_transaction_cost": 1,
      "val_overall_accuracy": 0.45307443365695793,
      "val_actionable_accuracy": 0.5283018867924528,
      "val_trade_win_rate": 0.5307443365695793,
      "val_cumulative_signal_return": 0.23204085160459487,
      "test_overall_accuracy": 0.44193548387096776,
      "test_actionable_accuracy": 0.5131086142322098,
      "test_trade_win_rate": 0.4838709677419355,
      "test_cumulative_signal_return": 0.38582510929959457,
      "ranking_score": 0.4697824146880192,
      "val_reward_total_mean": 0.019827094142700646,
      "val_reward_total_sum": 6.1265720900945,
      "val_reward_portfolio_return_mean": 0.0012470022231811835,
      "val_reward_direction_mean": 0.0002647302911097757,
      "val_reward_hold_penalty_mean": 0.0,
      "val_reward_action_bonus_mean": 0.02,
      "val_reward_drawdown_penalty_mean": -0.001684638371590313,
      "val_reward_drawdown_mean": 0.01684638371590313,
      "test_reward_total_mean": 0.016845115454005445,
      "test_reward_total_sum": 5.221985790741688,
      "test_reward_portfolio_return_mean": 0.0005351541800523136,
      "test_reward_direction_mean": 0.0004666260842640066,
      "test_reward_hold_penalty_mean": 0.0,
      "test_reward_action_bonus_mean": 0.02,
      "test_reward_drawdown_penalty_mean": -0.004156664810310873,
      "test_reward_drawdown_mean": 0.04156664810310872
    }
  ]
}