{
  "rows": 8,
  "generated_at_utc": "20260329-082504Z",
  "leaderboard_path": "D:\\code\\agentic-development\\reinforcement-learning-stocks\\data\\experiment_snapshots\\experiment_leaderboard_20260329-082504Z_phase2-both.csv",
  "reward_leaderboard_path": "D:\\code\\agentic-development\\reinforcement-learning-stocks\\data\\experiment_snapshots\\experiment_reward_leaderboard_20260329-082504Z_phase2-both.csv",
  "top3": [
    {
      "seed": 34,
      "timesteps": 20000,
      "learning_rate": 0.0003,
      "gamma": 0.99,
      "ent_coef": 0.01,
      "include_news": 1,
      "threshold": 0.002,
      "horizon": 1,
      "transaction_cost_rate": 0.001,
      "trade_penalty": 0.05,
      "reward_return_scale": 1.0,
      "reward_direction_scale": 0.5,
      "reward_hold_penalty_scale": 0.1,
      "reward_drawdown_penalty_scale": 0.1,
      "reward_action_bonus_scale": 0.02,
      "reward_clip": 1.0,
      "reward_ignore_transaction_cost": 1,
      "val_overall_accuracy": 0.48220064724919093,
      "val_actionable_accuracy": 0.5622641509433962,
      "val_trade_win_rate": 0.5436893203883495,
      "val_cumulative_signal_return": 0.5633076771154417,
      "test_overall_accuracy": 0.4612903225806452,
      "test_actionable_accuracy": 0.5355805243445693,
      "test_trade_win_rate": 0.5193548387096775,
      "test_cumulative_signal_return": 0.5031474792832722,
      "ranking_score": 0.5569004070112913,
      "val_reward_total_mean": -0.0017993179234741471,
      "val_reward_total_sum": -0.5559892383535114,
      "val_reward_portfolio_return_mean": 0.0013907091916498585,
      "val_reward_direction_mean": -3.3795964059993e-05,
      "val_reward_hold_penalty_mean": -0.0010420412205172998,
      "val_reward_action_bonus_mean": 0.0007119741100323624,
      "val_reward_drawdown_penalty_mean": -0.0028261640405790756,
      "val_reward_drawdown_mean": 0.028261640405790753,
      "test_reward_total_mean": -0.0007928100909301137,
      "test_reward_total_sum": -0.24577112818833524,
      "test_reward_portfolio_return_mean": 0.0005388685543492097,
      "test_reward_direction_mean": 0.0002629194474093241,
      "test_reward_hold_penalty_mean": -0.0009607268103230285,
      "test_reward_action_bonus_mean": 0.0035483870967741938,
      "test_reward_drawdown_penalty_mean": -0.004182258379139814,
      "test_reward_drawdown_mean": 0.04182258379139813
    },
    {
      "seed": 21,
      "timesteps": 20000,
      "learning_rate": 0.0003,
      "gamma": 0.99,
      "ent_coef": 0.01,
      "include_news": 1,
      "threshold": 0.002,
      "horizon": 1,
      "transaction_cost_rate": 0.001,
      "trade_penalty": 0.05,
      "reward_return_scale": 1.0,
      "reward_direction_scale": 0.5,
      "reward_hold_penalty_scale": 0.1,
      "reward_drawdown_penalty_scale": 0.1,
      "reward_action_bonus_scale": 0.02,
      "reward_clip": 1.0,
      "reward_ignore_transaction_cost": 1,
      "val_overall_accuracy": 0.48220064724919093,
      "val_actionable_accuracy": 0.5622641509433962,
      "val_trade_win_rate": 0.5436893203883495,
      "val_cumulative_signal_return": 0.5633076771154417,
      "test_overall_accuracy": 0.4612903225806452,
      "test_actionable_accuracy": 0.5355805243445693,
      "test_trade_win_rate": 0.5193548387096775,
      "test_cumulative_signal_return": 0.5915039118245524,
      "ranking_score": 0.5569004070112913,
      "val_reward_total_mean": -0.0017993179234741471,
      "val_reward_total_sum": -0.5559892383535114,
      "val_reward_portfolio_return_mean": 0.0013907091916498585,
      "val_reward_direction_mean": -3.3795964059993e-05,
      "val_reward_hold_penalty_mean": -0.0010420412205172998,
      "val_reward_action_bonus_mean": 0.0007119741100323624,
      "val_reward_drawdown_penalty_mean": -0.0028261640405790756,
      "val_reward_drawdown_mean": 0.028261640405790753,
      "test_reward_total_mean": 0.0006538693398855664,
      "test_reward_total_sum": 0.20269949536452558,
      "test_reward_portfolio_return_mean": 0.0005938045685386662,
      "test_reward_direction_mean": 0.0004375173829490744,
      "test_reward_hold_penalty_mean": -0.0008062216225031136,
      "test_reward_action_bonus_mean": 0.004580645161290323,
      "test_reward_drawdown_penalty_mean": -0.004151876150389382,
      "test_reward_drawdown_mean": 0.041518761503893824
    },
    {
      "seed": 144,
      "timesteps": 20000,
      "learning_rate": 0.0003,
      "gamma": 0.99,
      "ent_coef": 0.01,
      "include_news": 1,
      "threshold": 0.002,
      "horizon": 1,
      "transaction_cost_rate": 0.001,
      "trade_penalty": 0.05,
      "reward_return_scale": 1.0,
      "reward_direction_scale": 0.5,
      "reward_hold_penalty_scale": 0.1,
      "reward_drawdown_penalty_scale": 0.1,
      "reward_action_bonus_scale": 0.02,
      "reward_clip": 1.0,
      "reward_ignore_transaction_cost": 1,
      "val_overall_accuracy": 0.48220064724919093,
      "val_actionable_accuracy": 0.5622641509433962,
      "val_trade_win_rate": 0.5436893203883495,
      "val_cumulative_signal_return": 0.5633076771154417,
      "test_overall_accuracy": 0.45806451612903226,
      "test_actionable_accuracy": 0.5318352059925093,
      "test_trade_win_rate": 0.5129032258064516,
      "test_cumulative_signal_return": 0.30510463286739453,
      "ranking_score": 0.5569004070112913,
      "val_reward_total_mean": -0.0017993179234741471,
      "val_reward_total_sum": -0.5559892383535114,
      "val_reward_portfolio_return_mean": 0.0013907091916498585,
      "val_reward_direction_mean": -3.3795964059993e-05,
      "val_reward_hold_penalty_mean": -0.0010420412205172998,
      "val_reward_action_bonus_mean": 0.0007119741100323624,
      "val_reward_drawdown_penalty_mean": -0.0028261640405790756,
      "val_reward_drawdown_mean": 0.028261640405790753,
      "test_reward_total_mean": -0.0021200060112643187,
      "test_reward_total_sum": -0.6572018634919388,
      "test_reward_portfolio_return_mean": 0.0003927408921999075,
      "test_reward_direction_mean": 0.00023472868477702146,
      "test_reward_hold_penalty_mean": -0.0010475920624135146,
      "test_reward_action_bonus_mean": 0.0030322580645161293,
      "test_reward_drawdown_penalty_mean": -0.004732141590343863,
      "test_reward_drawdown_mean": 0.04732141590343862
    }
  ]
}