{
  "rows": 3,
  "generated_at_utc": "20260401-012902Z",
  "leaderboard_path": "D:\\code\\agentic-development\\reinforcement-learning-stocks\\data\\experiment_snapshots\\experiment_leaderboard_20260401-012902Z_confirmatory-sharpe.csv",
  "reward_leaderboard_path": "D:\\code\\agentic-development\\reinforcement-learning-stocks\\data\\experiment_snapshots\\experiment_reward_leaderboard_20260401-012902Z_confirmatory-sharpe.csv",
  "top3": [
    {
      "seed": 7,
      "timesteps": 100000,
      "learning_rate": 0.0003,
      "gamma": 0.99,
      "ent_coef": 0.0,
      "include_news": 0,
      "threshold": 0.002,
      "horizon": 1,
      "transaction_cost_rate": 0.001,
      "trade_penalty": 0.05,
      "reward_mode": "sharpe",
      "rolling_reward_window": 100,
      "reward_epsilon": 1e-06,
      "reward_return_scale": 1.0,
      "reward_direction_scale": 0.35,
      "reward_hold_penalty_scale": 0.1,
      "reward_drawdown_penalty_scale": 0.1,
      "reward_action_bonus_scale": 0.02,
      "reward_clip": 1.0,
      "reward_ignore_transaction_cost": 1,
      "val_overall_accuracy": 0.3268608414239482,
      "val_actionable_accuracy": 0.5460992907801419,
      "val_trade_win_rate": 0.53125,
      "val_cumulative_signal_return": 0.20684331171918324,
      "test_overall_accuracy": 0.13504823151125403,
      "test_actionable_accuracy": 0.0,
      "test_trade_win_rate": 0.0,
      "test_cumulative_signal_return": -0.0011947828312053321,
      "val_alpha_vs_qqq": -0.3770330882205295,
      "test_alpha_vs_qqq": -0.1333056808474562,
      "ranking_score": 0.4737933077339076,
      "val_reward_total_mean": 0.022179497560822707,
      "val_reward_total_sum": 6.853464746294216,
      "val_reward_portfolio_return_mean": 0.0001182241921105489,
      "val_reward_direction_mean": 8.138209090013784e-05,
      "val_reward_hold_penalty_mean": -0.0005312791352180983,
      "val_reward_action_bonus_mean": 0.0012944983818770227,
      "val_reward_drawdown_penalty_mean": -0.0006442908562509808,
      "val_reward_drawdown_mean": 0.006442908562509807,
      "test_reward_total_mean": -0.00043427494276710566,
      "test_reward_total_sum": -0.13505950720056986,
      "test_reward_portfolio_return_mean": -1.3848791440387624e-05,
      "test_reward_direction_mean": 9.43504432772767e-05,
      "test_reward_hold_penalty_mean": -0.0012125523155262663,
      "test_reward_action_bonus_mean": 0.00012861736334405144,
      "test_reward_drawdown_penalty_mean": -1.791874361892542e-06,
      "test_reward_drawdown_mean": 1.7918743618925415e-05,
      "val_cumulative_return": 0.03675898223013818,
      "val_sharpe_ratio": 0.9010998178924892,
      "val_sortino_ratio": 1.0764228067203079,
      "val_max_drawdown": -0.026426564853022638,
      "test_cumulative_return": -0.0043031178676062876,
      "test_sharpe_ratio": -1.180936351773217,
      "test_sortino_ratio": -0.24872587383993183,
      "test_max_drawdown": -0.0043031178676062876,
      "val_benchmark_cumulative_return": 0.4137920704506677,
      "val_benchmark_sharpe_ratio": 1.7024106961553558,
      "val_benchmark_sortino_ratio": 2.302448782787176,
      "val_benchmark_max_drawdown": -0.1355773890565939,
      "test_benchmark_cumulative_return": 0.1290025629798499,
      "test_benchmark_sharpe_ratio": 0.5459450874590821,
      "test_benchmark_sortino_ratio": 0.7404124446942003,
      "test_benchmark_max_drawdown": -0.2288330692157109
    },
    {
      "seed": 21,
      "timesteps": 100000,
      "learning_rate": 0.0003,
      "gamma": 0.99,
      "ent_coef": 0.0,
      "include_news": 0,
      "threshold": 0.002,
      "horizon": 1,
      "transaction_cost_rate": 0.001,
      "trade_penalty": 0.05,
      "reward_mode": "sharpe",
      "rolling_reward_window": 100,
      "reward_epsilon": 1e-06,
      "reward_return_scale": 1.0,
      "reward_direction_scale": 0.35,
      "reward_hold_penalty_scale": 0.1,
      "reward_drawdown_penalty_scale": 0.1,
      "reward_action_bonus_scale": 0.02,
      "reward_clip": 1.0,
      "reward_ignore_transaction_cost": 1,
      "val_overall_accuracy": 0.32362459546925565,
      "val_actionable_accuracy": 0.4292682926829268,
      "val_trade_win_rate": 0.4449152542372881,
      "val_cumulative_signal_return": -0.317524440740771,
      "test_overall_accuracy": 0.3890675241157556,
      "test_actionable_accuracy": 0.5091743119266054,
      "test_trade_win_rate": 0.5119047619047619,
      "test_cumulative_signal_return": 0.23469316792293782,
      "val_alpha_vs_qqq": -0.6234429223117327,
      "test_alpha_vs_qqq": -0.03743490552210749,
      "ranking_score": 0.2846038344644956,
      "val_reward_total_mean": -0.0789925525033822,
      "val_reward_total_sum": -24.4086987235451,
      "val_reward_portfolio_return_mean": -0.0007448287296954245,
      "val_reward_direction_mean": -0.00031745108836631194,
      "val_reward_hold_penalty_mean": -0.0002550123138912336,
      "val_reward_action_bonus_mean": 0.0015533980582524275,
      "val_reward_drawdown_penalty_mean": -0.010642002704674493,
      "val_reward_drawdown_mean": 0.10642002704674493,
      "test_reward_total_mean": 0.0034435854873899286,
      "test_reward_total_sum": 1.0709550865782678,
      "test_reward_portfolio_return_mean": 0.0003071590594898627,
      "test_reward_direction_mean": 0.00040166258745737577,
      "test_reward_hold_penalty_mean": -0.0002111984792925,
      "test_reward_action_bonus_mean": 0.00090032154340836,
      "test_reward_drawdown_penalty_mean": -0.007356792067062193,
      "test_reward_drawdown_mean": 0.07356792067062194,
      "val_cumulative_return": -0.20965085186106502,
      "val_sharpe_ratio": -2.016944082759441,
      "val_sortino_ratio": -2.8398860044497884,
      "val_max_drawdown": -0.25564502752826845,
      "test_cumulative_return": 0.09156765745774242,
      "test_sharpe_ratio": 0.6707887961293383,
      "test_sortino_ratio": 1.0772216393981504,
      "test_max_drawdown": -0.1414720429059516,
      "val_benchmark_cumulative_return": 0.4137920704506677,
      "val_benchmark_sharpe_ratio": 1.7024106961553558,
      "val_benchmark_sortino_ratio": 2.302448782787176,
      "val_benchmark_max_drawdown": -0.1355773890565939,
      "test_benchmark_cumulative_return": 0.1290025629798499,
      "test_benchmark_sharpe_ratio": 0.5459450874590821,
      "test_benchmark_sortino_ratio": 0.7404124446942003,
      "test_benchmark_max_drawdown": -0.2288330692157109
    },
    {
      "seed": 13,
      "timesteps": 100000,
      "learning_rate": 0.0003,
      "gamma": 0.99,
      "ent_coef": 0.0,
      "include_news": 0,
      "threshold": 0.002,
      "horizon": 1,
      "transaction_cost_rate": 0.001,
      "trade_penalty": 0.05,
      "reward_mode": "sharpe",
      "rolling_reward_window": 100,
      "reward_epsilon": 1e-06,
      "reward_return_scale": 1.0,
      "reward_direction_scale": 0.35,
      "reward_hold_penalty_scale": 0.1,
      "reward_drawdown_penalty_scale": 0.1,
      "reward_action_bonus_scale": 0.02,
      "reward_clip": 1.0,
      "reward_ignore_transaction_cost": 1,
      "val_overall_accuracy": 0.13915857605177995,
      "val_actionable_accuracy": 0.0,
      "val_trade_win_rate": 0.0,
      "val_cumulative_signal_return": 0.0,
      "test_overall_accuracy": 0.1382636655948553,
      "test_actionable_accuracy": 0.0,
      "test_trade_win_rate": 1.0,
      "test_cumulative_signal_return": 0.0011947828312053321,
      "val_alpha_vs_qqq": -0.41981456902724057,
      "test_alpha_vs_qqq": -0.13381417067856283,
      "ranking_score": 0.0,
      "val_reward_total_mean": -0.0026272460471254504,
      "val_reward_total_sum": -0.8118190285617642,
      "val_reward_portfolio_return_mean": -1.9451318535423204e-05,
      "val_reward_direction_mean": -6.4393809910392616e-06,
      "val_reward_hold_penalty_mean": -0.0010764627034546674,
      "val_reward_action_bonus_mean": 0.00012944983818770226,
      "val_reward_drawdown_penalty_mean": -6.573539339542536e-06,
      "val_reward_drawdown_mean": 6.573539339542535e-05,