{
  "rows": 8,
  "generated_at_utc": "20260401-022132Z",
  "leaderboard_path": "D:\\code\\agentic-development\\reinforcement-learning-stocks\\data\\experiment_snapshots\\experiment_leaderboard_20260401-022132Z_smoke-overfit-check.csv",
  "reward_leaderboard_path": "D:\\code\\agentic-development\\reinforcement-learning-stocks\\data\\experiment_snapshots\\experiment_reward_leaderboard_20260401-022132Z_smoke-overfit-check.csv",
  "top3": [
    {
      "seed": 13,
      "timesteps": 30000,
      "learning_rate": 0.0003,
      "gamma": 0.99,
      "ent_coef": 0.0,
      "include_news": 0,
      "threshold": 0.002,
      "horizon": 1,
      "transaction_cost_rate": 0.001,
      "trade_penalty": 0.05,
      "reward_mode": "sharpe",
      "rolling_reward_window": 100,
      "reward_epsilon": 1e-06,
      "reward_return_scale": 1.0,
      "reward_direction_scale": 0.35,
      "reward_hold_penalty_scale": 0.1,
      "reward_drawdown_penalty_scale": 0.1,
      "reward_action_bonus_scale": 0.02,
      "reward_clip": 1.0,
      "reward_ignore_transaction_cost": 1,
      "val_overall_accuracy": 0.4919093851132686,
      "val_actionable_accuracy": 0.5714285714285714,
      "val_trade_win_rate": 0.5533980582524272,
      "val_cumulative_signal_return": 0.6315304546304883,
      "test_overall_accuracy": 0.4437299035369775,
      "test_actionable_accuracy": 0.5168539325842697,
      "test_trade_win_rate": 0.5112540192926045,
      "test_cumulative_signal_return": -0.030568222698335923,
      "val_alpha_vs_qqq": 0.05974541484616447,
      "test_alpha_vs_qqq": -0.2042008691213646,
      "ranking_score": 0.5780397941161115,
      "val_reward_total_mean": 0.1245215235389746,
      "val_reward_total_sum": 38.47715077354315,
      "val_reward_portfolio_return_mean": 0.0013263416995468909,
      "val_reward_direction_mean": 0.001727847757666519,
      "val_reward_hold_penalty_mean": 0.0,
      "val_reward_action_bonus_mean": 0.000906148867313916,
      "val_reward_drawdown_penalty_mean": -0.002857237983374514,
      "val_reward_drawdown_mean": 0.02857237983374514,
      "test_reward_total_mean": 0.042164770587998536,
      "test_reward_total_sum": 13.113243652867546,
      "test_reward_portfolio_return_mean": -0.00014528734809966218,
      "test_reward_direction_mean": -3.629932783479691e-06,
      "test_reward_hold_penalty_mean": 0.0,
      "test_reward_action_bonus_mean": 0.013440514469453376,
      "test_reward_drawdown_penalty_mean": -0.00616490695606318,
      "test_reward_drawdown_mean": 0.061649069560631785,
      "val_cumulative_return": 0.47353748529683215,
      "val_sharpe_ratio": 1.7325732288746656,
      "val_sortino_ratio": 2.3528602736993127,
      "val_max_drawdown": -0.13888197847182293,
      "test_cumulative_return": -0.07519830614151468,
      "test_sharpe_ratio": -0.1514503057413972,
      "test_sortino_ratio": -0.22461644225095959,
      "test_max_drawdown": -0.24788655313407149,
      "val_benchmark_cumulative_return": 0.4137920704506677,
      "val_benchmark_sharpe_ratio": 1.7024106961553558,
      "val_benchmark_sortino_ratio": 2.302448782787176,
      "val_benchmark_max_drawdown": -0.1355773890565939,
      "test_benchmark_cumulative_return": 0.1290025629798499,
      "test_benchmark_sharpe_ratio": 0.5459450874590821,
      "test_benchmark_sortino_ratio": 0.7404124446942003,
      "test_benchmark_max_drawdown": -0.2288330692157109
    },
    {
      "seed": 13,
      "timesteps": 30000,
      "learning_rate": 0.0003,
      "gamma": 0.99,
      "ent_coef": 0.01,
      "include_news": 0,
      "threshold": 0.002,
      "horizon": 1,
      "transaction_cost_rate": 0.001,
      "trade_penalty": 0.05,
      "reward_mode": "sharpe",
      "rolling_reward_window": 100,
      "reward_epsilon": 1e-06,
      "reward_return_scale": 1.0,
      "reward_direction_scale": 0.35,
      "reward_hold_penalty_scale": 0.1,
      "reward_drawdown_penalty_scale": 0.1,
      "reward_action_bonus_scale": 0.02,
      "reward_clip": 1.0,
      "reward_ignore_transaction_cost": 1,
      "val_overall_accuracy": 0.4919093851132686,
      "val_actionable_accuracy": 0.5714285714285714,
      "val_trade_win_rate": 0.5533980582524272,
      "val_cumulative_signal_return": 0.6315304546304883,
      "test_overall_accuracy": 0.4437299035369775,
      "test_actionable_accuracy": 0.5168539325842697,
      "test_trade_win_rate": 0.5112540192926045,
      "test_cumulative_signal_return": -0.030568222698335923,
      "val_alpha_vs_qqq": 0.08586905435718384,
      "test_alpha_vs_qqq": -0.14432973378635827,
      "ranking_score": 0.5780397941161115,
      "val_reward_total_mean": 0.10158435409629454,
      "val_reward_total_sum": 31.389565415755012,
      "val_reward_portfolio_return_mean": 0.0013828604609921636,
      "val_reward_direction_mean": 0.0016874719722957282,
      "val_reward_hold_penalty_mean": 0.0,
      "val_reward_action_bonus_mean": 0.001553398058252427,
      "val_reward_drawdown_penalty_mean": -0.0027709876152673006,
      "val_reward_drawdown_mean": 0.027709876152673,
      "test_reward_total_mean": 0.03410406715644603,
      "test_reward_total_sum": 10.606364885654715,
      "test_reward_portfolio_return_mean": 8.547431080747247e-05,
      "test_reward_direction_mean": 6.080711522332033e-05,
      "test_reward_hold_penalty_mean": 0.0,
      "test_reward_action_bonus_mean": 0.00019292604501607716,
      "test_reward_drawdown_penalty_mean": -0.006324255787341533,
      "test_reward_drawdown_mean": 0.06324255787341534,
      "val_cumulative_return": 0.4996611248078515,
      "val_sharpe_ratio": 1.811271060137359,
      "val_sortino_ratio": 2.479174351079024,
      "val_max_drawdown": -0.13872366874396513,
      "test_cumulative_return": -0.015327170806508361,
      "test_sharpe_ratio": 0.08410319923552309,
      "test_sortino_ratio": 0.12711562091410575,
      "test_max_drawdown": -0.26536499137114755,
      "val_benchmark_cumulative_return": 0.4137920704506677,
      "val_benchmark_sharpe_ratio": 1.7024106961553558,
      "val_benchmark_sortino_ratio": 2.302448782787176,
      "val_benchmark_max_drawdown": -0.1355773890565939,
      "test_benchmark_cumulative_return": 0.1290025629798499,
      "test_benchmark_sharpe_ratio": 0.5459450874590821,
      "test_benchmark_sortino_ratio": 0.7404124446942003,
      "test_benchmark_max_drawdown": -0.2288330692157109
    },
    {
      "seed": 13,
      "timesteps": 20000,
      "learning_rate": 0.0003,
      "gamma": 0.99,
      "ent_coef": 0.01,
      "include_news": 0,
      "threshold": 0.002,
      "horizon": 1,
      "transaction_cost_rate": 0.001,
      "trade_penalty": 0.05,
      "reward_mode": "sharpe",
      "rolling_reward_window": 100,
      "reward_epsilon": 1e-06,
      "reward_return_scale": 1.0,
      "reward_direction_scale": 0.35,
      "reward_hold_penalty_scale": 0.1,
      "reward_drawdown_penalty_scale": 0.1,
      "reward_action_bonus_scale": 0.02,
      "reward_clip": 1.0,
      "reward_ignore_transaction_cost": 1,
      "val_overall_accuracy": 0.4919093851132686,
      "val_actionable_accuracy": 0.5714285714285714,
      "val_trade_win_rate": 0.5533980582524272,
      "val_cumulative_signal_return": 0.6315304546304883,
      "test_overall_accuracy": 0.4437299035369775,
      "test_actionable_accuracy": 0.5168539325842697,
      "test_trade_win_rate": 0.5112540192926045,
      "test_cumulative_signal_return": -0.030568222698335923,
      "val_alpha_vs_qqq": 0.08590296278991882,
      "test_alpha_vs_qqq": -0.14432973378635827,
      "ranking_score": 0.5780397941161115,
      "val_reward_total_mean": 0.10096385185228789,
      "val_reward_total_sum": 31.197830222356956,
      "val_reward_portfolio_return_mean": 0.0013825930367407364,
      "val_reward_direction_mean": 0.0016856086663530766,
      "val_reward_hold_penalty_mean": 0.0,
      "val_reward_action_bonus_mean": 0.0016181229773462784,
      "val_reward_drawdown_penalty_mean": -0.0027643145813606614,