{
  "rows": 8,
  "generated_at_utc": "20260329-082309Z",
  "leaderboard_path": "D:\\code\\agentic-development\\reinforcement-learning-stocks\\data\\experiment_snapshots\\experiment_leaderboard_20260329-082309Z_phase2-hold0.1.csv",
  "reward_leaderboard_path": "D:\\code\\agentic-development\\reinforcement-learning-stocks\\data\\experiment_snapshots\\experiment_reward_leaderboard_20260329-082309Z_phase2-hold0.1.csv",
  "top3": [
    {
      "seed": 13,
      "timesteps": 20000,
      "learning_rate": 0.0003,
      "gamma": 0.99,
      "ent_coef": 0.01,
      "include_news": 1,
      "threshold": 0.002,
      "horizon": 1,
      "transaction_cost_rate": 0.001,
      "trade_penalty": 0.05,
      "reward_return_scale": 1.0,
      "reward_direction_scale": 0.35,
      "reward_hold_penalty_scale": 0.1,
      "reward_drawdown_penalty_scale": 0.1,
      "reward_action_bonus_scale": 0.02,
      "reward_clip": 1.0,
      "reward_ignore_transaction_cost": 1,
      "val_overall_accuracy": 0.48220064724919093,
      "val_actionable_accuracy": 0.5622641509433962,
      "val_trade_win_rate": 0.5436893203883495,
      "val_cumulative_signal_return": 0.5633076771154417,
      "test_overall_accuracy": 0.45806451612903226,
      "test_actionable_accuracy": 0.5318352059925093,
      "test_trade_win_rate": 0.5129032258064516,
      "test_cumulative_signal_return": 0.31131912077249657,
      "ranking_score": 0.5569004070112913,
      "val_reward_total_mean": -0.001789179134256149,
      "val_reward_total_sum": -0.5528563524851501,
      "val_reward_portfolio_return_mean": 0.0013907091916498585,
      "val_reward_direction_mean": -2.3657174841995107e-05,
      "val_reward_hold_penalty_mean": -0.0010420412205172998,
      "val_reward_action_bonus_mean": 0.0007119741100323624,
      "val_reward_drawdown_penalty_mean": -0.0028261640405790756,
      "val_reward_drawdown_mean": 0.028261640405790753,
      "test_reward_total_mean": -0.002260795877372925,
      "test_reward_total_sum": -0.7008467219856068,
      "test_reward_portfolio_return_mean": 0.00039613478594747336,
      "test_reward_direction_mean": 0.0001941897669076129,
      "test_reward_hold_penalty_mean": -0.0010275744022825199,
      "test_reward_action_bonus_mean": 0.0030322580645161293,
      "test_reward_drawdown_penalty_mean": -0.004855804092461621,
      "test_reward_drawdown_mean": 0.0485580409246162
    },
    {
      "seed": 21,
      "timesteps": 20000,
      "learning_rate": 0.0003,
      "gamma": 0.99,
      "ent_coef": 0.01,
      "include_news": 1,
      "threshold": 0.002,
      "horizon": 1,
      "transaction_cost_rate": 0.001,
      "trade_penalty": 0.05,
      "reward_return_scale": 1.0,
      "reward_direction_scale": 0.35,
      "reward_hold_penalty_scale": 0.1,
      "reward_drawdown_penalty_scale": 0.1,
      "reward_action_bonus_scale": 0.02,
      "reward_clip": 1.0,
      "reward_ignore_transaction_cost": 1,
      "val_overall_accuracy": 0.47249190938511326,
      "val_actionable_accuracy": 0.5509433962264151,
      "val_trade_win_rate": 0.540453074433657,
      "val_cumulative_signal_return": 0.40805072509938256,
      "test_overall_accuracy": 0.5,
      "test_actionable_accuracy": 0.5805243445692884,
      "test_trade_win_rate": 0.5451612903225806,
      "test_cumulative_signal_return": 1.1346107895216226,
      "ranking_score": 0.5192177654631811,
      "val_reward_total_mean": 0.010297875522478402,
      "val_reward_total_sum": 3.182043536445826,
      "val_reward_portfolio_return_mean": 0.0013975169393168662,
      "val_reward_direction_mean": 0.00021081452712332657,
      "val_reward_hold_penalty_mean": -0.00047148337596729503,
      "val_reward_action_bonus_mean": 0.01190938511326861,
      "val_reward_drawdown_penalty_mean": -0.0027483576812631057,
      "val_reward_drawdown_mean": 0.027483576812631055,
      "test_reward_total_mean": 0.011876870335363141,
      "test_reward_total_sum": 3.681829803962574,
      "test_reward_portfolio_return_mean": 0.0011051999401647376,
      "test_reward_direction_mean": 0.0007530091917411216,
      "test_reward_hold_penalty_mean": -0.00028979144765461294,
      "test_reward_action_bonus_mean": 0.014967741935483872,
      "test_reward_drawdown_penalty_mean": -0.004659289284371975,
      "test_reward_drawdown_mean": 0.04659289284371974
    },
    {
      "seed": 34,
      "timesteps": 20000,
      "learning_rate": 0.0003,
      "gamma": 0.99,
      "ent_coef": 0.01,
      "include_news": 1,
      "threshold": 0.002,
      "horizon": 1,
      "transaction_cost_rate": 0.001,
      "trade_penalty": 0.05,
      "reward_return_scale": 1.0,
      "reward_direction_scale": 0.35,
      "reward_hold_penalty_scale": 0.1,
      "reward_drawdown_penalty_scale": 0.1,
      "reward_action_bonus_scale": 0.02,
      "reward_clip": 1.0,
      "reward_ignore_transaction_cost": 1,
      "val_overall_accuracy": 0.47249190938511326,
      "val_actionable_accuracy": 0.5509433962264151,
      "val_trade_win_rate": 0.540453074433657,
      "val_cumulative_signal_return": 0.40805072509938256,
      "test_overall_accuracy": 0.47096774193548385,
      "test_actionable_accuracy": 0.5468164794007491,
      "test_trade_win_rate": 0.5290322580645161,
      "test_cumulative_signal_return": 0.8536264953651318,
      "ranking_score": 0.5192177654631811,
      "val_reward_total_mean": 0.010297875522478402,
      "val_reward_total_sum": 3.182043536445826,
      "val_reward_portfolio_return_mean": 0.0013975169393168662,
      "val_reward_direction_mean": 0.00021081452712332657,
      "val_reward_hold_penalty_mean": -0.00047148337596729503,
      "val_reward_action_bonus_mean": 0.01190938511326861,
      "val_reward_drawdown_penalty_mean": -0.0027483576812631057,
      "val_reward_drawdown_mean": 0.027483576812631055,
      "test_reward_total_mean": 0.0011407738191652683,
      "test_reward_total_sum": 0.35363988394123314,
      "test_reward_portfolio_return_mean": 0.0009548817213154481,
      "test_reward_direction_mean": 0.0004125386767108321,
      "test_reward_hold_penalty_mean": -0.0007674072617277574,
      "test_reward_action_bonus_mean": 0.004967741935483871,
      "test_reward_drawdown_penalty_mean": -0.004426981252617125,
      "test_reward_drawdown_mean": 0.04426981252617126
    }
  ]
}