{
  "rows": 3,
  "generated_at_utc": "20260401-063205Z",
  "leaderboard_path": "D:\\code\\agentic-development\\reinforcement-learning-stocks\\data\\experiment_snapshots\\experiment_leaderboard_20260401-063205Z_regularization-v1.csv",
  "reward_leaderboard_path": "D:\\code\\agentic-development\\reinforcement-learning-stocks\\data\\experiment_snapshots\\experiment_reward_leaderboard_20260401-063205Z_regularization-v1.csv",
  "top3": [
    {
      "seed": 84,
      "timesteps": 15000,
      "learning_rate": 0.0003,
      "gamma": 0.99,
      "ent_coef": 0.2,
      "include_news": 1,
      "threshold": 0.002,
      "horizon": 1,
      "transaction_cost_rate": 0.001,
      "trade_penalty": 0.05,
      "reward_mode": "sortino",
      "rolling_reward_window": 100,
      "reward_epsilon": 1e-06,
      "reward_return_scale": 1.0,
      "reward_direction_scale": 0.35,
      "reward_hold_penalty_scale": 0.1,
      "reward_drawdown_penalty_scale": 0.1,
      "reward_action_bonus_scale": 0.02,
      "reward_clip": 1.0,
      "reward_ignore_transaction_cost": 1,
      "val_overall_accuracy": 0.49838187702265374,
      "val_actionable_accuracy": 0.575187969924812,
      "val_trade_win_rate": 0.5551948051948052,
      "val_cumulative_signal_return": 0.6968244737744196,
      "test_overall_accuracy": 0.4405144694533762,
      "test_actionable_accuracy": 0.5131086142322098,
      "test_trade_win_rate": 0.5064516129032258,
      "test_cumulative_signal_return": -0.061960650089631364,
      "val_alpha_vs_qqq": -0.1748842113324094,
      "test_alpha_vs_qqq": -0.1558754546095692,
      "ranking_score": 0.5935173212757315,
      "run_duration_seconds": 40.672768115997314,
      "val_reward_total_mean": 0.1857695057645752,
      "val_reward_total_sum": 57.40277728125374,
      "val_reward_portfolio_return_mean": 0.0008252151323958145,
      "val_reward_direction_mean": 0.001135275925877199,
      "val_reward_hold_penalty_mean": -2.5385411732336317e-06,
      "val_reward_action_bonus_mean": 0.003365695792880259,
      "val_reward_drawdown_penalty_mean": -0.0015430715122185456,
      "val_reward_drawdown_mean": 0.015430715122185456,
      "test_reward_total_mean": 0.05657948983282611,
      "test_reward_total_sum": 17.59622133800892,
      "test_reward_portfolio_return_mean": -0.00021392596937953157,
      "test_reward_direction_mean": -8.943882318801316e-05,
      "test_reward_hold_penalty_mean": -3.50122545376784e-06,
      "test_reward_action_bonus_mean": 0.005980707395498394,
      "test_reward_drawdown_penalty_mean": -0.0032893780211684077,
      "test_reward_drawdown_mean": 0.03289378021168407,
      "val_cumulative_return": 0.2819726678719572,
      "val_sharpe_ratio": 1.910033393055213,
      "val_sortino_ratio": 2.629083294365797,
      "val_max_drawdown": -0.07782624334367638,
      "test_cumulative_return": -0.07311902017741134,
      "test_sharpe_ratio": -0.414937369024229,
      "test_sortino_ratio": -0.6017273996747368,
      "test_max_drawdown": -0.1482563971609433,
      "val_benchmark_cumulative_return": 0.4568568792043666,
      "val_benchmark_sharpe_ratio": 1.8417693046949546,
      "val_benchmark_sortino_ratio": 2.4848237072969352,
      "val_benchmark_max_drawdown": -0.13557738905659378,
      "test_benchmark_cumulative_return": 0.08275643443215785,
      "test_benchmark_sharpe_ratio": 0.3976988806903395,
      "test_benchmark_sortino_ratio": 0.5367961186734007,
      "test_benchmark_max_drawdown": -0.2288330692157109
    },
    {
      "seed": 121,
      "timesteps": 15000,
      "learning_rate": 0.0003,
      "gamma": 0.99,
      "ent_coef": 0.2,
      "include_news": 1,
      "threshold": 0.002,
      "horizon": 1,
      "transaction_cost_rate": 0.001,
      "trade_penalty": 0.05,
      "reward_mode": "sortino",
      "rolling_reward_window": 100,
      "reward_epsilon": 1e-06,
      "reward_return_scale": 1.0,
      "reward_direction_scale": 0.35,
      "reward_hold_penalty_scale": 0.1,
      "reward_drawdown_penalty_scale": 0.1,
      "reward_action_bonus_scale": 0.02,
      "reward_clip": 1.0,
      "reward_ignore_transaction_cost": 1,
      "val_overall_accuracy": 0.4886731391585761,
      "val_actionable_accuracy": 0.5741444866920152,
      "val_trade_win_rate": 0.5555555555555556,
      "val_cumulative_signal_return": 0.6572057221781933,
      "test_overall_accuracy": 0.2540192926045016,
      "test_actionable_accuracy": 0.52,
      "test_trade_win_rate": 0.5258620689655172,
      "test_cumulative_signal_return": 0.20667328565775955,
      "val_alpha_vs_qqq": -0.33023127889811765,
      "test_alpha_vs_qqq": -0.030835090566626366,
      "ranking_score": 0.585180054448313,
      "run_duration_seconds": 44.050684213638306,
      "val_reward_total_mean": 0.16023484438272007,
      "val_reward_total_sum": 49.512566914260496,
      "val_reward_portfolio_return_mean": 0.0003908453538750019,
      "val_reward_direction_mean": 0.0005098285070882495,
      "val_reward_hold_penalty_mean": -1.9444775664732726e-05,
      "val_reward_action_bonus_mean": 0.000453074433656958,
      "val_reward_drawdown_penalty_mean": -0.0007846202523355091,
      "val_reward_drawdown_mean": 0.00784620252335509,
      "test_reward_total_mean": 0.03429656326174653,
      "test_reward_total_sum": 10.66623117440317,
      "test_reward_portfolio_return_mean": 0.0001697178998808491,
      "test_reward_direction_mean": 0.00011716577512316996,
      "test_reward_hold_penalty_mean": -0.0007192629227649608,
      "test_reward_action_bonus_mean": 0.0006430868167202572,
      "test_reward_drawdown_penalty_mean": -0.0011311655201371744,
      "test_reward_drawdown_mean": 0.011311655201371743,
      "val_cumulative_return": 0.12662560030624892,
      "val_sharpe_ratio": 1.8394556841575571,
      "val_sortino_ratio": 2.4330839440247796,
      "val_max_drawdown": -0.04229790144029866,
      "test_cumulative_return": 0.05192134386553149,
      "test_sharpe_ratio": 0.7208439693261462,
      "test_sortino_ratio": 0.6998991769026173,
      "test_max_drawdown": -0.05079475637929021,
      "val_benchmark_cumulative_return": 0.4568568792043666,
      "val_benchmark_sharpe_ratio": 1.8417693046949546,
      "val_benchmark_sortino_ratio": 2.4848237072969352,
      "val_benchmark_max_drawdown": -0.13557738905659378,
      "test_benchmark_cumulative_return": 0.08275643443215785,
      "test_benchmark_sharpe_ratio": 0.3976988806903395,
      "test_benchmark_sortino_ratio": 0.5367961186734007,
      "test_benchmark_max_drawdown": -0.2288330692157109
    },
    {
      "seed": 42,
      "timesteps": 15000,
      "learning_rate": 0.0003,
      "gamma": 0.99,
      "ent_coef": 0.2,
      "include_news": 1,
      "threshold": 0.002,
      "horizon": 1,
      "transaction_cost_rate": 0.001,
      "trade_penalty": 0.05,
      "reward_mode": "sortino",
      "rolling_reward_window": 100,
      "reward_epsilon": 1e-06,
      "reward_return_scale": 1.0,
      "reward_direction_scale": 0.35,
      "reward_hold_penalty_scale": 0.1,
      "reward_drawdown_penalty_scale": 0.1,
      "reward_action_bonus_scale": 0.02,
      "reward_clip": 1.0,
      "reward_ignore_transaction_cost": 1,
      "val_overall_accuracy": 0.3656957928802589,
      "val_actionable_accuracy": 0.424812030075188,
      "val_trade_win_rate": 0.4401294498381877,
      "val_cumulative_signal_return": -0.4474375364742582,
      "test_overall_accuracy": 0.4180064308681672,
      "test_actionable_accuracy": 0.48507462686567165,
      "test_trade_win_rate": 0.4887459807073955,
      "test_cumulative_signal_return": -0.05376403015764031,
      "val_alpha_vs_qqq": -0.9394239761822875,
      "test_alpha_vs_qqq": -0.15787911230655405,
      "ranking_score": 0.2549573426941986,
      "run_duration_seconds": 39.68793177604675,
      "val_reward_total_mean": -0.20791583468377273,
      "val_reward_total_sum": -64.24599291728578,
      "val_reward_portfolio_return_mean": -0.001996799020397327,
      "val_reward_direction_mean": -0.0017718319367134845,