{
  "rows": 3,
  "generated_at_utc": "20260401-064917Z",
  "leaderboard_path": "D:\\code\\agentic-development\\reinforcement-learning-stocks\\data\\experiment_snapshots\\experiment_leaderboard_20260401-064917Z_pressure-v1.csv",
  "reward_leaderboard_path": "D:\\code\\agentic-development\\reinforcement-learning-stocks\\data\\experiment_snapshots\\experiment_reward_leaderboard_20260401-064917Z_pressure-v1.csv",
  "top3": [
    {
      "seed": 84,
      "timesteps": 40000,
      "learning_rate": 0.0003,
      "gamma": 0.99,
      "ent_coef": 0.02,
      "include_news": 1,
      "threshold": 0.002,
      "horizon": 1,
      "transaction_cost_rate": 0.001,
      "trade_penalty": 0.05,
      "reward_mode": "sortino",
      "rolling_reward_window": 100,
      "reward_epsilon": 1e-06,
      "reward_return_scale": 1.0,
      "reward_direction_scale": 1.0,
      "reward_hold_penalty_scale": 0.1,
      "reward_drawdown_penalty_scale": 0.1,
      "reward_action_bonus_scale": 0.25,
      "reward_clip": 1.0,
      "reward_ignore_transaction_cost": 1,
      "val_overall_accuracy": 0.45307443365695793,
      "val_actionable_accuracy": 0.5673469387755102,
      "val_trade_win_rate": 0.5505226480836237,
      "val_cumulative_signal_return": 0.6605703357198873,
      "test_overall_accuracy": 0.43086816720257237,
      "test_actionable_accuracy": 0.5173745173745173,
      "test_trade_win_rate": 0.5099337748344371,
      "test_cumulative_signal_return": -0.052726970191165234,
      "val_alpha_vs_qqq": -0.3102918517264257,
      "test_alpha_vs_qqq": -0.12827164000618196,
      "ranking_score": 0.5809443309568196,
      "run_duration_seconds": 81.27382969856262,
      "val_reward_total_mean": 0.2184063599622424,
      "val_reward_total_sum": 67.4875652283329,
      "val_reward_portfolio_return_mean": 0.0004517721427093654,
      "val_reward_direction_mean": 0.0006341348016140422,
      "val_reward_hold_penalty_mean": -9.017061643588965e-05,
      "val_reward_action_bonus_mean": 0.08090614886731391,
      "val_reward_drawdown_penalty_mean": -0.0013921368289196304,
      "val_reward_drawdown_mean": 0.013921368289196306,
      "test_reward_total_mean": 0.0769162338792125,
      "test_reward_total_sum": 23.920948736435086,
      "test_reward_portfolio_return_mean": -0.00013523126110459726,
      "test_reward_direction_mean": -9.485103600912306e-05,
      "test_reward_hold_penalty_mean": -3.502159287449994e-05,
      "test_reward_action_bonus_mean": 0.04180064308681672,
      "test_reward_drawdown_penalty_mean": -0.002596649507348926,
      "test_reward_drawdown_mean": 0.025966495073489262,
      "val_cumulative_return": 0.14656502747794087,
      "val_sharpe_ratio": 1.4892941867231513,
      "val_sortino_ratio": 2.0008227873753044,
      "val_max_drawdown": -0.05583055812167714,
      "test_cumulative_return": -0.04551520557402411,
      "test_sharpe_ratio": -0.3643882130443234,
      "test_sortino_ratio": -0.5319209490293703,
      "test_max_drawdown": -0.09745740417520898,
      "val_benchmark_cumulative_return": 0.4568568792043666,
      "val_benchmark_sharpe_ratio": 1.8417693046949546,
      "val_benchmark_sortino_ratio": 2.4848237072969352,
      "val_benchmark_max_drawdown": -0.13557738905659378,
      "test_benchmark_cumulative_return": 0.08275643443215785,
      "test_benchmark_sharpe_ratio": 0.3976988806903395,
      "test_benchmark_sortino_ratio": 0.5367961186734007,
      "test_benchmark_max_drawdown": -0.2288330692157109
    },
    {
      "seed": 42,
      "timesteps": 40000,
      "learning_rate": 0.0003,
      "gamma": 0.99,
      "ent_coef": 0.02,
      "include_news": 1,
      "threshold": 0.002,
      "horizon": 1,
      "transaction_cost_rate": 0.001,
      "trade_penalty": 0.05,
      "reward_mode": "sortino",
      "rolling_reward_window": 100,
      "reward_epsilon": 1e-06,
      "reward_return_scale": 1.0,
      "reward_direction_scale": 1.0,
      "reward_hold_penalty_scale": 0.1,
      "reward_drawdown_penalty_scale": 0.1,
      "reward_action_bonus_scale": 0.25,
      "reward_clip": 1.0,
      "reward_ignore_transaction_cost": 1,
      "val_overall_accuracy": 0.44983818770226536,
      "val_actionable_accuracy": 0.5606694560669456,
      "val_trade_win_rate": 0.5379061371841155,
      "val_cumulative_signal_return": 0.4836215739453136,
      "test_overall_accuracy": 0.4437299035369775,
      "test_actionable_accuracy": 0.5168539325842697,
      "test_trade_win_rate": 0.5096774193548387,
      "test_cumulative_signal_return": -0.061351778891927555,
      "val_alpha_vs_qqq": -0.4161041154912304,
      "test_alpha_vs_qqq": -0.17540883858690126,
      "ranking_score": 0.5384308839777702,
      "run_duration_seconds": 79.10693192481995,
      "val_reward_total_mean": 0.45848279508966167,
      "val_reward_total_sum": 141.67118368270545,
      "val_reward_portfolio_return_mean": 0.00017030915772520535,
      "val_reward_direction_mean": 0.0016649331726631155,
      "val_reward_hold_penalty_mean": -0.00013999566602836093,
      "val_reward_action_bonus_mean": 0.24110032362459546,
      "val_reward_drawdown_penalty_mean": -0.004471610775226234,
      "val_reward_drawdown_mean": 0.04471610775226233,
      "test_reward_total_mean": 0.1626966981666466,
      "test_reward_total_sum": 50.598673129827084,
      "test_reward_portfolio_return_mean": -0.0002519111924640004,
      "test_reward_direction_mean": 8.952229722983878e-05,
      "test_reward_hold_penalty_mean": -5.693747470412402e-06,
      "test_reward_action_bonus_mean": 0.07636655948553055,
      "test_reward_drawdown_penalty_mean": -0.005949212510485285,
      "test_reward_drawdown_mean": 0.059492125104852835,
      "val_cumulative_return": 0.040752763713136186,
      "val_sharpe_ratio": 0.2933126395577617,
      "val_sortino_ratio": 0.3692643039261011,
      "val_max_drawdown": -0.11447092794023417,
      "test_cumulative_return": -0.0926524041547434,
      "test_sharpe_ratio": -0.3479118414417417,
      "test_sortino_ratio": -0.510080329524841,
      "test_max_drawdown": -0.21048518387557713,
      "val_benchmark_cumulative_return": 0.4568568792043666,
      "val_benchmark_sharpe_ratio": 1.8417693046949546,
      "val_benchmark_sortino_ratio": 2.4848237072969352,
      "val_benchmark_max_drawdown": -0.13557738905659378,
      "test_benchmark_cumulative_return": 0.08275643443215785,
      "test_benchmark_sharpe_ratio": 0.3976988806903395,
      "test_benchmark_sortino_ratio": 0.5367961186734007,
      "test_benchmark_max_drawdown": -0.2288330692157109
    },
    {
      "seed": 121,
      "timesteps": 40000,
      "learning_rate": 0.0003,
      "gamma": 0.99,
      "ent_coef": 0.02,
      "include_news": 1,
      "threshold": 0.002,
      "horizon": 1,
      "transaction_cost_rate": 0.001,
      "trade_penalty": 0.05,
      "reward_mode": "sortino",
      "rolling_reward_window": 100,
      "reward_epsilon": 1e-06,
      "reward_return_scale": 1.0,
      "reward_direction_scale": 1.0,
      "reward_hold_penalty_scale": 0.1,
      "reward_drawdown_penalty_scale": 0.1,
      "reward_action_bonus_scale": 0.25,
      "reward_clip": 1.0,
      "reward_ignore_transaction_cost": 1,
      "val_overall_accuracy": 0.4174757281553398,
      "val_actionable_accuracy": 0.5454545454545454,
      "val_trade_win_rate": 0.5276752767527675,
      "val_cumulative_signal_return": 0.32872519061198213,
      "test_overall_accuracy": 0.22508038585209003,
      "test_actionable_accuracy": 0.5151515151515151,
      "test_trade_win_rate": 0.5447154471544715,
      "test_cumulative_signal_return": 0.23537361017573244,
      "val_alpha_vs_qqq": -0.39495046807809153,
      "test_alpha_vs_qqq": -0.003858329068038735,
      "ranking_score": 0.49677489387549933,
      "run_duration_seconds": 77.08912396430969,
      "val_reward_total_mean": 0.24185345681268464,
      "val_reward_total_sum": 74.73271815511956,
      "val_reward_portfolio_return_mean": 0.00020511616682979196,
      "val_reward_direction_mean": 0.0008340833726810883,