{
  "rows": 120,
  "generated_at_utc": "20260330-045808Z",
  "leaderboard_path": "/Users/nettenz/Projects/agentic-dev/reinforcement-learning-stocks/data/experiment_snapshots/experiment_leaderboard_20260330-045808Z_stability-final-ppo.csv",
  "reward_leaderboard_path": "/Users/nettenz/Projects/agentic-dev/reinforcement-learning-stocks/data/experiment_snapshots/experiment_reward_leaderboard_20260330-045808Z_stability-final-ppo.csv",
  "top3": [
    {
      "seed": 89,
      "timesteps": 20000,
      "learning_rate": 0.0003,
      "gamma": 0.99,
      "ent_coef": 0.0,
      "include_news": 1,
      "threshold": 0.002,
      "horizon": 1,
      "transaction_cost_rate": 0.001,
      "trade_penalty": 0.05,
      "reward_return_scale": 1.0,
      "reward_direction_scale": 0.4,
      "reward_hold_penalty_scale": 0.1,
      "reward_drawdown_penalty_scale": 0.1,
      "reward_action_bonus_scale": 0.02,
      "reward_clip": 1.0,
      "reward_ignore_transaction_cost": 1,
      "val_overall_accuracy": 0.49514563106796117,
      "val_actionable_accuracy": 0.5773584905660377,
      "val_trade_win_rate": 0.5566343042071198,
      "val_cumulative_signal_return": 0.7083113478987968,
      "test_overall_accuracy": 0.44516129032258067,
      "test_actionable_accuracy": 0.5168539325842697,
      "test_trade_win_rate": 0.5096774193548387,
      "test_cumulative_signal_return": 0.006477025474912246,
      "ranking_score": 0.5973318061249142,
      "val_reward_total_mean": -0.00048133318056254893,
      "val_reward_total_sum": -0.14873195279382762,
      "val_reward_portfolio_return_mean": 0.0017991182779851897,
      "val_reward_direction_mean": 0.0007344833093279375,
      "val_reward_hold_penalty_mean": 0.0,
      "val_reward_action_bonus_mean": 6.472491909385113e-05,
      "val_reward_drawdown_penalty_mean": -0.003079659686969527,
      "val_reward_drawdown_mean": 0.030796596869695266,
      "test_reward_total_mean": -0.006294265576820315,
      "test_reward_total_sum": -1.9512223288142976,
      "test_reward_portfolio_return_mean": 0.0001691206562645592,
      "test_reward_direction_mean": 7.154805854039169e-05,
      "test_reward_hold_penalty_mean": 0.0,
      "test_reward_action_bonus_mean": 6.451612903225807e-05,
      "test_reward_drawdown_penalty_mean": -0.006599450420657523,
      "test_reward_drawdown_mean": 0.06599450420657522
    },
    {
      "seed": 99,
      "timesteps": 20000,
      "learning_rate": 0.0001,
      "gamma": 0.995,
      "ent_coef": 0.0,
      "include_news": 1,
      "threshold": 0.002,
      "horizon": 1,
      "transaction_cost_rate": 0.001,
      "trade_penalty": 0.05,
      "reward_return_scale": 1.0,
      "reward_direction_scale": 0.4,
      "reward_hold_penalty_scale": 0.1,
      "reward_drawdown_penalty_scale": 0.1,
      "reward_action_bonus_scale": 0.02,
      "reward_clip": 1.0,
      "reward_ignore_transaction_cost": 1,
      "val_overall_accuracy": 0.49514563106796117,
      "val_actionable_accuracy": 0.5773584905660377,
      "val_trade_win_rate": 0.5566343042071198,
      "val_cumulative_signal_return": 0.7083113478987968,
      "test_overall_accuracy": 0.44516129032258067,
      "test_actionable_accuracy": 0.5168539325842697,
      "test_trade_win_rate": 0.5096774193548387,
      "test_cumulative_signal_return": 0.006477025474912246,
      "ranking_score": 0.5973318061249142,
      "val_reward_total_mean": -0.00048133318056254893,
      "val_reward_total_sum": -0.14873195279382762,
      "val_reward_portfolio_return_mean": 0.0017991182779851897,
      "val_reward_direction_mean": 0.0007344833093279375,
      "val_reward_hold_penalty_mean": 0.0,
      "val_reward_action_bonus_mean": 6.472491909385113e-05,
      "val_reward_drawdown_penalty_mean": -0.003079659686969527,
      "val_reward_drawdown_mean": 0.030796596869695266,
      "test_reward_total_mean": -0.006294265576820315,
      "test_reward_total_sum": -1.9512223288142976,
      "test_reward_portfolio_return_mean": 0.0001691206562645592,
      "test_reward_direction_mean": 7.154805854039169e-05,
      "test_reward_hold_penalty_mean": 0.0,
      "test_reward_action_bonus_mean": 6.451612903225807e-05,
      "test_reward_drawdown_penalty_mean": -0.006599450420657523,
      "test_reward_drawdown_mean": 0.06599450420657522
    },
    {
      "seed": 77,
      "timesteps": 20000,
      "learning_rate": 0.0001,
      "gamma": 0.995,
      "ent_coef": 0.0,
      "include_news": 1,
      "threshold": 0.002,
      "horizon": 1,
      "transaction_cost_rate": 0.001,
      "trade_penalty": 0.05,
      "reward_return_scale": 1.0,
      "reward_direction_scale": 0.4,
      "reward_hold_penalty_scale": 0.1,
      "reward_drawdown_penalty_scale": 0.1,
      "reward_action_bonus_scale": 0.02,
      "reward_clip": 1.0,
      "reward_ignore_transaction_cost": 1,
      "val_overall_accuracy": 0.49514563106796117,
      "val_actionable_accuracy": 0.5773584905660377,
      "val_trade_win_rate": 0.5566343042071198,
      "val_cumulative_signal_return": 0.7083113478987968,
      "test_overall_accuracy": 0.44516129032258067,
      "test_actionable_accuracy": 0.5168539325842697,
      "test_trade_win_rate": 0.5096774193548387,
      "test_cumulative_signal_return": 0.006477025474912246,
      "ranking_score": 0.5973318061249142,
      "val_reward_total_mean": -0.00048133318056254893,
      "val_reward_total_sum": -0.14873195279382762,
      "val_reward_portfolio_return_mean": 0.0017991182779851897,
      "val_reward_direction_mean": 0.0007344833093279375,
      "val_reward_hold_penalty_mean": 0.0,
      "val_reward_action_bonus_mean": 6.472491909385113e-05,
      "val_reward_drawdown_penalty_mean": -0.003079659686969527,
      "val_reward_drawdown_mean": 0.030796596869695266,
      "test_reward_total_mean": -0.006294265576820315,
      "test_reward_total_sum": -1.9512223288142976,
      "test_reward_portfolio_return_mean": 0.0001691206562645592,
      "test_reward_direction_mean": 7.154805854039169e-05,
      "test_reward_hold_penalty_mean": 0.0,
      "test_reward_action_bonus_mean": 6.451612903225807e-05,
      "test_reward_drawdown_penalty_mean": -0.006599450420657523,
      "test_reward_drawdown_mean": 0.06599450420657522
    }
  ]
}