{
  "rows": 3,
  "generated_at_utc": "20260329-071717Z",
  "leaderboard_path": "D:\\code\\agentic-development\\reinforcement-learning-stocks\\data\\experiment_snapshots\\experiment_leaderboard_20260329-071717Z_insights-stability.csv",
  "reward_leaderboard_path": "D:\\code\\agentic-development\\reinforcement-learning-stocks\\data\\experiment_snapshots\\experiment_reward_leaderboard_20260329-071717Z_insights-stability.csv",
  "top3": [
    {
      "seed": 21,
      "timesteps": 20000,
      "learning_rate": 0.0003,
      "gamma": 0.99,
      "ent_coef": 0.01,
      "include_news": 1,
      "threshold": 0.002,
      "horizon": 1,
      "transaction_cost_rate": 0.001,
      "trade_penalty": 0.05,
      "reward_return_scale": 1.0,
      "reward_direction_scale": 0.35,
      "reward_hold_penalty_scale": 0.03,
      "reward_drawdown_penalty_scale": 0.1,
      "reward_action_bonus_scale": 0.05,
      "reward_clip": 1.0,
      "reward_ignore_transaction_cost": 1,
      "val_overall_accuracy": 0.49514563106796117,
      "val_actionable_accuracy": 0.5773584905660377,
      "val_trade_win_rate": 0.5566343042071198,
      "val_cumulative_signal_return": 0.7083113478987972,
      "test_overall_accuracy": 0.44516129032258067,
      "test_actionable_accuracy": 0.5168539325842697,
      "test_trade_win_rate": 0.5096774193548387,
      "test_cumulative_signal_return": 0.006477025474912246,
      "ranking_score": 0.5973318061249142,
      "val_reward_total_mean": 0.04932661043924886,
      "val_reward_total_sum": 15.241922625727899,
      "val_reward_portfolio_return_mean": 0.0017775869793667284,
      "val_reward_direction_mean": 0.000635025953324454,
      "val_reward_hold_penalty_mean": 0.0,
      "val_reward_action_bonus_mean": 0.049999999999999996,
      "val_reward_drawdown_penalty_mean": -0.003086002493442323,
      "val_reward_drawdown_mean": 0.03086002493442323,
      "test_reward_total_mean": 0.04340661220540749,
      "test_reward_total_sum": 13.45604978367632,
      "test_reward_portfolio_return_mean": 4.8759569070328504e-05,
      "test_reward_direction_mean": 1.933142931302629e-05,
      "test_reward_hold_penalty_mean": 0.0,
      "test_reward_action_bonus_mean": 0.049999999999999996,
      "test_reward_drawdown_penalty_mean": -0.006661478792975869,
      "test_reward_drawdown_mean": 0.0666147879297587
    },
    {
      "seed": 7,
      "timesteps": 20000,
      "learning_rate": 0.0003,
      "gamma": 0.99,
      "ent_coef": 0.01,
      "include_news": 1,
      "threshold": 0.002,
      "horizon": 1,
      "transaction_cost_rate": 0.001,
      "trade_penalty": 0.05,
      "reward_return_scale": 1.0,
      "reward_direction_scale": 0.35,
      "reward_hold_penalty_scale": 0.03,
      "reward_drawdown_penalty_scale": 0.1,
      "reward_action_bonus_scale": 0.05,
      "reward_clip": 1.0,
      "reward_ignore_transaction_cost": 1,
      "val_overall_accuracy": 0.36245954692556637,
      "val_actionable_accuracy": 0.4226415094339623,
      "val_trade_win_rate": 0.4401294498381877,
      "val_cumulative_signal_return": -0.4508162087878643,
      "test_overall_accuracy": 0.4161290322580645,
      "test_actionable_accuracy": 0.48314606741573035,
      "test_trade_win_rate": 0.4870967741935484,
      "test_cumulative_signal_return": -0.10062752837551303,
      "ranking_score": 0.25319634791086454,
      "val_reward_total_mean": 0.049364974046675544,
      "val_reward_total_sum": 15.253776980422744,
      "val_reward_portfolio_return_mean": 0.0,
      "val_reward_direction_mean": -0.000635025953324454,
      "val_reward_hold_penalty_mean": 0.0,
      "val_reward_action_bonus_mean": 0.049999999999999996,
      "val_reward_drawdown_penalty_mean": 0.0,
      "val_reward_drawdown_mean": 0.0,
      "test_reward_total_mean": 0.049980668570686976,
      "test_reward_total_sum": 15.494007256912962,
      "test_reward_portfolio_return_mean": 0.0,
      "test_reward_direction_mean": -1.933142931302629e-05,
      "test_reward_hold_penalty_mean": 0.0,
      "test_reward_action_bonus_mean": 0.049999999999999996,
      "test_reward_drawdown_penalty_mean": 0.0,
      "test_reward_drawdown_mean": 0.0
    },
    {
      "seed": 13,
      "timesteps": 20000,
      "learning_rate": 0.0003,
      "gamma": 0.99,
      "ent_coef": 0.01,
      "include_news": 1,
      "threshold": 0.002,
      "horizon": 1,
      "transaction_cost_rate": 0.001,
      "trade_penalty": 0.05,
      "reward_return_scale": 1.0,
      "reward_direction_scale": 0.35,
      "reward_hold_penalty_scale": 0.03,
      "reward_drawdown_penalty_scale": 0.1,
      "reward_action_bonus_scale": 0.05,
      "reward_clip": 1.0,
      "reward_ignore_transaction_cost": 1,
      "val_overall_accuracy": 0.36245954692556637,
      "val_actionable_accuracy": 0.4226415094339623,
      "val_trade_win_rate": 0.4401294498381877,
      "val_cumulative_signal_return": -0.4508162087878643,
      "test_overall_accuracy": 0.4161290322580645,
      "test_actionable_accuracy": 0.48314606741573035,
      "test_trade_win_rate": 0.4870967741935484,
      "test_cumulative_signal_return": -0.10062752837551303,
      "ranking_score": 0.25319634791086454,
      "val_reward_total_mean": 0.049364974046675544,
      "val_reward_total_sum": 15.253776980422744,
      "val_reward_portfolio_return_mean": 0.0,
      "val_reward_direction_mean": -0.000635025953324454,
      "val_reward_hold_penalty_mean": 0.0,
      "val_reward_action_bonus_mean": 0.049999999999999996,
      "val_reward_drawdown_penalty_mean": 0.0,
      "val_reward_drawdown_mean": 0.0,
      "test_reward_total_mean": 0.049980668570686976,
      "test_reward_total_sum": 15.494007256912962,
      "test_reward_portfolio_return_mean": 0.0,
      "test_reward_direction_mean": -1.933142931302629e-05,
      "test_reward_hold_penalty_mean": 0.0,
      "test_reward_action_bonus_mean": 0.049999999999999996,
      "test_reward_drawdown_penalty_mean": 0.0,
      "test_reward_drawdown_mean": 0.0
    }
  ]
}