{
  "rows": 5,
  "generated_at_utc": "20260329-075808Z",
  "leaderboard_path": "D:\\code\\agentic-development\\reinforcement-learning-stocks\\data\\experiment_snapshots\\experiment_leaderboard_20260329-075808Z_win-20k-bonus-0p02-postfix.csv",
  "reward_leaderboard_path": "D:\\code\\agentic-development\\reinforcement-learning-stocks\\data\\experiment_snapshots\\experiment_reward_leaderboard_20260329-075808Z_win-20k-bonus-0p02-postfix.csv",
  "top3": [
    {
      "seed": 34,
      "timesteps": 20000,
      "learning_rate": 0.0003,
      "gamma": 0.99,
      "ent_coef": 0.01,
      "include_news": 1,
      "threshold": 0.002,
      "horizon": 1,
      "transaction_cost_rate": 0.001,
      "trade_penalty": 0.05,
      "reward_return_scale": 1.0,
      "reward_direction_scale": 0.35,
      "reward_hold_penalty_scale": 0.05,
      "reward_drawdown_penalty_scale": 0.1,
      "reward_action_bonus_scale": 0.02,
      "reward_clip": 1.0,
      "reward_ignore_transaction_cost": 1,
      "val_overall_accuracy": 0.4692556634304207,
      "val_actionable_accuracy": 0.5471698113207547,
      "val_trade_win_rate": 0.5372168284789643,
      "val_cumulative_signal_return": 0.3445449590578109,
      "test_overall_accuracy": 0.45161290322580644,
      "test_actionable_accuracy": 0.5243445692883895,
      "test_trade_win_rate": 0.5032258064516129,
      "test_cumulative_signal_return": 0.2710919897328956,
      "ranking_score": 0.5036589460156289,
      "val_reward_total_mean": 0.010555767831551866,
      "val_reward_total_sum": 3.2617322599495266,
      "val_reward_portfolio_return_mean": 0.001331825395246049,
      "val_reward_direction_mean": 0.0001770351244786048,
      "val_reward_hold_penalty_mean": -0.00023091605903440156,
      "val_reward_action_bonus_mean": 0.012038834951456311,
      "val_reward_drawdown_penalty_mean": -0.002761011580594698,
      "val_reward_drawdown_mean": 0.027610115805946977,
      "test_reward_total_mean": 0.00597292205770111,
      "test_reward_total_sum": 1.8516058378873441,
      "test_reward_portfolio_return_mean": 0.00030087777030627657,
      "test_reward_direction_mean": 0.0004267716756549029,
      "test_reward_hold_penalty_mean": -0.00023940573258136034,
      "test_reward_action_bonus_mean": 0.010193548387096775,
      "test_reward_drawdown_penalty_mean": -0.0047088700427754815,
      "test_reward_drawdown_mean": 0.04708870042775482
    },
    {
      "seed": 13,
      "timesteps": 20000,
      "learning_rate": 0.0003,
      "gamma": 0.99,
      "ent_coef": 0.01,
      "include_news": 1,
      "threshold": 0.002,
      "horizon": 1,
      "transaction_cost_rate": 0.001,
      "trade_penalty": 0.05,
      "reward_return_scale": 1.0,
      "reward_direction_scale": 0.35,
      "reward_hold_penalty_scale": 0.05,
      "reward_drawdown_penalty_scale": 0.1,
      "reward_action_bonus_scale": 0.02,
      "reward_clip": 1.0,
      "reward_ignore_transaction_cost": 1,
      "val_overall_accuracy": 0.45307443365695793,
      "val_actionable_accuracy": 0.5283018867924528,
      "val_trade_win_rate": 0.5307443365695793,
      "val_cumulative_signal_return": 0.23204085160459487,
      "test_overall_accuracy": 0.45161290322580644,
      "test_actionable_accuracy": 0.5243445692883895,
      "test_trade_win_rate": 0.5032258064516129,
      "test_cumulative_signal_return": 0.2710919897328956,
      "ranking_score": 0.4697824146880192,
      "val_reward_total_mean": 0.019827094142700646,
      "val_reward_total_sum": 6.1265720900945,
      "val_reward_portfolio_return_mean": 0.0012470022231811835,
      "val_reward_direction_mean": 0.0002647302911097757,
      "val_reward_hold_penalty_mean": 0.0,
      "val_reward_action_bonus_mean": 0.02,
      "val_reward_drawdown_penalty_mean": -0.001684638371590313,
      "val_reward_drawdown_mean": 0.01684638371590313,
      "test_reward_total_mean": 0.00597292205770111,
      "test_reward_total_sum": 1.8516058378873441,
      "test_reward_portfolio_return_mean": 0.00030087777030627657,
      "test_reward_direction_mean": 0.0004267716756549029,
      "test_reward_hold_penalty_mean": -0.00023940573258136034,
      "test_reward_action_bonus_mean": 0.010193548387096775,
      "test_reward_drawdown_penalty_mean": -0.0047088700427754815,
      "test_reward_drawdown_mean": 0.04708870042775482
    },
    {
      "seed": 7,
      "timesteps": 20000,
      "learning_rate": 0.0003,
      "gamma": 0.99,
      "ent_coef": 0.01,
      "include_news": 1,
      "threshold": 0.002,
      "horizon": 1,
      "transaction_cost_rate": 0.001,
      "trade_penalty": 0.05,
      "reward_return_scale": 1.0,
      "reward_direction_scale": 0.35,
      "reward_hold_penalty_scale": 0.05,
      "reward_drawdown_penalty_scale": 0.1,
      "reward_action_bonus_scale": 0.02,
      "reward_clip": 1.0,
      "reward_ignore_transaction_cost": 1,
      "val_overall_accuracy": 0.44983818770226536,
      "val_actionable_accuracy": 0.5245283018867924,
      "val_trade_win_rate": 0.5307443365695793,
      "val_cumulative_signal_return": 0.21387516144867247,
      "test_overall_accuracy": 0.45161290322580644,
      "test_actionable_accuracy": 0.5243445692883895,
      "test_trade_win_rate": 0.5032258064516129,
      "test_cumulative_signal_return": 0.2710919897328956,
      "ranking_score": 0.4642624842040045,
      "val_reward_total_mean": 0.019521920861555308,
      "val_reward_total_sum": 6.0322735462205905,
      "val_reward_portfolio_return_mean": 0.001196401625766613,
      "val_reward_direction_mean": 0.0002951979311272739,
      "val_reward_hold_penalty_mean": -1.3651322588878207e-05,
      "val_reward_action_bonus_mean": 0.019741100323624593,
      "val_reward_drawdown_penalty_mean": -0.0016971276963742962,
      "val_reward_drawdown_mean": 0.01697127696374296,
      "test_reward_total_mean": 0.00597292205770111,
      "test_reward_total_sum": 1.8516058378873441,
      "test_reward_portfolio_return_mean": 0.00030087777030627657,
      "test_reward_direction_mean": 0.0004267716756549029,
      "test_reward_hold_penalty_mean": -0.00023940573258136034,
      "test_reward_action_bonus_mean": 0.010193548387096775,
      "test_reward_drawdown_penalty_mean": -0.0047088700427754815,
      "test_reward_drawdown_mean": 0.04708870042775482
    }
  ]
}