{
  "rows": 3,
  "generated_at_utc": "20260329-200008Z",
  "leaderboard_path": "D:\\code\\agentic-development\\reinforcement-learning-stocks\\data\\experiment_snapshots\\experiment_leaderboard_20260329-200008Z_insights-accuracy.csv",
  "reward_leaderboard_path": "D:\\code\\agentic-development\\reinforcement-learning-stocks\\data\\experiment_snapshots\\experiment_reward_leaderboard_20260329-200008Z_insights-accuracy.csv",
  "top3": [
    {
      "seed": 21,
      "timesteps": 15000,
      "learning_rate": 0.0003,
      "gamma": 0.99,
      "ent_coef": 0.01,
      "include_news": 1,
      "threshold": 0.002,
      "horizon": 1,
      "transaction_cost_rate": 0.001,
      "trade_penalty": 0.05,
      "reward_return_scale": 1.1,
      "reward_direction_scale": 0.4,
      "reward_hold_penalty_scale": 0.05,
      "reward_drawdown_penalty_scale": 0.1,
      "reward_action_bonus_scale": 0.05,
      "reward_clip": 1.0,
      "reward_ignore_transaction_cost": 1,
      "val_overall_accuracy": 0.44660194174757284,
      "val_actionable_accuracy": 0.5227272727272727,
      "val_trade_win_rate": 0.525974025974026,
      "val_cumulative_signal_return": 0.16781173727996213,
      "test_overall_accuracy": 0.44193548387096776,
      "test_actionable_accuracy": 0.5131086142322098,
      "test_trade_win_rate": 0.5225806451612903,
      "test_cumulative_signal_return": 0.13597915926011006,
      "ranking_score": 0.4527181916118366,
      "val_reward_total_mean": 0.04506033928272459,
      "val_reward_total_sum": 13.923644838361898,
      "val_reward_portfolio_return_mean": 0.0005158482203719497,
      "val_reward_direction_mean": 0.00023266391138770568,
      "val_reward_hold_penalty_mean": -5.108094749997618e-06,
      "val_reward_action_bonus_mean": 0.048381877022653716,
      "val_reward_drawdown_penalty_mean": -0.004064941776938792,
      "val_reward_drawdown_mean": 0.040649417769387915,
      "test_reward_total_mean": 0.019673932360427877,
      "test_reward_total_sum": 6.098919031732642,
      "test_reward_portfolio_return_mean": 0.0002380339869427019,
      "test_reward_direction_mean": 0.00017826986184866947,
      "test_reward_hold_penalty_mean": 0.0,
      "test_reward_action_bonus_mean": 0.02661290322580645,
      "test_reward_drawdown_penalty_mean": -0.007355274714169947,
      "test_reward_drawdown_mean": 0.07355274714169947
    },
    {
      "seed": 7,
      "timesteps": 15000,
      "learning_rate": 0.0003,
      "gamma": 0.99,
      "ent_coef": 0.01,
      "include_news": 1,
      "threshold": 0.002,
      "horizon": 1,
      "transaction_cost_rate": 0.001,
      "trade_penalty": 0.05,
      "reward_return_scale": 1.1,
      "reward_direction_scale": 0.4,
      "reward_hold_penalty_scale": 0.05,
      "reward_drawdown_penalty_scale": 0.1,
      "reward_action_bonus_scale": 0.05,
      "reward_clip": 1.0,
      "reward_ignore_transaction_cost": 1,
      "val_overall_accuracy": 0.1423948220064725,
      "val_actionable_accuracy": 0.0,
      "val_trade_win_rate": 0.0,
      "val_cumulative_signal_return": 0.0,
      "test_overall_accuracy": 0.13870967741935483,
      "test_actionable_accuracy": 0.0,
      "test_trade_win_rate": 0.0,
      "test_cumulative_signal_return": 0.0,
      "ranking_score": 0.0,
      "val_reward_total_mean": -0.0005383327630885069,
      "val_reward_total_sum": -0.16634482379434862,
      "val_reward_portfolio_return_mean": 0.0,
      "val_reward_direction_mean": 0.0,
      "val_reward_hold_penalty_mean": -0.0005383327630885069,
      "val_reward_action_bonus_mean": 0.0,
      "val_reward_drawdown_penalty_mean": 0.0,
      "val_reward_drawdown_mean": 0.0,
      "test_reward_total_mean": -0.000613015545028313,
      "test_reward_total_sum": -0.19003481895877705,
      "test_reward_portfolio_return_mean": 0.0,
      "test_reward_direction_mean": 0.0,
      "test_reward_hold_penalty_mean": -0.000613015545028313,
      "test_reward_action_bonus_mean": 0.0,
      "test_reward_drawdown_penalty_mean": 0.0,
      "test_reward_drawdown_mean": 0.0
    },
    {
      "seed": 13,
      "timesteps": 15000,
      "learning_rate": 0.0003,
      "gamma": 0.99,
      "ent_coef": 0.01,
      "include_news": 1,
      "threshold": 0.002,
      "horizon": 1,
      "transaction_cost_rate": 0.001,
      "trade_penalty": 0.05,
      "reward_return_scale": 1.1,
      "reward_direction_scale": 0.4,
      "reward_hold_penalty_scale": 0.05,
      "reward_drawdown_penalty_scale": 0.1,
      "reward_action_bonus_scale": 0.05,
      "reward_clip": 1.0,
      "reward_ignore_transaction_cost": 1,
      "val_overall_accuracy": 0.1423948220064725,
      "val_actionable_accuracy": 0.0,
      "val_trade_win_rate": 0.0,
      "val_cumulative_signal_return": 0.0,
      "test_overall_accuracy": 0.13870967741935483,
      "test_actionable_accuracy": 0.0,
      "test_trade_win_rate": 0.0,
      "test_cumulative_signal_return": 0.0,
      "ranking_score": 0.0,
      "val_reward_total_mean": -0.0005383327630885069,
      "val_reward_total_sum": -0.16634482379434862,
      "val_reward_portfolio_return_mean": 0.0,
      "val_reward_direction_mean": 0.0,
      "val_reward_hold_penalty_mean": -0.0005383327630885069,
      "val_reward_action_bonus_mean": 0.0,
      "val_reward_drawdown_penalty_mean": 0.0,
      "val_reward_drawdown_mean": 0.0,
      "test_reward_total_mean": -0.000613015545028313,
      "test_reward_total_sum": -0.19003481895877705,
      "test_reward_portfolio_return_mean": 0.0,
      "test_reward_direction_mean": 0.0,
      "test_reward_hold_penalty_mean": -0.000613015545028313,
      "test_reward_action_bonus_mean": 0.0,
      "test_reward_drawdown_penalty_mean": 0.0,
      "test_reward_drawdown_mean": 0.0
    }
  ]
}