{
  "rows": 8,
  "generated_at_utc": "20260329-205027Z",
  "leaderboard_path": "D:\\code\\agentic-development\\reinforcement-learning-stocks\\data\\experiment_snapshots\\experiment_leaderboard_20260329-205027Z_insights-expanded-30k-8seeds-ent002.csv",
  "reward_leaderboard_path": "D:\\code\\agentic-development\\reinforcement-learning-stocks\\data\\experiment_snapshots\\experiment_reward_leaderboard_20260329-205027Z_insights-expanded-30k-8seeds-ent002.csv",
  "top3": [
    {
      "seed": 34,
      "timesteps": 30000,
      "learning_rate": 0.0003,
      "gamma": 0.992,
      "ent_coef": 0.02,
      "include_news": 1,
      "threshold": 0.002,
      "horizon": 1,
      "transaction_cost_rate": 0.001,
      "trade_penalty": 0.05,
      "reward_return_scale": 1.0,
      "reward_direction_scale": 0.35,
      "reward_hold_penalty_scale": 0.04,
      "reward_drawdown_penalty_scale": 0.1,
      "reward_action_bonus_scale": 0.05,
      "reward_clip": 1.0,
      "reward_ignore_transaction_cost": 1,
      "val_overall_accuracy": 0.4110032362459547,
      "val_actionable_accuracy": 0.6082474226804123,
      "val_trade_win_rate": 0.5851528384279476,
      "val_cumulative_signal_return": 0.6768659138484459,
      "test_overall_accuracy": 0.42258064516129035,
      "test_actionable_accuracy": 0.538135593220339,
      "test_trade_win_rate": 0.5236363636363637,
      "test_cumulative_signal_return": 0.39037398968459125,
      "ranking_score": 0.6150427456382797,
      "val_reward_total_mean": 0.029966875191662704,
      "val_reward_total_sum": 9.259764434223776,
      "val_reward_portfolio_return_mean": 0.0015483159340110352,
      "val_reward_direction_mean": 0.0006061701342437927,
      "val_reward_hold_penalty_mean": -0.00010748811496911735,
      "val_reward_action_bonus_mean": 0.030258899676375402,
      "val_reward_drawdown_penalty_mean": -0.002339022437998417,
      "val_reward_drawdown_mean": 0.023390224379984174,
      "test_reward_total_mean": 0.00896775747553608,
      "test_reward_total_sum": 2.780004817416185,
      "test_reward_portfolio_return_mean": 0.0009616712454981535,
      "test_reward_direction_mean": 0.00037625599737731326,
      "test_reward_hold_penalty_mean": -6.710003623359267e-05,
      "test_reward_action_bonus_mean": 0.012096774193548385,
      "test_reward_drawdown_penalty_mean": -0.004399843924654181,
      "test_reward_drawdown_mean": 0.0439984392465418
    },
    {
      "seed": 89,
      "timesteps": 30000,
      "learning_rate": 0.0003,
      "gamma": 0.992,
      "ent_coef": 0.02,
      "include_news": 1,
      "threshold": 0.002,
      "horizon": 1,
      "transaction_cost_rate": 0.001,
      "trade_penalty": 0.05,
      "reward_return_scale": 1.0,
      "reward_direction_scale": 0.35,
      "reward_hold_penalty_scale": 0.04,
      "reward_drawdown_penalty_scale": 0.1,
      "reward_action_bonus_scale": 0.05,
      "reward_clip": 1.0,
      "reward_ignore_transaction_cost": 1,
      "val_overall_accuracy": 0.4919093851132686,
      "val_actionable_accuracy": 0.5757575757575758,
      "val_trade_win_rate": 0.5551948051948052,
      "val_cumulative_signal_return": 0.7023886983486847,
      "test_overall_accuracy": 0.44516129032258067,
      "test_actionable_accuracy": 0.5168539325842697,
      "test_trade_win_rate": 0.5096774193548387,
      "test_cumulative_signal_return": -0.014027496421334273,
      "ranking_score": 0.5949149691069664,
      "val_reward_total_mean": 0.0018843169409405937,
      "val_reward_total_sum": 0.5822539347506435,
      "val_reward_portfolio_return_mean": 0.0017767222988693235,
      "val_reward_direction_mean": 0.0006306899789743976,
      "val_reward_hold_penalty_mean": -3.400567245271019e-06,
      "val_reward_action_bonus_mean": 0.0024271844660194173,
      "val_reward_drawdown_penalty_mean": -0.002946879235677274,
      "val_reward_drawdown_mean": 0.029468792356772737,
      "test_reward_total_mean": -0.0060175121696698225,
      "test_reward_total_sum": -1.865428772597645,
      "test_reward_portfolio_return_mean": -7.877118238221225e-06,
      "test_reward_direction_mean": -3.898600908692099e-06,
      "test_reward_hold_penalty_mean": 0.0,
      "test_reward_action_bonus_mean": 0.0008064516129032258,
      "test_reward_drawdown_penalty_mean": -0.006812188063426135,
      "test_reward_drawdown_mean": 0.06812188063426135
    },
    {
      "seed": 13,
      "timesteps": 30000,
      "learning_rate": 0.0003,
      "gamma": 0.992,
      "ent_coef": 0.02,
      "include_news": 1,
      "threshold": 0.002,
      "horizon": 1,
      "transaction_cost_rate": 0.001,
      "trade_penalty": 0.05,
      "reward_return_scale": 1.0,
      "reward_direction_scale": 0.35,
      "reward_hold_penalty_scale": 0.04,
      "reward_drawdown_penalty_scale": 0.1,
      "reward_action_bonus_scale": 0.05,
      "reward_clip": 1.0,
      "reward_ignore_transaction_cost": 1,
      "val_overall_accuracy": 0.3948220064724919,
      "val_actionable_accuracy": 0.5957446808510638,
      "val_trade_win_rate": 0.5720720720720721,
      "val_cumulative_signal_return": 0.6239668171365338,
      "test_overall_accuracy": 0.36451612903225805,
      "test_actionable_accuracy": 0.5303030303030303,
      "test_trade_win_rate": 0.5107296137339056,
      "test_cumulative_signal_return": 0.17319730494765828,
      "ranking_score": 0.5942873254744603,
      "val_reward_total_mean": 0.027912138836835482,
      "val_reward_total_sum": 8.624850900582164,
      "val_reward_portfolio_return_mean": 0.0014813078445995176,
      "val_reward_direction_mean": 0.0005694478726437807,
      "val_reward_hold_penalty_mean": -0.00011531579558939397,
      "val_reward_action_bonus_mean": 0.02831715210355987,
      "val_reward_drawdown_penalty_mean": -0.0023404531883782923,
      "val_reward_drawdown_mean": 0.023404531883782914,
      "test_reward_total_mean": 0.020951256194993866,
      "test_reward_total_sum": 6.494889420448098,
      "test_reward_portfolio_return_mean": 0.00037413114307497243,
      "test_reward_direction_mean": 0.00017828435754602384,
      "test_reward_hold_penalty_mean": -0.00013458956992047115,
      "test_reward_action_bonus_mean": 0.025,
      "test_reward_drawdown_penalty_mean": -0.00446656973570666,
      "test_reward_drawdown_mean": 0.044665697357066596
    }
  ]
}