{
  "rows": 80,
  "generated_at_utc": "20260331-081752Z",
  "leaderboard_path": "D:\\code\\agentic-development\\reinforcement-learning-stocks\\data\\experiment_snapshots\\experiment_leaderboard_20260331-081752Z_sac-sharpe.csv",
  "reward_leaderboard_path": "D:\\code\\agentic-development\\reinforcement-learning-stocks\\data\\experiment_snapshots\\experiment_reward_leaderboard_20260331-081752Z_sac-sharpe.csv",
  "top3": [
    {
      "seed": 1,
      "timesteps": 50000,
      "learning_rate": 0.0003,
      "gamma": 0.99,
      "ent_coef": 0.0,
      "include_news": 1,
      "threshold": 0.002,
      "horizon": 1,
      "transaction_cost_rate": 0.001,
      "trade_penalty": 0.05,
      "reward_mode": "sharpe",
      "rolling_reward_window": 100,
      "reward_epsilon": 1e-06,
      "reward_return_scale": 1.0,
      "reward_direction_scale": 0.35,
      "reward_hold_penalty_scale": 0.1,
      "reward_drawdown_penalty_scale": 0.1,
      "reward_action_bonus_scale": 0.02,
      "reward_clip": 1.0,
      "reward_ignore_transaction_cost": 1,
      "val_overall_accuracy": 0.49514563106796117,
      "val_actionable_accuracy": 0.5779467680608364,
      "val_trade_win_rate": 0.5573770491803278,
      "val_cumulative_signal_return": 0.7563841099400754,
      "test_overall_accuracy": 0.4,
      "test_actionable_accuracy": 0.5126050420168067,
      "test_trade_win_rate": 0.5125448028673835,
      "test_cumulative_signal_return": -0.06897364397194428,
      "val_alpha_vs_qqq": 0.034546909856660424,
      "test_alpha_vs_qqq": -0.24821142241781158,
      "ranking_score": 0.6074633207725316,
      "val_reward_total_mean": 0.13647934883908794,
      "val_reward_total_sum": 42.17211879127817,
      "val_reward_portfolio_return_mean": 0.0013591353027382293,
      "val_reward_direction_mean": 0.0017248243237673777,
      "val_reward_hold_penalty_mean": -2.073020909759075e-05,
      "val_reward_action_bonus_mean": 0.0021359223300970874,
      "val_reward_drawdown_penalty_mean": -0.0027624247314049118,
      "val_reward_drawdown_mean": 0.02762424731404911,
      "test_reward_total_mean": 0.18947329734088494,
      "test_reward_total_sum": 58.73672217567433,
      "test_reward_portfolio_return_mean": -0.0004697838743632617,
      "test_reward_direction_mean": 0.00216230642758064,
      "test_reward_hold_penalty_mean": -0.00014104295809808464,
      "test_reward_action_bonus_mean": 0.008129032258064517,
      "test_reward_drawdown_penalty_mean": -0.012433323567956383,
      "test_reward_drawdown_mean": 0.12433323567956382,
      "val_cumulative_return": 0.491403789061027,
      "val_sharpe_ratio": 1.8628102210064479,
      "val_sortino_ratio": 2.576471076297735,
      "val_max_drawdown": -0.10993340638364457,
      "test_cumulative_return": -0.1571153748766545,
      "test_sharpe_ratio": -0.5760091317822847,
      "test_sortino_ratio": -0.6337902143225989,
      "test_max_drawdown": -0.30502606401970944,
      "val_benchmark_cumulative_return": 0.4568568792043666,
      "val_benchmark_sharpe_ratio": 1.8417693046949546,
      "val_benchmark_sortino_ratio": 2.4848237072969352,
      "val_benchmark_max_drawdown": -0.13557738905659378,
      "test_benchmark_cumulative_return": 0.09109604754115708,
      "test_benchmark_sharpe_ratio": 0.4261798116220355,
      "test_benchmark_sortino_ratio": 0.5738977888884031,
      "test_benchmark_max_drawdown": -0.2288330692157109
    },
    {
      "seed": 2,
      "timesteps": 50000,
      "learning_rate": 0.0003,
      "gamma": 0.99,
      "ent_coef": 0.0,
      "include_news": 0,
      "threshold": 0.002,
      "horizon": 1,
      "transaction_cost_rate": 0.001,
      "trade_penalty": 0.05,
      "reward_mode": "sharpe",
      "rolling_reward_window": 250,
      "reward_epsilon": 1e-06,
      "reward_return_scale": 1.0,
      "reward_direction_scale": 0.35,
      "reward_hold_penalty_scale": 0.1,
      "reward_drawdown_penalty_scale": 0.1,
      "reward_action_bonus_scale": 0.02,
      "reward_clip": 1.0,
      "reward_ignore_transaction_cost": 1,
      "val_overall_accuracy": 0.4951456310679611,
      "val_actionable_accuracy": 0.5773584905660377,
      "val_trade_win_rate": 0.5566343042071198,
      "val_cumulative_signal_return": 0.7083113478987968,
      "test_overall_accuracy": 0.4451612903225806,
      "test_actionable_accuracy": 0.5168539325842697,
      "test_trade_win_rate": 0.5096774193548387,
      "test_cumulative_signal_return": 0.0064770254749122,
      "val_alpha_vs_qqq": 0.2195037517425822,
      "test_alpha_vs_qqq": -0.0917257925034413,
      "ranking_score": 0.5973318061249142,
      "val_reward_total_mean": 0.1167669787087818,
      "val_reward_total_sum": 36.0809964210136,
      "val_reward_portfolio_return_mean": 0.0017991182779851,
      "val_reward_direction_mean": 0.0006426728956619,
      "val_reward_hold_penalty_mean": 0.0,
      "val_reward_action_bonus_mean": 6.472491909385113e-05,
      "val_reward_drawdown_penalty_mean": -0.0030796596869695,
      "val_reward_drawdown_mean": 0.0307965968696952,
      "test_reward_total_mean": -0.0182191984769686,
      "test_reward_total_sum": -5.647951527860284,
      "test_reward_portfolio_return_mean": 0.0001691206562645,
      "test_reward_direction_mean": 6.260455122284264e-05,
      "test_reward_hold_penalty_mean": 0.0,
      "test_reward_action_bonus_mean": 6.451612903225807e-05,
      "test_reward_drawdown_penalty_mean": -0.0065994504206575,
      "test_reward_drawdown_mean": 0.0659945042065752,
      "val_cumulative_return": 0.6916371098688852,
      "val_sharpe_ratio": 2.0442544829526503,
      "val_sortino_ratio": 2.817792237929114,
      "val_max_drawdown": -0.1572532092173578,
      "test_cumulative_return": 0.006310759678312,
      "test_sharpe_ratio": 0.1547511432825807,
      "test_sortino_ratio": 0.233902626116637,
      "test_max_drawdown": -0.2728267059669285,
      "val_benchmark_cumulative_return": 0.4721333581263029,
      "val_benchmark_sharpe_ratio": 1.8949137582706443,
      "val_benchmark_sortino_ratio": 2.547592646687637,
      "val_benchmark_max_drawdown": -0.1355773890565939,
      "test_benchmark_cumulative_return": 0.0980365521817534,
      "test_benchmark_sharpe_ratio": 0.4494908843179563,
      "test_benchmark_sortino_ratio": 0.6058593562698764,
      "test_benchmark_max_drawdown": -0.2288330692157107
    },
    {
      "seed": 2,
      "timesteps": 50000,
      "learning_rate": 0.0003,
      "gamma": 0.995,
      "ent_coef": 0.0,
      "include_news": 0,
      "threshold": 0.002,
      "horizon": 1,
      "transaction_cost_rate": 0.001,
      "trade_penalty": 0.05,
      "reward_mode": "sharpe",
      "rolling_reward_window": 250,
      "reward_epsilon": 1e-06,
      "reward_return_scale": 1.0,
      "reward_direction_scale": 0.35,
      "reward_hold_penalty_scale": 0.1,
      "reward_drawdown_penalty_scale": 0.1,
      "reward_action_bonus_scale": 0.02,
      "reward_clip": 1.0,
      "reward_ignore_transaction_cost": 1,
      "val_overall_accuracy": 0.4951456310679611,
      "val_actionable_accuracy": 0.5773584905660377,
      "val_trade_win_rate": 0.5566343042071198,
      "val_cumulative_signal_return": 0.7083113478987968,
      "test_overall_accuracy": 0.4451612903225806,
      "test_actionable_accuracy": 0.5168539325842697,
      "test_trade_win_rate": 0.5096774193548387,
      "test_cumulative_signal_return": 0.0064770254749122,
      "val_alpha_vs_qqq": 0.2195037517425822,
      "test_alpha_vs_qqq": -0.0917257925034413,
      "ranking_score": 0.5973318061249142,
      "val_reward_total_mean": 0.1167669787087818,
      "val_reward_total_sum": 36.0809964210136,
      "val_reward_portfolio_return_mean": 0.0017991182779851,
      "val_reward_direction_mean": 0.0006426728956619,
      "val_reward_hold_penalty_mean": 0.0,
      "val_reward_action_bonus_mean": 6.472491909385113e-05,
      "val_reward_drawdown_penalty_mean": -0.0030796596869695,
      "val_reward_drawdown_mean": 0.0307965968696952,