{
  "rows": 5,
  "generated_at_utc": "20260329-081851Z",
  "leaderboard_path": "D:\\code\\agentic-development\\reinforcement-learning-stocks\\data\\experiment_snapshots\\experiment_leaderboard_20260329-081851Z_phase2-30k.csv",
  "reward_leaderboard_path": "D:\\code\\agentic-development\\reinforcement-learning-stocks\\data\\experiment_snapshots\\experiment_reward_leaderboard_20260329-081851Z_phase2-30k.csv",
  "top3": [
    {
      "seed": 7,
      "timesteps": 30000,
      "learning_rate": 0.0003,
      "gamma": 0.99,
      "ent_coef": 0.0,
      "include_news": 1,
      "threshold": 0.002,
      "horizon": 1,
      "transaction_cost_rate": 0.001,
      "trade_penalty": 0.05,
      "reward_return_scale": 1.0,
      "reward_direction_scale": 0.35,
      "reward_hold_penalty_scale": 0.05,
      "reward_drawdown_penalty_scale": 0.1,
      "reward_action_bonus_scale": 0.02,
      "reward_clip": 1.0,
      "reward_ignore_transaction_cost": 1,
      "val_overall_accuracy": 0.45307443365695793,
      "val_actionable_accuracy": 0.5283018867924528,
      "val_trade_win_rate": 0.5307443365695793,
      "val_cumulative_signal_return": 0.23204085160459487,
      "test_overall_accuracy": 0.45806451612903226,
      "test_actionable_accuracy": 0.5318352059925093,
      "test_trade_win_rate": 0.5096774193548387,
      "test_cumulative_signal_return": 0.3435548039237466,
      "ranking_score": 0.4697824146880192,
      "val_reward_total_mean": 0.019827094142700646,
      "val_reward_total_sum": 6.1265720900945,
      "val_reward_portfolio_return_mean": 0.0012470022231811835,
      "val_reward_direction_mean": 0.0002647302911097757,
      "val_reward_hold_penalty_mean": 0.0,
      "val_reward_action_bonus_mean": 0.02,
      "val_reward_drawdown_penalty_mean": -0.001684638371590313,
      "val_reward_drawdown_mean": 0.01684638371590313,
      "test_reward_total_mean": 0.007048187898288046,
      "test_reward_total_sum": 2.1849382484692943,
      "test_reward_portfolio_return_mean": 0.000493397732176441,
      "test_reward_direction_mean": 0.0005241649971800484,
      "test_reward_hold_penalty_mean": -0.00022052991946465498,
      "test_reward_action_bonus_mean": 0.010838709677419355,
      "test_reward_drawdown_penalty_mean": -0.0045875545890231425,
      "test_reward_drawdown_mean": 0.04587554589023142
    },
    {
      "seed": 7,
      "timesteps": 30000,
      "learning_rate": 0.0003,
      "gamma": 0.99,
      "ent_coef": 0.01,
      "include_news": 1,
      "threshold": 0.002,
      "horizon": 1,
      "transaction_cost_rate": 0.001,
      "trade_penalty": 0.05,
      "reward_return_scale": 1.0,
      "reward_direction_scale": 0.35,
      "reward_hold_penalty_scale": 0.05,
      "reward_drawdown_penalty_scale": 0.1,
      "reward_action_bonus_scale": 0.02,
      "reward_clip": 1.0,
      "reward_ignore_transaction_cost": 1,
      "val_overall_accuracy": 0.45307443365695793,
      "val_actionable_accuracy": 0.5283018867924528,
      "val_trade_win_rate": 0.5307443365695793,
      "val_cumulative_signal_return": 0.23204085160459487,
      "test_overall_accuracy": 0.44193548387096776,
      "test_actionable_accuracy": 0.5131086142322098,
      "test_trade_win_rate": 0.4838709677419355,
      "test_cumulative_signal_return": 0.38582510929959457,
      "ranking_score": 0.4697824146880192,
      "val_reward_total_mean": 0.019827094142700646,
      "val_reward_total_sum": 6.1265720900945,
      "val_reward_portfolio_return_mean": 0.0012470022231811835,
      "val_reward_direction_mean": 0.0002647302911097757,
      "val_reward_hold_penalty_mean": 0.0,
      "val_reward_action_bonus_mean": 0.02,
      "val_reward_drawdown_penalty_mean": -0.001684638371590313,
      "val_reward_drawdown_mean": 0.01684638371590313,
      "test_reward_total_mean": 0.016845115454005445,
      "test_reward_total_sum": 5.221985790741688,
      "test_reward_portfolio_return_mean": 0.0005351541800523136,
      "test_reward_direction_mean": 0.0004666260842640066,
      "test_reward_hold_penalty_mean": 0.0,
      "test_reward_action_bonus_mean": 0.02,
      "test_reward_drawdown_penalty_mean": -0.004156664810310873,
      "test_reward_drawdown_mean": 0.04156664810310872
    },
    {
      "seed": 7,
      "timesteps": 30000,
      "learning_rate": 0.0003,
      "gamma": 0.995,
      "ent_coef": 0.0,
      "include_news": 1,
      "threshold": 0.002,
      "horizon": 1,
      "transaction_cost_rate": 0.001,
      "trade_penalty": 0.05,
      "reward_return_scale": 1.0,
      "reward_direction_scale": 0.35,
      "reward_hold_penalty_scale": 0.05,
      "reward_drawdown_penalty_scale": 0.1,
      "reward_action_bonus_scale": 0.02,
      "reward_clip": 1.0,
      "reward_ignore_transaction_cost": 1,
      "val_overall_accuracy": 0.45307443365695793,
      "val_actionable_accuracy": 0.5283018867924528,
      "val_trade_win_rate": 0.5307443365695793,
      "val_cumulative_signal_return": 0.23204085160459487,
      "test_overall_accuracy": 0.43870967741935485,
      "test_actionable_accuracy": 0.5093632958801498,
      "test_trade_win_rate": 0.4806451612903226,
      "test_cumulative_signal_return": 0.3494652428630194,
      "ranking_score": 0.4697824146880192,
      "val_reward_total_mean": 0.019827094142700646,
      "val_reward_total_sum": 6.1265720900945,
      "val_reward_portfolio_return_mean": 0.0012470022231811835,
      "val_reward_direction_mean": 0.0002647302911097757,
      "val_reward_hold_penalty_mean": 0.0,
      "val_reward_action_bonus_mean": 0.02,
      "val_reward_drawdown_penalty_mean": -0.001684638371590313,
      "val_reward_drawdown_mean": 0.01684638371590313,
      "test_reward_total_mean": 0.01619007956474971,
      "test_reward_total_sum": 5.01892466507241,
      "test_reward_portfolio_return_mean": 0.0004965926515732602,
      "test_reward_direction_mean": 0.000473172495389889,
      "test_reward_hold_penalty_mean": -6.189200544238055e-06,
      "test_reward_action_bonus_mean": 0.01967741935483871,
      "test_reward_drawdown_penalty_mean": -0.00445091573650791,
      "test_reward_drawdown_mean": 0.044509157365079086
    }
  ]
}