{
  "rows": 3,
  "generated_at_utc": "20260329-200146Z",
  "leaderboard_path": "D:\\code\\agentic-development\\reinforcement-learning-stocks\\data\\experiment_snapshots\\experiment_leaderboard_20260329-200146Z_insights-generalization.csv",
  "reward_leaderboard_path": "D:\\code\\agentic-development\\reinforcement-learning-stocks\\data\\experiment_snapshots\\experiment_reward_leaderboard_20260329-200146Z_insights-generalization.csv",
  "top3": [
    {
      "seed": 21,
      "timesteps": 10000,
      "learning_rate": 0.0003,
      "gamma": 0.992,
      "ent_coef": 0.01,
      "include_news": 1,
      "threshold": 0.002,
      "horizon": 1,
      "transaction_cost_rate": 0.001,
      "trade_penalty": 0.05,
      "reward_return_scale": 1.0,
      "reward_direction_scale": 0.35,
      "reward_hold_penalty_scale": 0.04,
      "reward_drawdown_penalty_scale": 0.1,
      "reward_action_bonus_scale": 0.05,
      "reward_clip": 1.0,
      "reward_ignore_transaction_cost": 1,
      "val_overall_accuracy": 0.4919093851132686,
      "val_actionable_accuracy": 0.5735849056603773,
      "val_trade_win_rate": 0.5533980582524272,
      "val_cumulative_signal_return": 0.6415895599496715,
      "test_overall_accuracy": 0.4483870967741935,
      "test_actionable_accuracy": 0.5205992509363296,
      "test_trade_win_rate": 0.5129032258064516,
      "test_cumulative_signal_return": 0.03520675996162703,
      "ranking_score": 0.5811297822958512,
      "val_reward_total_mean": -0.00023280554609919632,
      "val_reward_total_sum": -0.07193691374465166,
      "val_reward_portfolio_return_mean": 0.001404411622469157,
      "val_reward_direction_mean": 0.0005899053107752923,
      "val_reward_hold_penalty_mean": 0.0,
      "val_reward_action_bonus_mean": 0.0004854368932038836,
      "val_reward_drawdown_penalty_mean": -0.002712559372547529,
      "val_reward_drawdown_mean": 0.02712559372547529,
      "test_reward_total_mean": -0.005816206933553155,
      "test_reward_total_sum": -1.803024149401478,
      "test_reward_portfolio_return_mean": 0.00012874192009711423,
      "test_reward_direction_mean": 5.1105984444928055e-05,
      "test_reward_hold_penalty_mean": 0.0,
      "test_reward_action_bonus_mean": 0.00048387096774193554,
      "test_reward_drawdown_penalty_mean": -0.006479925805837133,
      "test_reward_drawdown_mean": 0.06479925805837133
    },
    {
      "seed": 7,
      "timesteps": 10000,
      "learning_rate": 0.0003,
      "gamma": 0.992,
      "ent_coef": 0.01,
      "include_news": 1,
      "threshold": 0.002,
      "horizon": 1,
      "transaction_cost_rate": 0.001,
      "trade_penalty": 0.05,
      "reward_return_scale": 1.0,
      "reward_direction_scale": 0.35,
      "reward_hold_penalty_scale": 0.04,
      "reward_drawdown_penalty_scale": 0.1,
      "reward_action_bonus_scale": 0.05,
      "reward_clip": 1.0,
      "reward_ignore_transaction_cost": 1,
      "val_overall_accuracy": 0.1423948220064725,
      "val_actionable_accuracy": 0.0,
      "val_trade_win_rate": 0.0,
      "val_cumulative_signal_return": 0.0,
      "test_overall_accuracy": 0.13870967741935483,
      "test_actionable_accuracy": 0.0,
      "test_trade_win_rate": 0.0,
      "test_cumulative_signal_return": 0.0,
      "ranking_score": 0.0,
      "val_reward_total_mean": -0.00043066621047080556,
      "val_reward_total_sum": -0.13307585903547892,
      "val_reward_portfolio_return_mean": 0.0,
      "val_reward_direction_mean": 0.0,
      "val_reward_hold_penalty_mean": -0.00043066621047080556,
      "val_reward_action_bonus_mean": 0.0,
      "val_reward_drawdown_penalty_mean": 0.0,
      "val_reward_drawdown_mean": 0.0,
      "test_reward_total_mean": -0.0004904124360226505,
      "test_reward_total_sum": -0.15202785516702164,
      "test_reward_portfolio_return_mean": 0.0,
      "test_reward_direction_mean": 0.0,
      "test_reward_hold_penalty_mean": -0.0004904124360226505,
      "test_reward_action_bonus_mean": 0.0,
      "test_reward_drawdown_penalty_mean": 0.0,
      "test_reward_drawdown_mean": 0.0
    },
    {
      "seed": 13,
      "timesteps": 10000,
      "learning_rate": 0.0003,
      "gamma": 0.992,
      "ent_coef": 0.01,
      "include_news": 1,
      "threshold": 0.002,
      "horizon": 1,
      "transaction_cost_rate": 0.001,
      "trade_penalty": 0.05,
      "reward_return_scale": 1.0,
      "reward_direction_scale": 0.35,
      "reward_hold_penalty_scale": 0.04,
      "reward_drawdown_penalty_scale": 0.1,
      "reward_action_bonus_scale": 0.05,
      "reward_clip": 1.0,
      "reward_ignore_transaction_cost": 1,
      "val_overall_accuracy": 0.1423948220064725,
      "val_actionable_accuracy": 0.0,
      "val_trade_win_rate": 0.0,
      "val_cumulative_signal_return": 0.0,
      "test_overall_accuracy": 0.13870967741935483,
      "test_actionable_accuracy": 0.0,
      "test_trade_win_rate": 0.0,
      "test_cumulative_signal_return": 0.0,
      "ranking_score": 0.0,
      "val_reward_total_mean": -0.00043066621047080556,
      "val_reward_total_sum": -0.13307585903547892,
      "val_reward_portfolio_return_mean": 0.0,
      "val_reward_direction_mean": 0.0,
      "val_reward_hold_penalty_mean": -0.00043066621047080556,
      "val_reward_action_bonus_mean": 0.0,
      "val_reward_drawdown_penalty_mean": 0.0,
      "val_reward_drawdown_mean": 0.0,
      "test_reward_total_mean": -0.0004904124360226505,
      "test_reward_total_sum": -0.15202785516702164,
      "test_reward_portfolio_return_mean": 0.0,
      "test_reward_direction_mean": 0.0,
      "test_reward_hold_penalty_mean": -0.0004904124360226505,
      "test_reward_action_bonus_mean": 0.0,
      "test_reward_drawdown_penalty_mean": 0.0,
      "test_reward_drawdown_mean": 0.0
    }
  ]
}