{
  "rows": 36,
  "generated_at_utc": "20260402-090135Z",
  "leaderboard_path": "D:\\code\\agentic-development\\reinforcement-learning-stocks\\data\\experiment_snapshots\\experiment_leaderboard_20260402-090135Z_hybrid-stage-a.csv",
  "reward_leaderboard_path": "D:\\code\\agentic-development\\reinforcement-learning-stocks\\data\\experiment_snapshots\\experiment_reward_leaderboard_20260402-090135Z_hybrid-stage-a.csv",
  "top3": [
    {
      "seed": 7,
      "timesteps": 15000,
      "learning_rate": 0.0003,
      "gamma": 0.99,
      "ent_coef": 0.05,
      "include_news": 1,
      "threshold": 0.002,
      "horizon": 1,
      "transaction_cost_rate": 0.001,
      "trade_penalty": 0.05,
      "reward_mode": "sharpe",
      "rolling_reward_window": 100,
      "reward_epsilon": 1e-06,
      "reward_return_scale": 1.0,
      "reward_direction_scale": 0.3,
      "reward_hold_penalty_scale": 0.1,
      "reward_drawdown_penalty_scale": 0.1,
      "reward_action_bonus_scale": 0.02,
      "reward_clip": 1.0,
      "reward_ignore_transaction_cost": 1,
      "val_overall_accuracy": 0.49514563106796117,
      "val_actionable_accuracy": 0.5773584905660377,
      "val_trade_win_rate": 0.5584415584415584,
      "val_cumulative_signal_return": 0.7202955170869867,
      "test_overall_accuracy": 0.44694533762057875,
      "test_actionable_accuracy": 0.5168539325842697,
      "test_trade_win_rate": 0.5080906148867314,
      "test_cumulative_signal_return": -0.018674194353873852,
      "val_alpha_vs_qqq": -0.23509702762769136,
      "test_alpha_vs_qqq": -0.08952874948866307,
      "ranking_score": 0.6002708162328837,
      "run_duration_seconds": 43.047072410583496,
      "val_reward_total_mean": 0.12811828190924504,
      "val_reward_total_sum": 39.588549109956716,
      "val_reward_portfolio_return_mean": 0.0006589063913354385,
      "val_reward_direction_mean": 0.000817961415689467,
      "val_reward_hold_penalty_mean": -1.7636392022250316e-05,
      "val_reward_action_bonus_mean": 0.0012297734627831716,
      "val_reward_drawdown_penalty_mean": -0.0007097459813853687,
      "val_reward_drawdown_mean": 0.007097459813853686,
      "test_reward_total_mean": 0.011069305108215927,
      "test_reward_total_sum": 3.442553888655153,
      "test_reward_portfolio_return_mean": -8.303182620101394e-06,
      "test_reward_direction_mean": -0.0001297162488060522,
      "test_reward_hold_penalty_mean": -1.36756547341708e-05,
      "test_reward_action_bonus_mean": 0.0003215434083601286,
      "test_reward_drawdown_penalty_mean": -0.0023710996508649424,
      "test_reward_drawdown_mean": 0.023710996508649426,
      "val_cumulative_return": 0.22175985157667522,
      "val_sharpe_ratio": 2.1453758956256372,
      "val_sortino_ratio": 3.005517376740728,
      "val_max_drawdown": -0.047120024194983845,
      "test_cumulative_return": -0.006772315056505218,
      "test_sharpe_ratio": -0.020783400146118253,
      "test_sortino_ratio": -0.030873301809862266,
      "test_max_drawdown": -0.09169271114163158,
      "val_benchmark_cumulative_return": 0.4568568792043666,
      "val_benchmark_sharpe_ratio": 1.8417693046949546,
      "val_benchmark_sortino_ratio": 2.4848237072969352,
      "val_benchmark_max_drawdown": -0.13557738905659378,
      "test_benchmark_cumulative_return": 0.08275643443215785,
      "test_benchmark_sharpe_ratio": 0.3976988806903395,
      "test_benchmark_sortino_ratio": 0.5367961186734007,
      "test_benchmark_max_drawdown": -0.2288330692157109,
      "model_path": "D:\\code\\agentic-development\\reinforcement-learning-stocks\\data\\experiment_snapshots\\model_20260402-085308Z_hybrid-stage-a_seed7.zip",
      "test_return_mean_by_config": -0.018674194353873852,
      "test_return_std_by_config": 0.0,
      "config_seed_count": 1,
      "test_return_cv_by_config": 0.0,
      "high_return_cv_risk": 0,
      "use_stationary_features": 1.0,
      "val_actionable_support": 265.0,
      "val_trade_count": 308.0,
      "val_trade_rate": 0.9967637540453075,
      "test_actionable_support": 267.0,
      "test_trade_count": 309.0,
      "test_trade_rate": 0.9935691318327974,
      "robustness_score": 0.588292713384929
    },
    {
      "seed": 7,
      "timesteps": 15000,
      "learning_rate": 0.0003,
      "gamma": 0.99,
      "ent_coef": 0.05,
      "include_news": 1,
      "threshold": 0.002,
      "horizon": 1,
      "transaction_cost_rate": 0.001,
      "trade_penalty": 0.05,
      "reward_mode": "sharpe",
      "rolling_reward_window": 100,
      "reward_epsilon": 1e-06,
      "reward_return_scale": 1.0,
      "reward_direction_scale": 0.35,
      "reward_hold_penalty_scale": 0.1,
      "reward_drawdown_penalty_scale": 0.1,
      "reward_action_bonus_scale": 0.02,
      "reward_clip": 1.0,
      "reward_ignore_transaction_cost": 1,
      "val_overall_accuracy": 0.49514563106796117,
      "val_actionable_accuracy": 0.5773584905660377,
      "val_trade_win_rate": 0.5584415584415584,
      "val_cumulative_signal_return": 0.7202955170869867,
      "test_overall_accuracy": 0.44694533762057875,
      "test_actionable_accuracy": 0.5168539325842697,
      "test_trade_win_rate": 0.5080906148867314,
      "test_cumulative_signal_return": -0.018674194353873852,
      "val_alpha_vs_qqq": -0.23509702762769136,
      "test_alpha_vs_qqq": -0.08952874948866307,
      "ranking_score": 0.6002708162328837,
      "run_duration_seconds": 43.3405179977417,
      "val_reward_total_mean": 0.12811828190924504,
      "val_reward_total_sum": 39.588549109956716,
      "val_reward_portfolio_return_mean": 0.0006589063913354385,
      "val_reward_direction_mean": 0.000817961415689467,
      "val_reward_hold_penalty_mean": -1.7636392022250316e-05,
      "val_reward_action_bonus_mean": 0.0012297734627831716,
      "val_reward_drawdown_penalty_mean": -0.0007097459813853687,
      "val_reward_drawdown_mean": 0.007097459813853686,
      "test_reward_total_mean": 0.011069305108215927,
      "test_reward_total_sum": 3.442553888655153,
      "test_reward_portfolio_return_mean": -8.303182620101394e-06,
      "test_reward_direction_mean": -0.0001297162488060522,
      "test_reward_hold_penalty_mean": -1.36756547341708e-05,
      "test_reward_action_bonus_mean": 0.0003215434083601286,
      "test_reward_drawdown_penalty_mean": -0.0023710996508649424,
      "test_reward_drawdown_mean": 0.023710996508649426,
      "val_cumulative_return": 0.22175985157667522,
      "val_sharpe_ratio": 2.1453758956256372,
      "val_sortino_ratio": 3.005517376740728,
      "val_max_drawdown": -0.047120024194983845,
      "test_cumulative_return": -0.006772315056505218,
      "test_sharpe_ratio": -0.020783400146118253,
      "test_sortino_ratio": -0.030873301809862266,
      "test_max_drawdown": -0.09169271114163158,
      "val_benchmark_cumulative_return": 0.4568568792043666,
      "val_benchmark_sharpe_ratio": 1.8417693046949546,
      "val_benchmark_sortino_ratio": 2.4848237072969352,
      "val_benchmark_max_drawdown": -0.13557738905659378,
      "test_benchmark_cumulative_return": 0.08275643443215785,
      "test_benchmark_sharpe_ratio": 0.3976988806903395,
      "test_benchmark_sortino_ratio": 0.5367961186734007,
      "test_benchmark_max_drawdown": -0.2288330692157109,
      "model_path": "D:\\code\\agentic-development\\reinforcement-learning-stocks\\data\\experiment_snapshots\\model_20260402-085352Z_hybrid-stage-a_seed7.zip",
      "test_return_mean_by_config": -0.018674194353873852,
      "test_return_std_by_config": 0.0,
      "config_seed_count": 1,
      "test_return_cv_by_config": 0.0,
      "high_return_cv_risk": 0,
      "use_stationary_features": 1.0,
      "val_actionable_support": 265.0,
      "val_trade_count": 308.0,
      "val_trade_rate": 0.9967637540453075,
      "test_actionable_support": 267.0,
      "test_trade_count": 309.0,
      "test_trade_rate": 0.9935691318327974,
      "robustness_score": 0.588292713384929
    },
    {
      "seed": 13,
      "timesteps": 10000,
      "learning_rate": 0.0003,