{
  "rows": 8,
  "generated_at_utc": "20260329-081147Z",
  "leaderboard_path": "D:\\code\\agentic-development\\reinforcement-learning-stocks\\data\\experiment_snapshots\\experiment_leaderboard_20260329-081147Z_phase1-b05-repro.csv",
  "reward_leaderboard_path": "D:\\code\\agentic-development\\reinforcement-learning-stocks\\data\\experiment_snapshots\\experiment_reward_leaderboard_20260329-081147Z_phase1-b05-repro.csv",
  "top3": [
    {
      "seed": 34,
      "timesteps": 20000,
      "learning_rate": 0.0003,
      "gamma": 0.99,
      "ent_coef": 0.01,
      "include_news": 1,
      "threshold": 0.002,
      "horizon": 1,
      "transaction_cost_rate": 0.001,
      "trade_penalty": 0.05,
      "reward_return_scale": 1.0,
      "reward_direction_scale": 0.35,
      "reward_hold_penalty_scale": 0.05,
      "reward_drawdown_penalty_scale": 0.1,
      "reward_action_bonus_scale": 0.05,
      "reward_clip": 1.0,
      "reward_ignore_transaction_cost": 1,
      "val_overall_accuracy": 0.47249190938511326,
      "val_actionable_accuracy": 0.5509433962264151,
      "val_trade_win_rate": 0.540453074433657,
      "val_cumulative_signal_return": 0.40805072509938256,
      "test_overall_accuracy": 0.46774193548387094,
      "test_actionable_accuracy": 0.5430711610486891,
      "test_trade_win_rate": 0.5258064516129032,
      "test_cumulative_signal_return": 0.736508478448141,
      "ranking_score": 0.5192177654631811,
      "val_reward_total_mean": 0.02839769488036496,
      "val_reward_total_sum": 8.774887718032772,
      "val_reward_portfolio_return_mean": 0.0013975169393168662,
      "val_reward_direction_mean": 0.00021081452712332657,
      "val_reward_hold_penalty_mean": -0.00023574168798364751,
      "val_reward_action_bonus_mean": 0.029773462783171518,
      "val_reward_drawdown_penalty_mean": -0.0027483576812631057,
      "val_reward_drawdown_mean": 0.027483576812631055,
      "test_reward_total_mean": 0.008398594817944124,
      "test_reward_total_sum": 2.6035643935626784,
      "test_reward_portfolio_return_mean": 0.0008786570519852926,
      "test_reward_direction_mean": 0.00034067792025361263,
      "test_reward_hold_penalty_mean": -0.0003939694532149101,
      "test_reward_action_bonus_mean": 0.012096774193548385,
      "test_reward_drawdown_penalty_mean": -0.00452354489462826,
      "test_reward_drawdown_mean": 0.045235448946282585
    },
    {
      "seed": 7,
      "timesteps": 20000,
      "learning_rate": 0.0003,
      "gamma": 0.99,
      "ent_coef": 0.01,
      "include_news": 1,
      "threshold": 0.002,
      "horizon": 1,
      "transaction_cost_rate": 0.001,
      "trade_penalty": 0.05,
      "reward_return_scale": 1.0,
      "reward_direction_scale": 0.35,
      "reward_hold_penalty_scale": 0.05,
      "reward_drawdown_penalty_scale": 0.1,
      "reward_action_bonus_scale": 0.05,
      "reward_clip": 1.0,
      "reward_ignore_transaction_cost": 1,
      "val_overall_accuracy": 0.45307443365695793,
      "val_actionable_accuracy": 0.5283018867924528,
      "val_trade_win_rate": 0.5307443365695793,
      "val_cumulative_signal_return": 0.23204085160459487,
      "test_overall_accuracy": 0.45806451612903226,
      "test_actionable_accuracy": 0.5318352059925093,
      "test_trade_win_rate": 0.5096774193548387,
      "test_cumulative_signal_return": 0.3435548039237466,
      "ranking_score": 0.4697824146880192,
      "val_reward_total_mean": 0.04982709414270065,
      "val_reward_total_sum": 15.396572090094502,
      "val_reward_portfolio_return_mean": 0.0012470022231811835,
      "val_reward_direction_mean": 0.0002647302911097757,
      "val_reward_hold_penalty_mean": 0.0,
      "val_reward_action_bonus_mean": 0.049999999999999996,
      "val_reward_drawdown_penalty_mean": -0.001684638371590313,
      "val_reward_drawdown_mean": 0.01684638371590313,
      "test_reward_total_mean": 0.02330625241441708,
      "test_reward_total_sum": 7.224938248469295,
      "test_reward_portfolio_return_mean": 0.000493397732176441,
      "test_reward_direction_mean": 0.0005241649971800484,
      "test_reward_hold_penalty_mean": -0.00022052991946465498,
      "test_reward_action_bonus_mean": 0.02709677419354839,
      "test_reward_drawdown_penalty_mean": -0.0045875545890231425,
      "test_reward_drawdown_mean": 0.04587554589023142
    },
    {
      "seed": 13,
      "timesteps": 20000,
      "learning_rate": 0.0003,
      "gamma": 0.99,
      "ent_coef": 0.01,
      "include_news": 1,
      "threshold": 0.002,
      "horizon": 1,
      "transaction_cost_rate": 0.001,
      "trade_penalty": 0.05,
      "reward_return_scale": 1.0,
      "reward_direction_scale": 0.35,
      "reward_hold_penalty_scale": 0.05,
      "reward_drawdown_penalty_scale": 0.1,
      "reward_action_bonus_scale": 0.05,
      "reward_clip": 1.0,
      "reward_ignore_transaction_cost": 1,
      "val_overall_accuracy": 0.45307443365695793,
      "val_actionable_accuracy": 0.5283018867924528,
      "val_trade_win_rate": 0.5307443365695793,
      "val_cumulative_signal_return": 0.23204085160459487,
      "test_overall_accuracy": 0.45161290322580644,
      "test_actionable_accuracy": 0.5243445692883895,
      "test_trade_win_rate": 0.5032258064516129,
      "test_cumulative_signal_return": 0.2710919897328956,
      "ranking_score": 0.4697824146880192,
      "val_reward_total_mean": 0.04982709414270065,
      "val_reward_total_sum": 15.396572090094502,
      "val_reward_portfolio_return_mean": 0.0012470022231811835,
      "val_reward_direction_mean": 0.0002647302911097757,
      "val_reward_hold_penalty_mean": 0.0,
      "val_reward_action_bonus_mean": 0.049999999999999996,
      "val_reward_drawdown_penalty_mean": -0.001684638371590313,
      "val_reward_drawdown_mean": 0.01684638371590313,
      "test_reward_total_mean": 0.021263244638346272,
      "test_reward_total_sum": 6.591605837887345,
      "test_reward_portfolio_return_mean": 0.00030087777030627657,
      "test_reward_direction_mean": 0.0004267716756549029,
      "test_reward_hold_penalty_mean": -0.00023940573258136034,
      "test_reward_action_bonus_mean": 0.025483870967741934,
      "test_reward_drawdown_penalty_mean": -0.0047088700427754815,
      "test_reward_drawdown_mean": 0.04708870042775482
    }
  ]
}