{
  "rows": 3,
  "generated_at_utc": "20260330-063217Z",
  "leaderboard_path": "D:\\code\\agentic-development\\reinforcement-learning-stocks\\data\\experiment_snapshots\\experiment_leaderboard_20260330-063217Z_insights-stability.csv",
  "reward_leaderboard_path": "D:\\code\\agentic-development\\reinforcement-learning-stocks\\data\\experiment_snapshots\\experiment_reward_leaderboard_20260330-063217Z_insights-stability.csv",
  "top3": [
    {
      "seed": 13,
      "timesteps": 20000,
      "learning_rate": 0.0003,
      "gamma": 0.992,
      "ent_coef": 0.02,
      "include_news": 1,
      "threshold": 0.002,
      "horizon": 1,
      "transaction_cost_rate": 0.001,
      "trade_penalty": 0.05,
      "reward_return_scale": 1.0,
      "reward_direction_scale": 0.35,
      "reward_hold_penalty_scale": 0.03,
      "reward_drawdown_penalty_scale": 0.1,
      "reward_action_bonus_scale": 0.05,
      "reward_clip": 1.0,
      "reward_ignore_transaction_cost": 1,
      "val_overall_accuracy": 0.3268608414239482,
      "val_actionable_accuracy": 0.6060606060606061,
      "val_trade_win_rate": 0.5870967741935483,
      "val_cumulative_signal_return": 0.47350379057650605,
      "test_overall_accuracy": 0.2806451612903226,
      "test_actionable_accuracy": 0.5307692307692308,
      "test_trade_win_rate": 0.4967741935483871,
      "test_cumulative_signal_return": 0.20359530693416916,
      "ranking_score": 0.5738600934036687,
      "val_reward_total_mean": 0.04961183904780257,
      "val_reward_total_sum": 15.330058265770994,
      "val_reward_portfolio_return_mean": 0.0012669661674744345,
      "val_reward_direction_mean": 0.00018514783110733877,
      "val_reward_hold_penalty_mean": -0.00015763297361821735,
      "val_reward_action_bonus_mean": 0.049999999999999996,
      "val_reward_drawdown_penalty_mean": -0.0016826419771609872,
      "val_reward_drawdown_mean": 0.016826419771609872,
      "test_reward_total_mean": 0.04604052094519164,
      "test_reward_total_sum": 14.272561493009409,
      "test_reward_portfolio_return_mean": 0.0005351541800523136,
      "test_reward_direction_mean": -0.00018037420556567377,
      "test_reward_hold_penalty_mean": -0.00018820118798441225,
      "test_reward_action_bonus_mean": 0.049999999999999996,
      "test_reward_drawdown_penalty_mean": -0.004126057841310588,
      "test_reward_drawdown_mean": 0.041260578413105875
    },
    {
      "seed": 21,
      "timesteps": 20000,
      "learning_rate": 0.0003,
      "gamma": 0.992,
      "ent_coef": 0.02,
      "include_news": 1,
      "threshold": 0.002,
      "horizon": 1,
      "transaction_cost_rate": 0.001,
      "trade_penalty": 0.05,
      "reward_return_scale": 1.0,
      "reward_direction_scale": 0.35,
      "reward_hold_penalty_scale": 0.03,
      "reward_drawdown_penalty_scale": 0.1,
      "reward_action_bonus_scale": 0.05,
      "reward_clip": 1.0,
      "reward_ignore_transaction_cost": 1,
      "val_overall_accuracy": 0.3268608414239482,
      "val_actionable_accuracy": 0.6060606060606061,
      "val_trade_win_rate": 0.5870967741935483,
      "val_cumulative_signal_return": 0.47350379057650605,
      "test_overall_accuracy": 0.36129032258064514,
      "test_actionable_accuracy": 0.5282051282051282,
      "test_trade_win_rate": 0.5065502183406113,
      "test_cumulative_signal_return": 0.18893769019967044,
      "ranking_score": 0.5738600934036687,
      "val_reward_total_mean": 0.04961183904780257,
      "val_reward_total_sum": 15.330058265770994,
      "val_reward_portfolio_return_mean": 0.0012669661674744345,
      "val_reward_direction_mean": 0.00018514783110733877,
      "val_reward_hold_penalty_mean": -0.00015763297361821735,
      "val_reward_action_bonus_mean": 0.049999999999999996,
      "val_reward_drawdown_penalty_mean": -0.0016826419771609872,
      "val_reward_drawdown_mean": 0.016826419771609872,
      "test_reward_total_mean": 0.022143923737526522,
      "test_reward_total_sum": 6.864616358633222,
      "test_reward_portfolio_return_mean": 0.000518329472035344,
      "test_reward_direction_mean": -0.00024504379501840746,
      "test_reward_hold_penalty_mean": -0.00012206641977010628,
      "test_reward_action_bonus_mean": 0.026290322580645162,
      "test_reward_drawdown_penalty_mean": -0.004297618100365473,
      "test_reward_drawdown_mean": 0.04297618100365473
    },
    {
      "seed": 7,
      "timesteps": 20000,
      "learning_rate": 0.0003,
      "gamma": 0.992,
      "ent_coef": 0.02,
      "include_news": 1,
      "threshold": 0.002,
      "horizon": 1,
      "transaction_cost_rate": 0.001,
      "trade_penalty": 0.05,
      "reward_return_scale": 1.0,
      "reward_direction_scale": 0.35,
      "reward_hold_penalty_scale": 0.03,
      "reward_drawdown_penalty_scale": 0.1,
      "reward_action_bonus_scale": 0.05,
      "reward_clip": 1.0,
      "reward_ignore_transaction_cost": 1,
      "val_overall_accuracy": 0.47249190938511326,
      "val_actionable_accuracy": 0.5509433962264151,
      "val_trade_win_rate": 0.5436893203883495,
      "val_cumulative_signal_return": 0.48167642526071086,
      "test_overall_accuracy": 0.44516129032258067,
      "test_actionable_accuracy": 0.5168539325842697,
      "test_trade_win_rate": 0.5096774193548387,
      "test_cumulative_signal_return": -0.014027496421334273,
      "ranking_score": 0.5349137792818546,
      "val_reward_total_mean": 0.032106717239933205,
      "val_reward_total_sum": 9.92097562713936,
      "val_reward_portfolio_return_mean": 0.0012482569751147228,
      "val_reward_direction_mean": 0.00016312252725613304,
      "val_reward_hold_penalty_mean": 0.0,
      "val_reward_action_bonus_mean": 0.03381877022653722,
      "val_reward_drawdown_penalty_mean": -0.0031234324889748716,
      "val_reward_drawdown_mean": 0.03123432488974872,
      "test_reward_total_mean": -0.00571444034069649,
      "test_reward_total_sum": -1.7714765056159116,
      "test_reward_portfolio_return_mean": 0.00011476758859790575,
      "test_reward_direction_mean": 0.00011351574219634903,
      "test_reward_hold_penalty_mean": 0.0,
      "test_reward_action_bonus_mean": 0.0008064516129032258,
      "test_reward_drawdown_penalty_mean": -0.00674917528439397,
      "test_reward_drawdown_mean": 0.0674917528439397
    }
  ]
}