{
  "rows": 8,
  "generated_at_utc": "20260330-044400Z",
  "leaderboard_path": "/Users/nettenz/Projects/agentic-dev/reinforcement-learning-stocks/data/experiment_snapshots/experiment_leaderboard_20260330-044400Z_insights-direction-tune-20k.csv",
  "reward_leaderboard_path": "/Users/nettenz/Projects/agentic-dev/reinforcement-learning-stocks/data/experiment_snapshots/experiment_reward_leaderboard_20260330-044400Z_insights-direction-tune-20k.csv",
  "top3": [
    {
      "seed": 34,
      "timesteps": 20000,
      "learning_rate": 0.0003,
      "gamma": 0.992,
      "ent_coef": 0.02,
      "include_news": 1,
      "threshold": 0.002,
      "horizon": 1,
      "transaction_cost_rate": 0.001,
      "trade_penalty": 0.05,
      "reward_return_scale": 1.0,
      "reward_direction_scale": 0.4,
      "reward_hold_penalty_scale": 0.04,
      "reward_drawdown_penalty_scale": 0.1,
      "reward_action_bonus_scale": 0.05,
      "reward_clip": 1.0,
      "reward_ignore_transaction_cost": 1,
      "val_overall_accuracy": 0.42071197411003236,
      "val_actionable_accuracy": 0.6,
      "val_trade_win_rate": 0.5785123966942148,
      "val_cumulative_signal_return": 0.6617450893557368,
      "test_overall_accuracy": 0.4290322580645161,
      "test_actionable_accuracy": 0.5349794238683128,
      "test_trade_win_rate": 0.5229681978798587,
      "test_cumulative_signal_return": 0.4239951700631388,
      "ranking_score": 0.6059027368794118,
      "val_reward_total_mean": 0.027313091945295607,
      "val_reward_total_sum": 8.439745411096343,
      "val_reward_portfolio_return_mean": 0.0015346815478446505,
      "val_reward_direction_mean": 0.0003491322595428383,
      "val_reward_hold_penalty_mean": -8.099345457303999e-05,
      "val_reward_action_bonus_mean": 0.027993527508090615,
      "val_reward_drawdown_penalty_mean": -0.002483255915609457,
      "val_reward_drawdown_mean": 0.024832559156094572,
      "test_reward_total_mean": 0.00940415306784322,
      "test_reward_total_sum": 2.915287451031398,
      "test_reward_portfolio_return_mean": 0.0011351808750240876,
      "test_reward_direction_mean": -8.055705840782684e-05,
      "test_reward_hold_penalty_mean": -5.824319007234725e-05,
      "test_reward_action_bonus_mean": 0.012741935483870967,
      "test_reward_drawdown_penalty_mean": -0.004334163042571663,
      "test_reward_drawdown_mean": 0.043341630425716635
    },
    {
      "seed": 7,
      "timesteps": 20000,
      "learning_rate": 0.0003,
      "gamma": 0.992,
      "ent_coef": 0.02,
      "include_news": 1,
      "threshold": 0.002,
      "horizon": 1,
      "transaction_cost_rate": 0.001,
      "trade_penalty": 0.05,
      "reward_return_scale": 1.0,
      "reward_direction_scale": 0.4,
      "reward_hold_penalty_scale": 0.04,
      "reward_drawdown_penalty_scale": 0.1,
      "reward_action_bonus_scale": 0.05,
      "reward_clip": 1.0,
      "reward_ignore_transaction_cost": 1,
      "val_overall_accuracy": 0.3948220064724919,
      "val_actionable_accuracy": 0.5967741935483871,
      "val_trade_win_rate": 0.5707762557077626,
      "val_cumulative_signal_return": 0.6517535986501637,
      "test_overall_accuracy": 0.36451612903225805,
      "test_actionable_accuracy": 0.5303030303030303,
      "test_trade_win_rate": 0.5107296137339056,
      "test_cumulative_signal_return": 0.17319730494765828,
      "ranking_score": 0.599970693216555,
      "val_reward_total_mean": 0.028833430148977088,
      "val_reward_total_sum": 8.90952991603392,
      "val_reward_portfolio_return_mean": 0.001538118849708534,
      "val_reward_direction_mean": 0.0003912754401290135,
      "val_reward_hold_penalty_mean": -0.00011602162395149692,
      "val_reward_action_bonus_mean": 0.02928802588996764,
      "val_reward_drawdown_penalty_mean": -0.002267968406876602,
      "val_reward_drawdown_mean": 0.022679684068766016,
      "test_reward_total_mean": 0.02063113366005419,
      "test_reward_total_sum": 6.395651434616799,
      "test_reward_portfolio_return_mean": 0.00048127611418402247,
      "test_reward_direction_mean": -0.0002806053414414352,
      "test_reward_hold_penalty_mean": -0.00015917840760618117,
      "test_reward_action_bonus_mean": 0.025,
      "test_reward_drawdown_penalty_mean": -0.004410358705082217,
      "test_reward_drawdown_mean": 0.04410358705082217
    },
    {
      "seed": 89,
      "timesteps": 20000,
      "learning_rate": 0.0003,
      "gamma": 0.992,
      "ent_coef": 0.02,
      "include_news": 1,
      "threshold": 0.002,
      "horizon": 1,
      "transaction_cost_rate": 0.001,
      "trade_penalty": 0.05,
      "reward_return_scale": 1.0,
      "reward_direction_scale": 0.4,
      "reward_hold_penalty_scale": 0.04,
      "reward_drawdown_penalty_scale": 0.1,
      "reward_action_bonus_scale": 0.05,
      "reward_clip": 1.0,
      "reward_ignore_transaction_cost": 1,
      "val_overall_accuracy": 0.4174757281553398,
      "val_actionable_accuracy": 0.5913461538461539,
      "val_trade_win_rate": 0.5691056910569106,
      "val_cumulative_signal_return": 0.6615008066530856,
      "test_overall_accuracy": 0.42258064516129035,
      "test_actionable_accuracy": 0.538135593220339,
      "test_trade_win_rate": 0.5236363636363637,
      "test_cumulative_signal_return": 0.39037398968459125,
      "ranking_score": 0.5987049455707673,
      "val_reward_total_mean": 0.026578300114891807,
      "val_reward_total_sum": 8.212694735501568,
      "val_reward_portfolio_return_mean": 0.0014350447068563004,
      "val_reward_direction_mean": 0.0003167732187189734,
      "val_reward_hold_penalty_mean": -8.247340576576385e-05,
      "val_reward_action_bonus_mean": 0.0273462783171521,
      "val_reward_drawdown_penalty_mean": -0.0024373227220698076,
      "val_reward_drawdown_mean": 0.024373227220698075,
      "test_reward_total_mean": 0.008761507244550881,
      "test_reward_total_sum": 2.7160672458107733,
      "test_reward_portfolio_return_mean": 0.001081253555237457,
      "test_reward_direction_mean": 2.0793197858865524e-05,
      "test_reward_hold_penalty_mean": -9.916106335956131e-05,
      "test_reward_action_bonus_mean": 0.012096774193548385,
      "test_reward_drawdown_penalty_mean": -0.0043381526387342665,
      "test_reward_drawdown_mean": 0.04338152638734266
    }
  ]
}