{
  "rows": 120,
  "generated_at_utc": "20260330-051902Z",
  "leaderboard_path": "/Users/nettenz/Projects/agentic-dev/reinforcement-learning-stocks/data/experiment_snapshots/experiment_leaderboard_20260330-051902Z_stationary-direction-sweep.csv",
  "reward_leaderboard_path": "/Users/nettenz/Projects/agentic-dev/reinforcement-learning-stocks/data/experiment_snapshots/experiment_reward_leaderboard_20260330-051902Z_stationary-direction-sweep.csv",
  "top3": [
    {
      "seed": 42,
      "timesteps": 20000,
      "learning_rate": 0.0003,
      "gamma": 0.995,
      "ent_coef": 0.0,
      "include_news": 1,
      "threshold": 0.002,
      "horizon": 1,
      "transaction_cost_rate": 0.001,
      "trade_penalty": 0.05,
      "reward_return_scale": 1.0,
      "reward_direction_scale": 0.4,
      "reward_hold_penalty_scale": 0.1,
      "reward_drawdown_penalty_scale": 0.1,
      "reward_action_bonus_scale": 0.02,
      "reward_clip": 1.0,
      "reward_ignore_transaction_cost": 1,
      "val_overall_accuracy": 0.4886731391585761,
      "val_actionable_accuracy": 0.5769230769230769,
      "val_trade_win_rate": 0.5596026490066225,
      "val_cumulative_signal_return": 0.763396049359937,
      "test_overall_accuracy": 0.44516129032258067,
      "test_actionable_accuracy": 0.5168539325842697,
      "test_trade_win_rate": 0.5096774193548387,
      "test_cumulative_signal_return": -0.016773201981522434,
      "ranking_score": 0.6090215430355126,
      "val_reward_total_mean": 0.0006744735885145391,
      "val_reward_total_sum": 0.20841233885099258,
      "val_reward_portfolio_return_mean": 0.0018405628534342731,
      "val_reward_direction_mean": 0.0007270688045738816,
      "val_reward_hold_penalty_mean": -2.9800140467848608e-05,
      "val_reward_action_bonus_mean": 0.0009708737864077672,
      "val_reward_drawdown_penalty_mean": -0.002834231715433534,
      "val_reward_drawdown_mean": 0.028342317154335335,
      "test_reward_total_mean": -0.006351421694198983,
      "test_reward_total_sum": -1.9689407252016848,
      "test_reward_portfolio_return_mean": 9.358245953595546e-05,
      "test_reward_direction_mean": 4.220543521729833e-05,
      "test_reward_hold_penalty_mean": 0.0,
      "test_reward_action_bonus_mean": 6.451612903225807e-05,
      "test_reward_drawdown_penalty_mean": -0.006551725717984496,
      "test_reward_drawdown_mean": 0.06551725717984495
    },
    {
      "seed": 7,
      "timesteps": 20000,
      "learning_rate": 0.0003,
      "gamma": 0.995,
      "ent_coef": 0.0,
      "include_news": 1,
      "threshold": 0.002,
      "horizon": 1,
      "transaction_cost_rate": 0.001,
      "trade_penalty": 0.05,
      "reward_return_scale": 1.0,
      "reward_direction_scale": 0.4,
      "reward_hold_penalty_scale": 0.1,
      "reward_drawdown_penalty_scale": 0.1,
      "reward_action_bonus_scale": 0.02,
      "reward_clip": 1.0,
      "reward_ignore_transaction_cost": 1,
      "val_overall_accuracy": 0.4886731391585761,
      "val_actionable_accuracy": 0.5769230769230769,
      "val_trade_win_rate": 0.5596026490066225,
      "val_cumulative_signal_return": 0.763396049359937,
      "test_overall_accuracy": 0.44516129032258067,
      "test_actionable_accuracy": 0.5168539325842697,
      "test_trade_win_rate": 0.5096774193548387,
      "test_cumulative_signal_return": -0.016773201981522434,
      "ranking_score": 0.6090215430355126,
      "val_reward_total_mean": 0.0006744735885145391,
      "val_reward_total_sum": 0.20841233885099258,
      "val_reward_portfolio_return_mean": 0.0018405628534342731,
      "val_reward_direction_mean": 0.0007270688045738816,
      "val_reward_hold_penalty_mean": -2.9800140467848608e-05,
      "val_reward_action_bonus_mean": 0.0009708737864077672,
      "val_reward_drawdown_penalty_mean": -0.002834231715433534,
      "val_reward_drawdown_mean": 0.028342317154335335,
      "test_reward_total_mean": -0.006351421694198983,
      "test_reward_total_sum": -1.9689407252016848,
      "test_reward_portfolio_return_mean": 9.358245953595546e-05,
      "test_reward_direction_mean": 4.220543521729833e-05,
      "test_reward_hold_penalty_mean": 0.0,
      "test_reward_action_bonus_mean": 6.451612903225807e-05,
      "test_reward_drawdown_penalty_mean": -0.006551725717984496,
      "test_reward_drawdown_mean": 0.06551725717984495
    },
    {
      "seed": 42,
      "timesteps": 20000,
      "learning_rate": 0.0001,
      "gamma": 0.995,
      "ent_coef": 0.0,
      "include_news": 1,
      "threshold": 0.002,
      "horizon": 1,
      "transaction_cost_rate": 0.001,
      "trade_penalty": 0.05,
      "reward_return_scale": 1.0,
      "reward_direction_scale": 0.4,
      "reward_hold_penalty_scale": 0.1,
      "reward_drawdown_penalty_scale": 0.1,
      "reward_action_bonus_scale": 0.02,
      "reward_clip": 1.0,
      "reward_ignore_transaction_cost": 1,
      "val_overall_accuracy": 0.49838187702265374,
      "val_actionable_accuracy": 0.5789473684210527,
      "val_trade_win_rate": 0.5631067961165048,
      "val_cumulative_signal_return": 0.738316291793246,
      "test_overall_accuracy": 0.44516129032258067,
      "test_actionable_accuracy": 0.5168539325842697,
      "test_trade_win_rate": 0.5096774193548387,
      "test_cumulative_signal_return": -0.016773201981522434,
      "ranking_score": 0.606068981404127,
      "val_reward_total_mean": -0.00014468853465260178,
      "val_reward_total_sum": -0.04470875720765395,
      "val_reward_portfolio_return_mean": 0.0018233229012941993,
      "val_reward_direction_mean": 0.0007039233440549586,
      "val_reward_hold_penalty_mean": 0.0,
      "val_reward_action_bonus_mean": 0.00032362459546925567,
      "val_reward_drawdown_penalty_mean": -0.0029955593754710155,
      "val_reward_drawdown_mean": 0.029955593754710155,
      "test_reward_total_mean": -0.006351421694198983,
      "test_reward_total_sum": -1.9689407252016848,
      "test_reward_portfolio_return_mean": 9.358245953595546e-05,
      "test_reward_direction_mean": 4.220543521729833e-05,
      "test_reward_hold_penalty_mean": 0.0,
      "test_reward_action_bonus_mean": 6.451612903225807e-05,
      "test_reward_drawdown_penalty_mean": -0.006551725717984496,
      "test_reward_drawdown_mean": 0.06551725717984495
    }
  ]
}