{
  "rows": 53,
  "generated_at_utc": "20260401-045802Z",
  "leaderboard_path": "D:\\code\\agentic-development\\reinforcement-learning-stocks\\data\\experiment_snapshots\\experiment_leaderboard_20260401-045802Z_timesteps-entropy-sweep.csv",
  "reward_leaderboard_path": "D:\\code\\agentic-development\\reinforcement-learning-stocks\\data\\experiment_snapshots\\experiment_reward_leaderboard_20260401-045802Z_timesteps-entropy-sweep.csv",
  "top3": [
    {
      "seed": 21,
      "timesteps": 50000,
      "learning_rate": 0.0003,
      "gamma": 0.99,
      "ent_coef": 0.05,
      "include_news": 0,
      "threshold": 0.002,
      "horizon": 1,
      "transaction_cost_rate": 0.001,
      "trade_penalty": 0.05,
      "reward_mode": "sharpe",
      "rolling_reward_window": 100,
      "reward_epsilon": 1e-06,
      "reward_return_scale": 1.0,
      "reward_direction_scale": 0.35,
      "reward_hold_penalty_scale": 0.1,
      "reward_drawdown_penalty_scale": 0.1,
      "reward_action_bonus_scale": 0.02,
      "reward_clip": 1.0,
      "reward_ignore_transaction_cost": 1,
      "val_overall_accuracy": 0.16828478964401294,
      "val_actionable_accuracy": 0.9090909090909091,
      "val_trade_win_rate": 0.8333333333333334,
      "val_cumulative_signal_return": 0.11045052801785804,
      "test_overall_accuracy": 0.1382636655948553,
      "test_actionable_accuracy": 0.0,
      "test_trade_win_rate": 1.0,
      "test_cumulative_signal_return": 0.0011947828312053321,
      "val_alpha_vs_qqq": -0.39484426501276193,
      "test_alpha_vs_qqq": -0.12959431758364437,
      "ranking_score": 0.7266355601490262,
      "val_reward_total_mean": 0.10943945128777534,
      "val_reward_total_sum": 33.81679044792258,
      "val_reward_portfolio_return_mean": 6.086701833713804e-05,
      "val_reward_direction_mean": 6.401327113125929e-05,
      "val_reward_hold_penalty_mean": -0.00103394604979346,
      "val_reward_action_bonus_mean": 0.0003883495145631068,
      "val_reward_drawdown_penalty_mean": -4.1915751504609414e-06,
      "val_reward_drawdown_mean": 4.191575150460941e-05,
      "test_reward_total_mean": -0.0017310481269900487,
      "test_reward_total_sum": -0.5383559674939051,
      "test_reward_portfolio_return_mean": -1.9026034522471213e-06,
      "test_reward_direction_mean": -5.802719120689359e-05,
      "test_reward_hold_penalty_mean": -0.0012129364900700622,
      "test_reward_action_bonus_mean": 0.00012861736334405144,
      "test_reward_drawdown_penalty_mean": -4.024309655093588e-07,
      "test_reward_drawdown_mean": 4.0243096550935875e-06,
      "val_cumulative_return": 0.01894780543790575,
      "val_sharpe_ratio": 1.9775069337823938,
      "val_sortino_ratio": 1.1379329747424833,
      "val_max_drawdown": -0.0023971242406106708,
      "test_cumulative_return": -0.0005917546037944588,
      "test_sharpe_ratio": -0.8040226790435087,
      "test_sortino_ratio": 0.0,
      "test_max_drawdown": -0.0006598056989396417,
      "val_benchmark_cumulative_return": 0.4137920704506677,
      "val_benchmark_sharpe_ratio": 1.7024106961553558,
      "val_benchmark_sortino_ratio": 2.302448782787176,
      "val_benchmark_max_drawdown": -0.1355773890565939,
      "test_benchmark_cumulative_return": 0.1290025629798499,
      "test_benchmark_sharpe_ratio": 0.5459450874590821,
      "test_benchmark_sortino_ratio": 0.7404124446942003,
      "test_benchmark_max_drawdown": -0.2288330692157109
    },
    {
      "seed": 21,
      "timesteps": 20000,
      "learning_rate": 0.0003,
      "gamma": 0.99,
      "ent_coef": 0.0,
      "include_news": 0,
      "threshold": 0.002,
      "horizon": 1,
      "transaction_cost_rate": 0.001,
      "trade_penalty": 0.05,
      "reward_mode": "sharpe",
      "rolling_reward_window": 100,
      "reward_epsilon": 1e-06,
      "reward_return_scale": 1.0,
      "reward_direction_scale": 0.35,
      "reward_hold_penalty_scale": 0.1,
      "reward_drawdown_penalty_scale": 0.1,
      "reward_action_bonus_scale": 0.02,
      "reward_clip": 1.0,
      "reward_ignore_transaction_cost": 1,
      "val_overall_accuracy": 0.49514563106796117,
      "val_actionable_accuracy": 0.5735849056603773,
      "val_trade_win_rate": 0.5537459283387622,
      "val_cumulative_signal_return": 0.6888772029831041,
      "test_overall_accuracy": 0.3279742765273312,
      "test_actionable_accuracy": 0.54421768707483,
      "test_trade_win_rate": 0.5325443786982249,
      "test_cumulative_signal_return": 0.10652553713088864,
      "val_alpha_vs_qqq": -0.2814517290379328,
      "test_alpha_vs_qqq": -0.10627457097397852,
      "ranking_score": 0.5906916719284382,
      "val_reward_total_mean": 0.09966443052932893,
      "val_reward_total_sum": 30.79630903356264,
      "val_reward_portfolio_return_mean": 0.00040721260694872755,
      "val_reward_direction_mean": 0.0004958852368877808,
      "val_reward_hold_penalty_mean": -3.9982964334552594e-06,
      "val_reward_action_bonus_mean": 0.00032362459546925567,
      "val_reward_drawdown_penalty_mean": -0.0007565764820518315,
      "val_reward_drawdown_mean": 0.007565764820518314,
      "test_reward_total_mean": -0.03419739557866096,
      "test_reward_total_sum": -10.635390024963558,
      "test_reward_portfolio_return_mean": 8.166978631058454e-05,
      "test_reward_direction_mean": -0.00010681745105423262,
      "test_reward_hold_penalty_mean": -0.0004408451192829689,
      "test_reward_action_bonus_mean": 0.0017363344051446947,
      "test_reward_drawdown_penalty_mean": -0.0012140397423206415,
      "test_reward_drawdown_mean": 0.012140397423206413,
      "val_cumulative_return": 0.13234034141273487,
      "val_sharpe_ratio": 1.9164174890853622,
      "val_sortino_ratio": 2.577778759902187,
      "val_max_drawdown": -0.04208845213654555,
      "test_cumulative_return": 0.02272799200587139,
      "test_sharpe_ratio": 0.2853857775954036,
      "test_sortino_ratio": 0.3263062755396435,
      "test_max_drawdown": -0.08804575408234594,
      "val_benchmark_cumulative_return": 0.4137920704506677,
      "val_benchmark_sharpe_ratio": 1.7024106961553558,
      "val_benchmark_sortino_ratio": 2.302448782787176,
      "val_benchmark_max_drawdown": -0.1355773890565939,
      "test_benchmark_cumulative_return": 0.1290025629798499,
      "test_benchmark_sharpe_ratio": 0.5459450874590821,
      "test_benchmark_sortino_ratio": 0.7404124446942003,
      "test_benchmark_max_drawdown": -0.2288330692157109
    },
    {
      "seed": 7,
      "timesteps": 30000,
      "learning_rate": 0.0003,
      "gamma": 0.99,
      "ent_coef": 0.05,
      "include_news": 0,
      "threshold": 0.002,
      "horizon": 1,
      "transaction_cost_rate": 0.001,
      "trade_penalty": 0.05,
      "reward_mode": "sharpe",
      "rolling_reward_window": 100,
      "reward_epsilon": 1e-06,
      "reward_return_scale": 1.0,
      "reward_direction_scale": 0.35,
      "reward_hold_penalty_scale": 0.1,
      "reward_drawdown_penalty_scale": 0.1,
      "reward_action_bonus_scale": 0.02,
      "reward_clip": 1.0,
      "reward_ignore_transaction_cost": 1,
      "val_overall_accuracy": 0.49514563106796117,
      "val_actionable_accuracy": 0.5735849056603773,
      "val_trade_win_rate": 0.5570032573289903,
      "val_cumulative_signal_return": 0.660005978283039,
      "test_overall_accuracy": 0.4340836012861736,
      "test_actionable_accuracy": 0.5094339622641509,
      "test_trade_win_rate": 0.5048543689320388,
      "test_cumulative_signal_return": -0.03715904770012668,
      "val_alpha_vs_qqq": 0.014347143274440421,
      "test_alpha_vs_qqq": -0.15407209813662937,
      "ranking_score": 0.5858946256854936,
      "val_reward_total_mean": 0.10923887581010845,
      "val_reward_total_sum": 33.75481262532351,
      "val_reward_portfolio_return_mean": 0.0012190854361331207,
      "val_reward_direction_mean": 0.001572157289283186,
      "val_reward_hold_penalty_mean": -3.0807567341951926e-06,
      "val_reward_action_bonus_mean": 0.006601941747572815,