{
  "rows": 8,
  "generated_at_utc": "20260329-203127Z",
  "leaderboard_path": "D:\\code\\agentic-development\\reinforcement-learning-stocks\\data\\experiment_snapshots\\experiment_leaderboard_20260329-203127Z_insights-expanded-20k-8seeds.csv",
  "reward_leaderboard_path": "D:\\code\\agentic-development\\reinforcement-learning-stocks\\data\\experiment_snapshots\\experiment_reward_leaderboard_20260329-203127Z_insights-expanded-20k-8seeds.csv",
  "top3": [
    {
      "seed": 34,
      "timesteps": 20000,
      "learning_rate": 0.0003,
      "gamma": 0.992,
      "ent_coef": 0.01,
      "include_news": 1,
      "threshold": 0.002,
      "horizon": 1,
      "transaction_cost_rate": 0.001,
      "trade_penalty": 0.05,
      "reward_return_scale": 1.0,
      "reward_direction_scale": 0.35,
      "reward_hold_penalty_scale": 0.04,
      "reward_drawdown_penalty_scale": 0.1,
      "reward_action_bonus_scale": 0.05,
      "reward_clip": 1.0,
      "reward_ignore_transaction_cost": 1,
      "val_overall_accuracy": 0.3268608414239482,
      "val_actionable_accuracy": 0.6060606060606061,
      "val_trade_win_rate": 0.5870967741935483,
      "val_cumulative_signal_return": 0.47350379057650605,
      "test_overall_accuracy": 0.36451612903225805,
      "test_actionable_accuracy": 0.5303030303030303,
      "test_trade_win_rate": 0.5107296137339056,
      "test_cumulative_signal_return": 0.17319730494765828,
      "ranking_score": 0.5738600934036687,
      "val_reward_total_mean": 0.049792626997761956,
      "val_reward_total_sum": 15.385921742308444,
      "val_reward_portfolio_return_mean": 0.001247002223181185,
      "val_reward_direction_mean": 0.0004498781222171148,
      "val_reward_hold_penalty_mean": -0.0002196149760460405,
      "val_reward_action_bonus_mean": 0.049999999999999996,
      "val_reward_drawdown_penalty_mean": -0.0016846383715903124,
      "val_reward_drawdown_mean": 0.01684638371590312,
      "test_reward_total_mean": 0.020951256194993866,
      "test_reward_total_sum": 6.494889420448098,
      "test_reward_portfolio_return_mean": 0.00037413114307497243,
      "test_reward_direction_mean": 0.00017828435754602384,
      "test_reward_hold_penalty_mean": -0.00013458956992047115,
      "test_reward_action_bonus_mean": 0.025,
      "test_reward_drawdown_penalty_mean": -0.00446656973570666,
      "test_reward_drawdown_mean": 0.044665697357066596
    },
    {
      "seed": 21,
      "timesteps": 20000,
      "learning_rate": 0.0003,
      "gamma": 0.992,
      "ent_coef": 0.01,
      "include_news": 1,
      "threshold": 0.002,
      "horizon": 1,
      "transaction_cost_rate": 0.001,
      "trade_penalty": 0.05,
      "reward_return_scale": 1.0,
      "reward_direction_scale": 0.35,
      "reward_hold_penalty_scale": 0.04,
      "reward_drawdown_penalty_scale": 0.1,
      "reward_action_bonus_scale": 0.05,
      "reward_clip": 1.0,
      "reward_ignore_transaction_cost": 1,
      "val_overall_accuracy": 0.3268608414239482,
      "val_actionable_accuracy": 0.6060606060606061,
      "val_trade_win_rate": 0.5870967741935483,
      "val_cumulative_signal_return": 0.47350379057650605,
      "test_overall_accuracy": 0.36451612903225805,
      "test_actionable_accuracy": 0.5303030303030303,
      "test_trade_win_rate": 0.5107296137339056,
      "test_cumulative_signal_return": 0.17319730494765828,
      "ranking_score": 0.5738600934036687,
      "val_reward_total_mean": 0.049792626997761956,
      "val_reward_total_sum": 15.385921742308444,
      "val_reward_portfolio_return_mean": 0.001247002223181185,
      "val_reward_direction_mean": 0.0004498781222171148,
      "val_reward_hold_penalty_mean": -0.0002196149760460405,
      "val_reward_action_bonus_mean": 0.049999999999999996,
      "val_reward_drawdown_penalty_mean": -0.0016846383715903124,
      "val_reward_drawdown_mean": 0.01684638371590312,
      "test_reward_total_mean": 0.020951256194993866,
      "test_reward_total_sum": 6.494889420448098,
      "test_reward_portfolio_return_mean": 0.00037413114307497243,
      "test_reward_direction_mean": 0.00017828435754602384,
      "test_reward_hold_penalty_mean": -0.00013458956992047115,
      "test_reward_action_bonus_mean": 0.025,
      "test_reward_drawdown_penalty_mean": -0.00446656973570666,
      "test_reward_drawdown_mean": 0.044665697357066596
    },
    {
      "seed": 233,
      "timesteps": 20000,
      "learning_rate": 0.0003,
      "gamma": 0.992,
      "ent_coef": 0.01,
      "include_news": 1,
      "threshold": 0.002,
      "horizon": 1,
      "transaction_cost_rate": 0.001,
      "trade_penalty": 0.05,
      "reward_return_scale": 1.0,
      "reward_direction_scale": 0.35,
      "reward_hold_penalty_scale": 0.04,
      "reward_drawdown_penalty_scale": 0.1,
      "reward_action_bonus_scale": 0.05,
      "reward_clip": 1.0,
      "reward_ignore_transaction_cost": 1,
      "val_overall_accuracy": 0.3268608414239482,
      "val_actionable_accuracy": 0.6060606060606061,
      "val_trade_win_rate": 0.5870967741935483,
      "val_cumulative_signal_return": 0.47350379057650605,
      "test_overall_accuracy": 0.36451612903225805,
      "test_actionable_accuracy": 0.5303030303030303,
      "test_trade_win_rate": 0.5107296137339056,
      "test_cumulative_signal_return": 0.17319730494765828,
      "ranking_score": 0.5738600934036687,
      "val_reward_total_mean": 0.049792626997761956,
      "val_reward_total_sum": 15.385921742308444,
      "val_reward_portfolio_return_mean": 0.001247002223181185,
      "val_reward_direction_mean": 0.0004498781222171148,
      "val_reward_hold_penalty_mean": -0.0002196149760460405,
      "val_reward_action_bonus_mean": 0.049999999999999996,
      "val_reward_drawdown_penalty_mean": -0.0016846383715903124,
      "val_reward_drawdown_mean": 0.01684638371590312,
      "test_reward_total_mean": 0.020951256194993866,
      "test_reward_total_sum": 6.494889420448098,
      "test_reward_portfolio_return_mean": 0.00037413114307497243,
      "test_reward_direction_mean": 0.00017828435754602384,
      "test_reward_hold_penalty_mean": -0.00013458956992047115,
      "test_reward_action_bonus_mean": 0.025,
      "test_reward_drawdown_penalty_mean": -0.00446656973570666,
      "test_reward_drawdown_mean": 0.044665697357066596
    }
  ]
}