{
  "rows": 3,
  "generated_at_utc": "20260330-063455Z",
  "leaderboard_path": "D:\\code\\agentic-development\\reinforcement-learning-stocks\\data\\experiment_snapshots\\experiment_leaderboard_20260330-063455Z_insights-generalization.csv",
  "reward_leaderboard_path": "D:\\code\\agentic-development\\reinforcement-learning-stocks\\data\\experiment_snapshots\\experiment_reward_leaderboard_20260330-063455Z_insights-generalization.csv",
  "top3": [
    {
      "seed": 7,
      "timesteps": 20000,
      "learning_rate": 0.0003,
      "gamma": 0.994,
      "ent_coef": 0.02,
      "include_news": 1,
      "threshold": 0.002,
      "horizon": 1,
      "transaction_cost_rate": 0.001,
      "trade_penalty": 0.05,
      "reward_return_scale": 1.0,
      "reward_direction_scale": 0.35,
      "reward_hold_penalty_scale": 0.03,
      "reward_drawdown_penalty_scale": 0.1,
      "reward_action_bonus_scale": 0.05,
      "reward_clip": 1.0,
      "reward_ignore_transaction_cost": 1,
      "val_overall_accuracy": 0.3948220064724919,
      "val_actionable_accuracy": 0.5957446808510638,
      "val_trade_win_rate": 0.5720720720720721,
      "val_cumulative_signal_return": 0.6239668171365338,
      "test_overall_accuracy": 0.36451612903225805,
      "test_actionable_accuracy": 0.5303030303030303,
      "test_trade_win_rate": 0.5107296137339056,
      "test_cumulative_signal_return": 0.17319730494765828,
      "ranking_score": 0.5942873254744603,
      "val_reward_total_mean": 0.0277568502680198,
      "val_reward_total_sum": 8.576866732818118,
      "val_reward_portfolio_return_mean": 0.0014999819571455207,
      "val_reward_direction_mean": 0.0003587476931915253,
      "val_reward_hold_penalty_mean": -8.408894899579922e-05,
      "val_reward_action_bonus_mean": 0.02831715210355987,
      "val_reward_drawdown_penalty_mean": -0.0023349425368813185,
      "val_reward_drawdown_mean": 0.023349425368813178,
      "test_reward_total_mean": 0.020706003929635914,
      "test_reward_total_sum": 6.418861218187134,
      "test_reward_portfolio_return_mean": 0.00048127611418402247,
      "test_reward_direction_mean": -0.0002455296737612559,
      "test_reward_hold_penalty_mean": -0.00011938380570463591,
      "test_reward_action_bonus_mean": 0.025,
      "test_reward_drawdown_penalty_mean": -0.004410358705082217,
      "test_reward_drawdown_mean": 0.04410358705082217
    },
    {
      "seed": 21,
      "timesteps": 20000,
      "learning_rate": 0.0003,
      "gamma": 0.994,
      "ent_coef": 0.02,
      "include_news": 1,
      "threshold": 0.002,
      "horizon": 1,
      "transaction_cost_rate": 0.001,
      "trade_penalty": 0.05,
      "reward_return_scale": 1.0,
      "reward_direction_scale": 0.35,
      "reward_hold_penalty_scale": 0.03,
      "reward_drawdown_penalty_scale": 0.1,
      "reward_action_bonus_scale": 0.05,
      "reward_clip": 1.0,
      "reward_ignore_transaction_cost": 1,
      "val_overall_accuracy": 0.36893203883495146,
      "val_actionable_accuracy": 0.5925925925925926,
      "val_trade_win_rate": 0.5797872340425532,
      "val_cumulative_signal_return": 0.5796698920175669,
      "test_overall_accuracy": 0.36451612903225805,
      "test_actionable_accuracy": 0.5097087378640777,
      "test_trade_win_rate": 0.5145228215767634,
      "test_cumulative_signal_return": 0.2749893787950104,
      "ranking_score": 0.5861664449125756,
      "val_reward_total_mean": 0.04884668179096896,
      "val_reward_total_sum": 15.093624673409408,
      "val_reward_portfolio_return_mean": 0.0014587371572887793,
      "val_reward_direction_mean": 4.7257687267197266e-05,
      "val_reward_hold_penalty_mean": -0.00012866201568997719,
      "val_reward_action_bonus_mean": 0.049999999999999996,
      "val_reward_drawdown_penalty_mean": -0.0025306510378970406,
      "val_reward_drawdown_mean": 0.025306510378970408,
      "test_reward_total_mean": 0.04431751173963568,
      "test_reward_total_sum": 13.738428639287061,
      "test_reward_portfolio_return_mean": 0.0007493496149996063,
      "test_reward_direction_mean": -0.00027841402231114864,
      "test_reward_hold_penalty_mean": -0.0001098249803659665,
      "test_reward_action_bonus_mean": 0.0482258064516129,
      "test_reward_drawdown_penalty_mean": -0.004269405324299719,
      "test_reward_drawdown_mean": 0.042694053242997194
    },
    {
      "seed": 13,
      "timesteps": 20000,
      "learning_rate": 0.0003,
      "gamma": 0.994,
      "ent_coef": 0.02,
      "include_news": 1,
      "threshold": 0.002,
      "horizon": 1,
      "transaction_cost_rate": 0.001,
      "trade_penalty": 0.05,
      "reward_return_scale": 1.0,
      "reward_direction_scale": 0.35,
      "reward_hold_penalty_scale": 0.03,
      "reward_drawdown_penalty_scale": 0.1,
      "reward_action_bonus_scale": 0.05,
      "reward_clip": 1.0,
      "reward_ignore_transaction_cost": 1,
      "val_overall_accuracy": 0.3268608414239482,
      "val_actionable_accuracy": 0.6060606060606061,
      "val_trade_win_rate": 0.5870967741935483,
      "val_cumulative_signal_return": 0.47350379057650605,
      "test_overall_accuracy": 0.2806451612903226,
      "test_actionable_accuracy": 0.5307692307692308,
      "test_trade_win_rate": 0.4967741935483871,
      "test_cumulative_signal_return": 0.20359530693416916,
      "ranking_score": 0.5738600934036687,
      "val_reward_total_mean": 0.04961183904780257,
      "val_reward_total_sum": 15.330058265770994,
      "val_reward_portfolio_return_mean": 0.0012669661674744345,
      "val_reward_direction_mean": 0.00018514783110733877,
      "val_reward_hold_penalty_mean": -0.00015763297361821735,
      "val_reward_action_bonus_mean": 0.049999999999999996,
      "val_reward_drawdown_penalty_mean": -0.0016826419771609872,
      "val_reward_drawdown_mean": 0.016826419771609872,
      "test_reward_total_mean": 0.04604052094519164,
      "test_reward_total_sum": 14.272561493009409,
      "test_reward_portfolio_return_mean": 0.0005351541800523136,
      "test_reward_direction_mean": -0.00018037420556567377,
      "test_reward_hold_penalty_mean": -0.00018820118798441225,
      "test_reward_action_bonus_mean": 0.049999999999999996,
      "test_reward_drawdown_penalty_mean": -0.004126057841310588,
      "test_reward_drawdown_mean": 0.041260578413105875
    }
  ]
}