{
  "rows": 1,
  "generated_at_utc": "20260329-193344Z",
  "leaderboard_path": "D:\\code\\agentic-development\\reinforcement-learning-stocks\\data\\experiment_snapshots\\experiment_leaderboard_20260329-193344Z.csv",
  "reward_leaderboard_path": "D:\\code\\agentic-development\\reinforcement-learning-stocks\\data\\experiment_snapshots\\experiment_reward_leaderboard_20260329-193344Z.csv",
  "top3": [
    {
      "seed": 7,
      "timesteps": 10000,
      "learning_rate": 0.0003,
      "gamma": 0.99,
      "ent_coef": 0.0,
      "include_news": 1,
      "threshold": 0.002,
      "horizon": 1,
      "transaction_cost_rate": 0.001,
      "trade_penalty": 0.05,
      "reward_return_scale": 1.0,
      "reward_direction_scale": 0.35,
      "reward_hold_penalty_scale": 0.1,
      "reward_drawdown_penalty_scale": 0.1,
      "reward_action_bonus_scale": 0.02,
      "reward_clip": 1.0,
      "reward_ignore_transaction_cost": 1,
      "val_overall_accuracy": 0.36245954692556637,
      "val_actionable_accuracy": 0.4226415094339623,
      "val_trade_win_rate": 0.4401294498381877,
      "val_cumulative_signal_return": -0.4508162087878642,
      "test_overall_accuracy": 0.4161290322580645,
      "test_actionable_accuracy": 0.48314606741573035,
      "test_trade_win_rate": 0.4870967741935484,
      "test_cumulative_signal_return": -0.10062752837551303,
      "ranking_score": 0.2531963479108646,
      "val_reward_total_mean": -0.035058301700271126,
      "val_reward_total_sum": -10.833015225383779,
      "val_reward_portfolio_return_mean": -0.003177494591985776,
      "val_reward_direction_mean": -0.0006350259533244536,
      "val_reward_hold_penalty_mean": 0.0,
      "val_reward_action_bonus_mean": 6.472491909385113e-05,
      "val_reward_drawdown_penalty_mean": -0.031310506074054764,
      "val_reward_drawdown_mean": 0.3131050607405475,
      "test_reward_total_mean": -0.019530249955434134,
      "test_reward_total_sum": -6.054377486184582,
      "test_reward_portfolio_return_mean": 0.00022741643969457644,
      "test_reward_direction_mean": -1.933142931302629e-05,
      "test_reward_hold_penalty_mean": 0.0,
      "test_reward_action_bonus_mean": 6.451612903225807e-05,
      "test_reward_drawdown_penalty_mean": -0.019802851094847945,
      "test_reward_drawdown_mean": 0.19802851094847942
    }
  ]
}