{
  "rows": 24,
  "generated_at_utc": "20260401-010719Z",
  "leaderboard_path": "D:\\code\\agentic-development\\reinforcement-learning-stocks\\data\\experiment_snapshots\\experiment_leaderboard_20260401-010719Z_sweep-sharpe.csv",
  "reward_leaderboard_path": "D:\\code\\agentic-development\\reinforcement-learning-stocks\\data\\experiment_snapshots\\experiment_reward_leaderboard_20260401-010719Z_sweep-sharpe.csv",
  "top3": [
    {
      "seed": 21,
      "timesteps": 20000,
      "learning_rate": 0.0003,
      "gamma": 0.99,
      "ent_coef": 0.0,
      "include_news": 0,
      "threshold": 0.002,
      "horizon": 1,
      "transaction_cost_rate": 0.001,
      "trade_penalty": 0.05,
      "reward_mode": "sharpe",
      "rolling_reward_window": 100,
      "reward_epsilon": 1e-06,
      "reward_return_scale": 1.0,
      "reward_direction_scale": 0.35,
      "reward_hold_penalty_scale": 0.1,
      "reward_drawdown_penalty_scale": 0.1,
      "reward_action_bonus_scale": 0.02,
      "reward_clip": 1.0,
      "reward_ignore_transaction_cost": 1,
      "val_overall_accuracy": 0.49514563106796117,
      "val_actionable_accuracy": 0.5735849056603773,
      "val_trade_win_rate": 0.5537459283387622,
      "val_cumulative_signal_return": 0.6888772029831041,
      "test_overall_accuracy": 0.3279742765273312,
      "test_actionable_accuracy": 0.54421768707483,
      "test_trade_win_rate": 0.5325443786982249,
      "test_cumulative_signal_return": 0.10652553713088864,
      "val_alpha_vs_qqq": -0.2814517290379328,
      "test_alpha_vs_qqq": -0.10627457097397852,
      "ranking_score": 0.5906916719284382,
      "val_reward_total_mean": 0.09966443052932893,
      "val_reward_total_sum": 30.79630903356264,
      "val_reward_portfolio_return_mean": 0.00040721260694872755,
      "val_reward_direction_mean": 0.0004958852368877808,
      "val_reward_hold_penalty_mean": -3.9982964334552594e-06,
      "val_reward_action_bonus_mean": 0.00032362459546925567,
      "val_reward_drawdown_penalty_mean": -0.0007565764820518315,
      "val_reward_drawdown_mean": 0.007565764820518314,
      "test_reward_total_mean": -0.03419739557866096,
      "test_reward_total_sum": -10.635390024963558,
      "test_reward_portfolio_return_mean": 8.166978631058454e-05,
      "test_reward_direction_mean": -0.00010681745105423262,
      "test_reward_hold_penalty_mean": -0.0004408451192829689,
      "test_reward_action_bonus_mean": 0.0017363344051446947,
      "test_reward_drawdown_penalty_mean": -0.0012140397423206415,
      "test_reward_drawdown_mean": 0.012140397423206413,
      "val_cumulative_return": 0.13234034141273487,
      "val_sharpe_ratio": 1.9164174890853622,
      "val_sortino_ratio": 2.577778759902187,
      "val_max_drawdown": -0.04208845213654555,
      "test_cumulative_return": 0.02272799200587139,
      "test_sharpe_ratio": 0.2853857775954036,
      "test_sortino_ratio": 0.3263062755396435,
      "test_max_drawdown": -0.08804575408234594,
      "val_benchmark_cumulative_return": 0.4137920704506677,
      "val_benchmark_sharpe_ratio": 1.7024106961553558,
      "val_benchmark_sortino_ratio": 2.302448782787176,
      "val_benchmark_max_drawdown": -0.1355773890565939,
      "test_benchmark_cumulative_return": 0.1290025629798499,
      "test_benchmark_sharpe_ratio": 0.5459450874590821,
      "test_benchmark_sortino_ratio": 0.7404124446942003,
      "test_benchmark_max_drawdown": -0.2288330692157109
    },
    {
      "seed": 7,
      "timesteps": 20000,
      "learning_rate": 0.0003,
      "gamma": 0.99,
      "ent_coef": 0.0,
      "include_news": 0,
      "threshold": 0.002,
      "horizon": 1,
      "transaction_cost_rate": 0.001,
      "trade_penalty": 0.05,
      "reward_mode": "legacy",
      "rolling_reward_window": 100,
      "reward_epsilon": 1e-06,
      "reward_return_scale": 1.0,
      "reward_direction_scale": 0.35,
      "reward_hold_penalty_scale": 0.1,
      "reward_drawdown_penalty_scale": 0.1,
      "reward_action_bonus_scale": 0.02,
      "reward_clip": 1.0,
      "reward_ignore_transaction_cost": 1,
      "val_overall_accuracy": 0.4919093851132686,
      "val_actionable_accuracy": 0.5714285714285714,
      "val_trade_win_rate": 0.5533980582524272,
      "val_cumulative_signal_return": 0.6315304546304883,
      "test_overall_accuracy": 0.4437299035369775,
      "test_actionable_accuracy": 0.5168539325842697,
      "test_trade_win_rate": 0.5112540192926045,
      "test_cumulative_signal_return": -0.0305682226983359,
      "val_alpha_vs_qqq": -0.0424241056528895,
      "test_alpha_vs_qqq": -0.1584832488839931,
      "ranking_score": 0.5780397941161115,
      "val_reward_total_mean": 0.014429250771637,
      "val_reward_total_sum": 4.458638488435856,
      "val_reward_portfolio_return_mean": 0.0010787354655247,
      "val_reward_direction_mean": 0.0014079959986368,
      "val_reward_hold_penalty_mean": 0.0,
      "val_reward_action_bonus_mean": 0.0154045307443365,
      "val_reward_drawdown_penalty_mean": -0.0025468140377471,
      "val_reward_drawdown_mean": 0.0254681403774719,
      "test_reward_total_mean": -0.0026666511491129,
      "test_reward_total_sum": -0.8293285073741419,
      "test_reward_portfolio_return_mean": -3.682501271867845e-05,
      "test_reward_direction_mean": 4.02666099778494e-05,
      "test_reward_hold_penalty_mean": 0.0,
      "test_reward_action_bonus_mean": 0.0021864951768488,
      "test_reward_drawdown_penalty_mean": -0.0048304146267354,
      "test_reward_drawdown_mean": 0.0483041462673544,
      "val_cumulative_return": 0.3713679647977781,
      "val_sharpe_ratio": 1.5750584464030757,
      "val_sortino_ratio": 2.143382500735697,
      "val_max_drawdown": -0.1289503614682424,
      "test_cumulative_return": -0.0294806859041432,
      "test_sharpe_ratio": -0.0475789106314292,
      "test_sortino_ratio": -0.0699491423382364,
      "test_max_drawdown": -0.1929229778960701,
      "val_benchmark_cumulative_return": 0.4137920704506677,
      "val_benchmark_sharpe_ratio": 1.7024106961553558,
      "val_benchmark_sortino_ratio": 2.302448782787176,
      "val_benchmark_max_drawdown": -0.1355773890565939,
      "test_benchmark_cumulative_return": 0.1290025629798499,
      "test_benchmark_sharpe_ratio": 0.5459450874590821,
      "test_benchmark_sortino_ratio": 0.7404124446942003,
      "test_benchmark_max_drawdown": -0.2288330692157109
    },
    {
      "seed": 13,
      "timesteps": 20000,
      "learning_rate": 0.0003,
      "gamma": 0.99,
      "ent_coef": 0.01,
      "include_news": 0,
      "threshold": 0.002,
      "horizon": 1,
      "transaction_cost_rate": 0.001,
      "trade_penalty": 0.05,
      "reward_mode": "legacy",
      "rolling_reward_window": 100,
      "reward_epsilon": 1e-06,
      "reward_return_scale": 1.0,
      "reward_direction_scale": 0.35,
      "reward_hold_penalty_scale": 0.1,
      "reward_drawdown_penalty_scale": 0.1,
      "reward_action_bonus_scale": 0.02,
      "reward_clip": 1.0,
      "reward_ignore_transaction_cost": 1,
      "val_overall_accuracy": 0.4919093851132686,
      "val_actionable_accuracy": 0.5714285714285714,
      "val_trade_win_rate": 0.5533980582524272,
      "val_cumulative_signal_return": 0.6315304546304883,
      "test_overall_accuracy": 0.4437299035369775,
      "test_actionable_accuracy": 0.5168539325842697,
      "test_trade_win_rate": 0.5112540192926045,
      "test_cumulative_signal_return": -0.0305682226983359,
      "val_alpha_vs_qqq": 0.0858690543571838,
      "test_alpha_vs_qqq": -0.1443297337863582,
      "ranking_score": 0.5780397941161115,
      "val_reward_total_mean": 0.0007558860942807,
      "val_reward_total_sum": 0.2335688031327658,
      "val_reward_portfolio_return_mean": 0.0013828604609921,
      "val_reward_direction_mean": 0.0016874719722957,
      "val_reward_hold_penalty_mean": 0.0,
      "val_reward_action_bonus_mean": 0.0015533980582524,
      "val_reward_drawdown_penalty_mean": -0.0027709876152673,
      "val_reward_drawdown_mean": 0.027709876152673,