{
  "rows": 1,
  "generated_at_utc": "20260330-050718Z",
  "leaderboard_path": "/Users/nettenz/Projects/agentic-dev/reinforcement-learning-stocks/data/experiment_snapshots/experiment_leaderboard_20260330-050718Z_device-check.csv",
  "reward_leaderboard_path": "/Users/nettenz/Projects/agentic-dev/reinforcement-learning-stocks/data/experiment_snapshots/experiment_reward_leaderboard_20260330-050718Z_device-check.csv",
  "top3": [
    {
      "seed": 7,
      "timesteps": 100,
      "learning_rate": 0.0003,
      "gamma": 0.99,
      "ent_coef": 0.0,
      "include_news": 1,
      "threshold": 0.002,
      "horizon": 1,
      "transaction_cost_rate": 0.001,
      "trade_penalty": 0.05,
      "reward_return_scale": 1.0,
      "reward_direction_scale": 0.35,
      "reward_hold_penalty_scale": 0.1,
      "reward_drawdown_penalty_scale": 0.1,
      "reward_action_bonus_scale": 0.02,
      "reward_clip": 1.0,
      "reward_ignore_transaction_cost": 1,
      "val_overall_accuracy": 0.3656957928802589,
      "val_actionable_accuracy": 0.424812030075188,
      "val_trade_win_rate": 0.4401294498381877,
      "val_cumulative_signal_return": -0.4474375364742571,
      "test_overall_accuracy": 0.4161290322580645,
      "test_actionable_accuracy": 0.48314606741573035,
      "test_trade_win_rate": 0.4870967741935484,
      "test_cumulative_signal_return": -0.08048921659917896,
      "ranking_score": 0.25495734269419884,
      "val_reward_total_mean": -0.035080644447253624,
      "val_reward_total_sum": -10.83991913420137,
      "val_reward_portfolio_return_mean": -0.0031821190701995746,
      "val_reward_direction_mean": -0.000635700269254653,
      "val_reward_hold_penalty_mean": 0.0,
      "val_reward_action_bonus_mean": 6.472491909385113e-05,
      "val_reward_drawdown_penalty_mean": -0.03132755002689324,
      "val_reward_drawdown_mean": 0.31327550026893247,
      "test_reward_total_mean": -0.01983498279826083,
      "test_reward_total_sum": -6.148844667460857,
      "test_reward_portfolio_return_mean": 0.00018325987160322055,
      "test_reward_direction_mean": -3.692975581513599e-05,
      "test_reward_hold_penalty_mean": 0.0,
      "test_reward_action_bonus_mean": 6.451612903225807e-05,
      "test_reward_drawdown_penalty_mean": -0.020045829043081168,
      "test_reward_drawdown_mean": 0.20045829043081173
    }
  ]
}