{
  "rows": 5,
  "generated_at_utc": "20260329-081705Z",
  "leaderboard_path": "D:\\code\\agentic-development\\reinforcement-learning-stocks\\data\\experiment_snapshots\\experiment_leaderboard_20260329-081705Z_phase2-both.csv",
  "reward_leaderboard_path": "D:\\code\\agentic-development\\reinforcement-learning-stocks\\data\\experiment_snapshots\\experiment_reward_leaderboard_20260329-081705Z_phase2-both.csv",
  "top3": [
    {
      "seed": 7,
      "timesteps": 20000,
      "learning_rate": 0.0003,
      "gamma": 0.99,
      "ent_coef": 0.0,
      "include_news": 1,
      "threshold": 0.002,
      "horizon": 1,
      "transaction_cost_rate": 0.001,
      "trade_penalty": 0.05,
      "reward_return_scale": 1.0,
      "reward_direction_scale": 0.5,
      "reward_hold_penalty_scale": 0.1,
      "reward_drawdown_penalty_scale": 0.1,
      "reward_action_bonus_scale": 0.02,
      "reward_clip": 1.0,
      "reward_ignore_transaction_cost": 1,
      "val_overall_accuracy": 0.45307443365695793,
      "val_actionable_accuracy": 0.5283018867924528,
      "val_trade_win_rate": 0.5307443365695793,
      "val_cumulative_signal_return": 0.23204085160459487,
      "test_overall_accuracy": 0.45483870967741935,
      "test_actionable_accuracy": 0.5280898876404494,
      "test_trade_win_rate": 0.5064516129032258,
      "test_cumulative_signal_return": 0.27713523918491334,
      "ranking_score": 0.4697824146880192,
      "val_reward_total_mean": 0.019940549981747692,
      "val_reward_total_sum": 6.161629944360037,
      "val_reward_portfolio_return_mean": 0.0012470022231811835,
      "val_reward_direction_mean": 0.00037818613015682247,
      "val_reward_hold_penalty_mean": 0.0,
      "val_reward_action_bonus_mean": 0.02,
      "val_reward_drawdown_penalty_mean": -0.001684638371590313,
      "val_reward_drawdown_mean": 0.01684638371590313,
      "test_reward_total_mean": 0.006378960831437684,
      "test_reward_total_sum": 1.977477857745682,
      "test_reward_portfolio_return_mean": 0.00030865776277570604,
      "test_reward_direction_mean": 0.0006112871248357464,
      "test_reward_hold_penalty_mean": -0.0004685638417278888,
      "test_reward_action_bonus_mean": 0.010580645161290323,
      "test_reward_drawdown_penalty_mean": -0.004653065375736203,
      "test_reward_drawdown_mean": 0.046530653757362025
    },
    {
      "seed": 7,
      "timesteps": 20000,
      "learning_rate": 0.0003,
      "gamma": 0.99,
      "ent_coef": 0.01,
      "include_news": 1,
      "threshold": 0.002,
      "horizon": 1,
      "transaction_cost_rate": 0.001,
      "trade_penalty": 0.05,
      "reward_return_scale": 1.0,
      "reward_direction_scale": 0.5,
      "reward_hold_penalty_scale": 0.1,
      "reward_drawdown_penalty_scale": 0.1,
      "reward_action_bonus_scale": 0.02,
      "reward_clip": 1.0,
      "reward_ignore_transaction_cost": 1,
      "val_overall_accuracy": 0.45307443365695793,
      "val_actionable_accuracy": 0.5283018867924528,
      "val_trade_win_rate": 0.5307443365695793,
      "val_cumulative_signal_return": 0.23204085160459487,
      "test_overall_accuracy": 0.45483870967741935,
      "test_actionable_accuracy": 0.5280898876404494,
      "test_trade_win_rate": 0.5064516129032258,
      "test_cumulative_signal_return": 0.2779462887345394,
      "ranking_score": 0.4697824146880192,
      "val_reward_total_mean": 0.019940549981747692,
      "val_reward_total_sum": 6.161629944360037,
      "val_reward_portfolio_return_mean": 0.0012470022231811835,
      "val_reward_direction_mean": 0.00037818613015682247,
      "val_reward_hold_penalty_mean": 0.0,
      "val_reward_action_bonus_mean": 0.02,
      "val_reward_drawdown_penalty_mean": -0.001684638371590313,
      "val_reward_drawdown_mean": 0.01684638371590313,
      "test_reward_total_mean": 0.0063337291722378964,
      "test_reward_total_sum": 1.963456043393748,
      "test_reward_portfolio_return_mean": 0.000308913101074708,
      "test_reward_direction_mean": 0.0006272582008096851,
      "test_reward_hold_penalty_mean": -0.0004653696265331011,
      "test_reward_action_bonus_mean": 0.010580645161290323,
      "test_reward_drawdown_penalty_mean": -0.0047177176644037176,
      "test_reward_drawdown_mean": 0.04717717664403717
    },
    {
      "seed": 7,
      "timesteps": 20000,
      "learning_rate": 0.0003,
      "gamma": 0.995,
      "ent_coef": 0.0,
      "include_news": 1,
      "threshold": 0.002,
      "horizon": 1,
      "transaction_cost_rate": 0.001,
      "trade_penalty": 0.05,
      "reward_return_scale": 1.0,
      "reward_direction_scale": 0.5,
      "reward_hold_penalty_scale": 0.1,
      "reward_drawdown_penalty_scale": 0.1,
      "reward_action_bonus_scale": 0.02,
      "reward_clip": 1.0,
      "reward_ignore_transaction_cost": 1,
      "val_overall_accuracy": 0.45307443365695793,
      "val_actionable_accuracy": 0.5283018867924528,
      "val_trade_win_rate": 0.5307443365695793,
      "val_cumulative_signal_return": 0.23204085160459487,
      "test_overall_accuracy": 0.44193548387096776,
      "test_actionable_accuracy": 0.5131086142322098,
      "test_trade_win_rate": 0.4838709677419355,
      "test_cumulative_signal_return": 0.38582510929959457,
      "ranking_score": 0.4697824146880192,
      "val_reward_total_mean": 0.019940549981747692,
      "val_reward_total_sum": 6.161629944360037,
      "val_reward_portfolio_return_mean": 0.0012470022231811835,
      "val_reward_direction_mean": 0.00037818613015682247,
      "val_reward_hold_penalty_mean": 0.0,
      "val_reward_action_bonus_mean": 0.02,
      "val_reward_drawdown_penalty_mean": -0.001684638371590313,
      "val_reward_drawdown_mean": 0.01684638371590313,
      "test_reward_total_mean": 0.017045098061547165,
      "test_reward_total_sum": 5.2839803990796215,
      "test_reward_portfolio_return_mean": 0.0005351541800523136,
      "test_reward_direction_mean": 0.0006666086918057237,
      "test_reward_hold_penalty_mean": 0.0,
      "test_reward_action_bonus_mean": 0.02,
      "test_reward_drawdown_penalty_mean": -0.004156664810310873,
      "test_reward_drawdown_mean": 0.04156664810310872
    }
  ]
}