{
  "ticker": "NVDA",
  "horizon": 1,
  "model_type": "linear",
  "target_mode": "raw",
  "use_stationary": true,
  "use_news": false,
  "n_features": 14,
  "feature_names": [
    "LogReturn",
    "VolLogDiff",
    "RelRange",
    "RelOpen",
    "RelMACD",
    "RSI_Centered",
    "RelATR",
    "BB_Width",
    "BB_Upper_Dist",
    "BB_Lower_Dist",
    "SMA_Trend",
    "RelVWAP",
    "MACD_Signal_Rel",
    "MACD_Hist_Rel"
  ],
  "train_ratio": 0.7,
  "val_ratio": 0.15,
  "test_ratio": 0.15000000000000005,
  "train_samples": 1451,
  "val_samples": 311,
  "test_samples": 311,
  "seed": 42,
  "timestamp": "2026-04-18T15:39:44.806247",
  "val_mse": 0.0009683320751277997,
  "val_mae": 0.02343100961056471,
  "val_r2": -0.011594384794078705,
  "test_mse": 0.000884269839342528,
  "test_mae": 0.02070537049884216,
  "test_r2": 0.0019035799577645784
}