{
  "ticker": "NVDA",
  "horizon": 2,
  "model_type": "rf",
  "target_mode": "raw",
  "use_stationary": true,
  "use_news": false,
  "n_features": 14,
  "feature_names": [
    "LogReturn",
    "VolLogDiff",
    "RelRange",
    "RelOpen",
    "RelMACD",
    "RSI_Centered",
    "RelATR",
    "BB_Width",
    "BB_Upper_Dist",
    "BB_Lower_Dist",
    "SMA_Trend",
    "RelVWAP",
    "MACD_Signal_Rel",
    "MACD_Hist_Rel"
  ],
  "train_ratio": 0.7,
  "val_ratio": 0.15,
  "test_ratio": 0.15000000000000005,
  "train_samples": 1451,
  "val_samples": 311,
  "test_samples": 310,
  "seed": 42,
  "timestamp": "2026-04-18T15:40:25.532155",
  "val_mse": 0.0019103735775615066,
  "val_mae": 0.033785600588118685,
  "val_r2": -0.06050509712718899,
  "test_mse": 0.0017193902169161301,
  "test_mae": 0.029480870881128243,
  "test_r2": -0.1013656707131445
}