{
  "ticker": "AMD",
  "horizon": 4,
  "model_type": "rf",
  "target_mode": "raw",
  "use_stationary": true,
  "use_news": false,
  "n_features": 14,
  "feature_names": [
    "LogReturn",
    "VolLogDiff",
    "RelRange",
    "RelOpen",
    "RelMACD",
    "RSI_Centered",
    "RelATR",
    "BB_Width",
    "BB_Upper_Dist",
    "BB_Lower_Dist",
    "SMA_Trend",
    "RelVWAP",
    "MACD_Signal_Rel",
    "MACD_Hist_Rel"
  ],
  "train_ratio": 0.7,
  "val_ratio": 0.15,
  "test_ratio": 0.15000000000000005,
  "train_samples": 1451,
  "val_samples": 311,
  "test_samples": 308,
  "seed": 42,
  "timestamp": "2026-04-18T15:40:54.649423",
  "val_mse": 0.003995341886921554,
  "val_mae": 0.05026458892547229,
  "val_r2": -0.11246609312441525,
  "test_mse": 0.005824535308145826,
  "test_mae": 0.05637436777590053,
  "test_r2": -0.05829340146906459
}