{
  "ticker": "AAPL",
  "horizon": 1,
  "model_type": "rf",
  "target_mode": "raw",
  "use_stationary": true,
  "use_news": false,
  "n_features": 14,
  "feature_names": [
    "LogReturn",
    "VolLogDiff",
    "RelRange",
    "RelOpen",
    "RelMACD",
    "RSI_Centered",
    "RelATR",
    "BB_Width",
    "BB_Upper_Dist",
    "BB_Lower_Dist",
    "SMA_Trend",
    "RelVWAP",
    "MACD_Signal_Rel",
    "MACD_Hist_Rel"
  ],
  "train_ratio": 0.7,
  "val_ratio": 0.15,
  "test_ratio": 0.15000000000000005,
  "train_samples": 1451,
  "val_samples": 311,
  "test_samples": 311,
  "seed": 42,
  "timestamp": "2026-04-18T15:39:42.958150",
  "val_mse": 0.00018519010697079768,
  "val_mae": 0.009920983562782733,
  "val_r2": -0.010368253579543296,
  "test_mse": 0.00037929595902033133,
  "test_mae": 0.012680093746701033,
  "test_r2": -0.010193333063192034
}