{
  "ticker": "AMD",
  "horizon": 4,
  "model_type": "linear",
  "target_mode": "raw",
  "use_stationary": true,
  "use_news": false,
  "n_features": 14,
  "feature_names": [
    "LogReturn",
    "VolLogDiff",
    "RelRange",
    "RelOpen",
    "RelMACD",
    "RSI_Centered",
    "RelATR",
    "BB_Width",
    "BB_Upper_Dist",
    "BB_Lower_Dist",
    "SMA_Trend",
    "RelVWAP",
    "MACD_Signal_Rel",
    "MACD_Hist_Rel"
  ],
  "train_ratio": 0.7,
  "val_ratio": 0.15,
  "test_ratio": 0.15000000000000005,
  "train_samples": 1451,
  "val_samples": 311,
  "test_samples": 308,
  "seed": 42,
  "timestamp": "2026-04-18T15:40:38.643439",
  "val_mse": 0.003737240703053162,
  "val_mae": 0.048731880853188574,
  "val_r2": -0.040600199347276655,
  "test_mse": 0.00543079030245668,
  "test_mae": 0.05353378633779161,
  "test_r2": 0.013248398749650891
}