{
  "ticker": "NVDA",
  "horizon": 2,
  "model_type": "linear",
  "target_mode": "raw",
  "use_stationary": true,
  "use_news": false,
  "n_features": 14,
  "feature_names": [
    "LogReturn",
    "VolLogDiff",
    "RelRange",
    "RelOpen",
    "RelMACD",
    "RSI_Centered",
    "RelATR",
    "BB_Width",
    "BB_Upper_Dist",
    "BB_Lower_Dist",
    "SMA_Trend",
    "RelVWAP",
    "MACD_Signal_Rel",
    "MACD_Hist_Rel"
  ],
  "train_ratio": 0.7,
  "val_ratio": 0.15,
  "test_ratio": 0.15000000000000005,
  "train_samples": 1451,
  "val_samples": 311,
  "test_samples": 310,
  "seed": 42,
  "timestamp": "2026-04-18T15:40:15.163154",
  "val_mse": 0.001830494784028914,
  "val_mae": 0.033357379756731274,
  "val_r2": -0.016162007017130664,
  "test_mse": 0.0015830722699649703,
  "test_mae": 0.028685041149862953,
  "test_r2": -0.014046395776600828
}