{
  "ticker": "AMD",
  "horizon": 2,
  "model_type": "linear",
  "target_mode": "raw",
  "use_stationary": true,
  "use_news": false,
  "n_features": 14,
  "feature_names": [
    "LogReturn",
    "VolLogDiff",
    "RelRange",
    "RelOpen",
    "RelMACD",
    "RSI_Centered",
    "RelATR",
    "BB_Width",
    "BB_Upper_Dist",
    "BB_Lower_Dist",
    "SMA_Trend",
    "RelVWAP",
    "MACD_Signal_Rel",
    "MACD_Hist_Rel"
  ],
  "train_ratio": 0.7,
  "val_ratio": 0.15,
  "test_ratio": 0.15000000000000005,
  "train_samples": 1451,
  "val_samples": 311,
  "test_samples": 310,
  "seed": 42,
  "timestamp": "2026-04-18T15:40:35.138230",
  "val_mse": 0.0017690945456040562,
  "val_mae": 0.03227010873414739,
  "val_r2": -0.014461921512513465,
  "test_mse": 0.0027690240492462006,
  "test_mae": 0.03800814999960495,
  "test_r2": 0.005610169065115689
}