{
  "ticker": "AMD",
  "horizon": 1,
  "model_type": "xgb",
  "target_mode": "raw",
  "use_stationary": true,
  "use_news": false,
  "n_features": 14,
  "feature_names": [
    "LogReturn",
    "VolLogDiff",
    "RelRange",
    "RelOpen",
    "RelMACD",
    "RSI_Centered",
    "RelATR",
    "BB_Width",
    "BB_Upper_Dist",
    "BB_Lower_Dist",
    "SMA_Trend",
    "RelVWAP",
    "MACD_Signal_Rel",
    "MACD_Hist_Rel"
  ],
  "train_ratio": 0.7,
  "val_ratio": 0.15,
  "test_ratio": 0.15000000000000005,
  "train_samples": 1451,
  "val_samples": 311,
  "test_samples": 311,
  "seed": 42,
  "timestamp": "2026-04-18T15:10:21.495260",
  "val_mse": 0.0009503703960759954,
  "val_mae": 0.02261601059662269,
  "val_r2": -0.08562775010029133,
  "test_mse": 0.0014807778352213853,
  "test_mae": 0.026607901792922335,
  "test_r2": -0.0274786198393695
}