{
  "ticker": "AAPL",
  "horizon": 1,
  "model_type": "xgb",
  "target_mode": "raw",
  "use_stationary": true,
  "use_news": false,
  "n_features": 14,
  "feature_names": [
    "LogReturn",
    "VolLogDiff",
    "RelRange",
    "RelOpen",
    "RelMACD",
    "RSI_Centered",
    "RelATR",
    "BB_Width",
    "BB_Upper_Dist",
    "BB_Lower_Dist",
    "SMA_Trend",
    "RelVWAP",
    "MACD_Signal_Rel",
    "MACD_Hist_Rel"
  ],
  "train_ratio": 0.7,
  "val_ratio": 0.15,
  "test_ratio": 0.15000000000000005,
  "train_samples": 1451,
  "val_samples": 311,
  "test_samples": 311,
  "seed": 42,
  "timestamp": "2026-04-18T15:10:42.654478",
  "val_mse": 0.00019610733650236883,
  "val_mae": 0.010254970864190463,
  "val_r2": -0.06993095007649974,
  "test_mse": 0.00046228057347029775,
  "test_mae": 0.013385802115242401,
  "test_r2": -0.2312094084273959
}