{
  "ticker": "AAPL",
  "horizon": 2,
  "model_type": "xgb",
  "target_mode": "raw",
  "use_stationary": true,
  "use_news": false,
  "n_features": 14,
  "feature_names": [
    "LogReturn",
    "VolLogDiff",
    "RelRange",
    "RelOpen",
    "RelMACD",
    "RSI_Centered",
    "RelATR",
    "BB_Width",
    "BB_Upper_Dist",
    "BB_Lower_Dist",
    "SMA_Trend",
    "RelVWAP",
    "MACD_Signal_Rel",
    "MACD_Hist_Rel"
  ],
  "train_ratio": 0.7,
  "val_ratio": 0.15,
  "test_ratio": 0.15000000000000005,
  "train_samples": 1451,
  "val_samples": 311,
  "test_samples": 310,
  "seed": 42,
  "timestamp": "2026-04-18T15:10:44.894131",
  "val_mse": 0.0004421897694877716,
  "val_mae": 0.016151553604104998,
  "val_r2": -0.1350262352359879,
  "test_mse": 0.0008542455127807463,
  "test_mae": 0.020188337643594456,
  "test_r2": -0.07378917169058186
}