{
  "ticker": "AAPL",
  "horizon": 1,
  "model_type": "xgb",
  "target_mode": "raw",
  "use_stationary": true,
  "use_news": false,
  "n_features": 14,
  "feature_names": [
    "LogReturn",
    "VolLogDiff",
    "RelRange",
    "RelOpen",
    "RelMACD",
    "RSI_Centered",
    "RelATR",
    "BB_Width",
    "BB_Upper_Dist",
    "BB_Lower_Dist",
    "SMA_Trend",
    "RelVWAP",
    "MACD_Signal_Rel",
    "MACD_Hist_Rel"
  ],
  "train_ratio": 0.65,
  "val_ratio": 0.2,
  "test_ratio": 0.14999999999999997,
  "train_samples": 1348,
  "val_samples": 414,
  "test_samples": 311,
  "seed": 42,
  "timestamp": "2026-04-18T15:09:50.193130",
  "val_mse": 0.00017994853804377642,
  "val_mae": 0.010084471719818393,
  "val_r2": -0.030429636616313704,
  "test_mse": 0.0004562940493021298,
  "test_mae": 0.01340743512128992,
  "test_r2": -0.21526527124616956
}