{
  "ticker": "AMD",
  "horizon": 1,
  "model_type": "rf",
  "target_mode": "raw",
  "use_stationary": true,
  "use_news": false,
  "n_features": 14,
  "feature_names": [
    "LogReturn",
    "VolLogDiff",
    "RelRange",
    "RelOpen",
    "RelMACD",
    "RSI_Centered",
    "RelATR",
    "BB_Width",
    "BB_Upper_Dist",
    "BB_Lower_Dist",
    "SMA_Trend",
    "RelVWAP",
    "MACD_Signal_Rel",
    "MACD_Hist_Rel"
  ],
  "train_ratio": 0.65,
  "val_ratio": 0.2,
  "test_ratio": 0.14999999999999997,
  "train_samples": 1348,
  "val_samples": 414,
  "test_samples": 311,
  "seed": 42,
  "timestamp": "2026-04-18T15:10:19.344634",
  "val_mse": 0.0008676579963510874,
  "val_mae": 0.022022359358762244,
  "val_r2": -0.003608300685600696,
  "test_mse": 0.001439349022001627,
  "test_mae": 0.026174954608576106,
  "test_r2": 0.001267907030581994
}