{
  "ticker": "NVDA",
  "horizon": 1,
  "model_type": "linear",
  "target_mode": "raw",
  "use_stationary": true,
  "use_news": false,
  "n_features": 14,
  "feature_names": [
    "LogReturn",
    "VolLogDiff",
    "RelRange",
    "RelOpen",
    "RelMACD",
    "RSI_Centered",
    "RelATR",
    "BB_Width",
    "BB_Upper_Dist",
    "BB_Lower_Dist",
    "SMA_Trend",
    "RelVWAP",
    "MACD_Signal_Rel",
    "MACD_Hist_Rel"
  ],
  "train_ratio": 0.65,
  "val_ratio": 0.2,
  "test_ratio": 0.14999999999999997,
  "train_samples": 1348,
  "val_samples": 414,
  "test_samples": 311,
  "seed": 42,
  "timestamp": "2026-04-18T15:09:55.355622",
  "val_mse": 0.000994850209075263,
  "val_mae": 0.022846829350279967,
  "val_r2": -0.014684857906555493,
  "test_mse": 0.0008843795878934739,
  "test_mae": 0.020732643738727043,
  "test_r2": 0.0017797041554581394
}