{
  "ticker": "AAPL",
  "horizon": 1,
  "model_type": "linear",
  "target_mode": "raw",
  "use_stationary": true,
  "use_news": false,
  "n_features": 14,
  "feature_names": [
    "LogReturn",
    "VolLogDiff",
    "RelRange",
    "RelOpen",
    "RelMACD",
    "RSI_Centered",
    "RelATR",
    "BB_Width",
    "BB_Upper_Dist",
    "BB_Lower_Dist",
    "SMA_Trend",
    "RelVWAP",
    "MACD_Signal_Rel",
    "MACD_Hist_Rel"
  ],
  "train_ratio": 0.65,
  "val_ratio": 0.2,
  "test_ratio": 0.14999999999999997,
  "train_samples": 1348,
  "val_samples": 414,
  "test_samples": 311,
  "seed": 42,
  "timestamp": "2026-04-18T15:09:37.924651",
  "val_mse": 0.0001782157158521184,
  "val_mae": 0.009849374807413765,
  "val_r2": -0.020507070083228163,
  "test_mse": 0.0003937157324704274,
  "test_mae": 0.012734708041445853,
  "test_r2": -0.04859806334608918
}