{
  "ticker": "AMD",
  "horizon": 1,
  "model_type": "xgb",
  "target_mode": "raw",
  "use_stationary": true,
  "use_news": false,
  "n_features": 14,
  "feature_names": [
    "LogReturn",
    "VolLogDiff",
    "RelRange",
    "RelOpen",
    "RelMACD",
    "RSI_Centered",
    "RelATR",
    "BB_Width",
    "BB_Upper_Dist",
    "BB_Lower_Dist",
    "SMA_Trend",
    "RelVWAP",
    "MACD_Signal_Rel",
    "MACD_Hist_Rel"
  ],
  "train_ratio": 0.65,
  "val_ratio": 0.2,
  "test_ratio": 0.14999999999999997,
  "train_samples": 1348,
  "val_samples": 414,
  "test_samples": 311,
  "seed": 42,
  "timestamp": "2026-04-18T15:10:25.883572",
  "val_mse": 0.0009427669818691683,
  "val_mae": 0.022808247705793767,
  "val_r2": -0.09048585110181184,
  "test_mse": 0.0015140009442969513,
  "test_mae": 0.026758977406267342,
  "test_r2": -0.05053139213767466
}