{
  "ticker": "NVDA",
  "horizon": 1,
  "model_type": "rf",
  "use_stationary": true,
  "use_news": false,
  "n_features": 14,
  "feature_names": [
    "LogReturn",
    "VolLogDiff",
    "RelRange",
    "RelOpen",
    "RelMACD",
    "RSI_Centered",
    "RelATR",
    "BB_Width",
    "BB_Upper_Dist",
    "BB_Lower_Dist",
    "SMA_Trend",
    "RelVWAP",
    "MACD_Signal_Rel",
    "MACD_Hist_Rel"
  ],
  "train_samples": 1451,
  "val_samples": 311,
  "test_samples": 311,
  "seed": 42,
  "timestamp": "2026-04-18T12:56:47.547863",
  "val_mse": 0.0009674378800714808,
  "val_mae": 0.02354282332539945,
  "val_r2": -0.010660239658213388,
  "test_mse": 0.0008883851046814653,
  "test_mae": 0.020663121739275786,
  "test_r2": -0.0027414180050417958
}