{
  "ticker": "AAPL",
  "horizon": 2,
  "model_type": "linear",
  "target_mode": "raw",
  "use_stationary": true,
  "use_news": false,
  "n_features": 14,
  "feature_names": [
    "LogReturn",
    "VolLogDiff",
    "RelRange",
    "RelOpen",
    "RelMACD",
    "RSI_Centered",
    "RelATR",
    "BB_Width",
    "BB_Upper_Dist",
    "BB_Lower_Dist",
    "SMA_Trend",
    "RelVWAP",
    "MACD_Signal_Rel",
    "MACD_Hist_Rel"
  ],
  "train_ratio": 0.7,
  "val_ratio": 0.15,
  "test_ratio": 0.15000000000000005,
  "train_samples": 1451,
  "val_samples": 311,
  "test_samples": 310,
  "seed": 13,
  "timestamp": "2026-04-18T15:41:39.333386",
  "val_mse": 0.0003922353572363356,
  "val_mae": 0.014673794020697028,
  "val_r2": -0.006801720822517732,
  "test_mse": 0.0008026607960390903,
  "test_mae": 0.019169554440258668,
  "test_r2": -0.008947028029087534
}