{
  "ticker": "AAPL",
  "horizon": 1,
  "model_type": "rf",
  "target_mode": "raw",
  "use_stationary": true,
  "use_news": false,
  "n_features": 14,
  "feature_names": [
    "LogReturn",
    "VolLogDiff",
    "RelRange",
    "RelOpen",
    "RelMACD",
    "RSI_Centered",
    "RelATR",
    "BB_Width",
    "BB_Upper_Dist",
    "BB_Lower_Dist",
    "SMA_Trend",
    "RelVWAP",
    "MACD_Signal_Rel",
    "MACD_Hist_Rel"
  ],
  "train_ratio": 0.65,
  "val_ratio": 0.2,
  "test_ratio": 0.14999999999999997,
  "train_samples": 1348,
  "val_samples": 414,
  "test_samples": 311,
  "seed": 7,
  "timestamp": "2026-04-18T15:13:53.573276",
  "val_mse": 0.00017524005911301882,
  "val_mae": 0.009725418675356768,
  "val_r2": -0.0034677269149088197,
  "test_mse": 0.00039846554503666774,
  "test_mae": 0.012846103437990516,
  "test_r2": -0.06124841954843041
}