{
  "ticker": "AAPL",
  "horizon": 1,
  "model_type": "rf",
  "target_mode": "raw",
  "use_stationary": true,
  "use_news": false,
  "n_features": 14,
  "feature_names": [
    "LogReturn",
    "VolLogDiff",
    "RelRange",
    "RelOpen",
    "RelMACD",
    "RSI_Centered",
    "RelATR",
    "BB_Width",
    "BB_Upper_Dist",
    "BB_Lower_Dist",
    "SMA_Trend",
    "RelVWAP",
    "MACD_Signal_Rel",
    "MACD_Hist_Rel"
  ],
  "train_ratio": 0.65,
  "val_ratio": 0.2,
  "test_ratio": 0.14999999999999997,
  "train_samples": 1348,
  "val_samples": 414,
  "test_samples": 311,
  "seed": 21,
  "timestamp": "2026-04-18T15:15:22.370317",
  "val_mse": 0.0001753165271455592,
  "val_mae": 0.009757915730204295,
  "val_r2": -0.003905601697554717,
  "test_mse": 0.00038665394356727427,
  "test_mae": 0.012903731000806691,
  "test_r2": -0.02979013275834852
}