{
  "ticker": "AAPL",
  "horizon": 1,
  "model_type": "rf",
  "target_mode": "raw",
  "use_stationary": true,
  "use_news": false,
  "n_features": 14,
  "feature_names": [
    "LogReturn",
    "VolLogDiff",
    "RelRange",
    "RelOpen",
    "RelMACD",
    "RSI_Centered",
    "RelATR",
    "BB_Width",
    "BB_Upper_Dist",
    "BB_Lower_Dist",
    "SMA_Trend",
    "RelVWAP",
    "MACD_Signal_Rel",
    "MACD_Hist_Rel"
  ],
  "train_ratio": 0.65,
  "val_ratio": 0.2,
  "test_ratio": 0.14999999999999997,
  "train_samples": 1348,
  "val_samples": 414,
  "test_samples": 311,
  "seed": 13,
  "timestamp": "2026-04-18T15:14:39.934168",
  "val_mse": 0.00017460771776768762,
  "val_mae": 0.009711944928309334,
  "val_r2": 0.0001532153265256797,
  "test_mse": 0.0003898798597967415,
  "test_mae": 0.01280048358683909,
  "test_r2": -0.03838183797040817
}